Model,Architecture,Activation,Solver,Train_Accuracy,Test_Accuracy,Precision,Recall,F1-Score,AUC-ROC,Iterations,Training_Time,Paper_Gap,CV_Mean,CV_Std
MLP Backpropagation (Optimized),"(20, 10)",relu,adam,94.76464937560038,93.28214971209214,86.66666666666667,45.614035087719294,59.77011494252874,0.8703682698124622,47,0.587433,-4.647850287907872,92.84276425013836,1.1039072074979084
