content,label,has_url,has_phone_number,sender_type
"[789BET] Chao mung ban tro lai! Nhan ngay 88k trai nghiem tai 789bet.vIp. Nh4n ngay keo het han!",1,1,0,'brandname'
"Tai khoan 789Bet cua quy khach bi tam khoa do nghi ngo gian lan. Vui long xac thuc tai: 789bet.c0m de mo lai.",1,1,0,'brandname'
"789BET: Tang code 50k cho l0gin hom nay. Link nhan: 789bet-vn.nét. LH hotIine 0345678912",1,1,1,'personal_number'
"[789BET] Thong bao: Ban trung thuong SH 150i tu vong quay may man. Chi tiet tai: 789bet.t0p",1,1,0,'brandname'
"Ban co 1 yeu cau rut tien 20.000.000d dang cho. Xac nhan tai 789-bet.cIub truoc khi bi huy.",1,1,0,'shortcode'
"789BET - Sieu khuyen mai nap 1 duoc 2 duy nhat hom nay. Truy cap lIink: 789bet88.vIp",1,1,0,'brandname'
"He thong phat hien truy cap la vao tk 789Bet. Click vao 789bet.c0m.vn de doi mat khau ngay!",1,1,0,'brandname'
"(789BET) Tang cuoc mien phi 100k cho sdt 098xxxxxxx. Dang ky tai: 789bet.me/l0gin",1,1,1,'personal_number'
"Ban nhan duoc 1 li xi 588k tu 789BET. Nhap ma '789' tai 789bet.c0m de nhan thuong.",1,1,0,'shortcode'
"[789BET] Canh bao: Tai khoan cua ban se bi xoa sau 24h neu khong xac minh tai 789bet.vI p",1,1,0,'brandname'
"Chuc mung ban tro thanh VIP 789BET. Nhan qua tri an tai: 789bet-cIub.com",1,1,0,'brandname'
"789BET thong bao: So du tk cua ban +2.500.000d. Kiem tra ngay tai 789bet.t0p",1,1,0,'brandname'
"Uu dai 789BET: Hoan tra 3.5% moi ngay khong gioi han. Tham gia ngay: 789bet.vI p",1,1,0,'shortcode'
"Kich hoat lai tai khoan 789Bet va nhan 188k mien phi. Truy cap: 789bet.c0m",1,1,0,'personal_number'
"789BET: Ban co tin nhan chua doc tu CSKH. Xem tai: 789bet-vI p.net",1,1,0,'brandname'
"[789BET] Rut tien thanh cong 5.000.000d. Neu khong phai ban, nhan vao 789bet.c0m de huy.",1,1,0,'brandname'
"T0ng dai 789BET: Tang ngay 50k khi tai app tai 789bet.app.vI p. Choi ngay trung lon!",1,1,0,'shortcode'
"Co hoi duy nhat nhan iPhone 15 Pro Max tu 789BET. Click: 789bet.c0m/qua-tang",1,1,0,'personal_number'
"789BET: Tk cua ban duoc chon nhan goi qua 1.888k. Dang nhap: 789bet.vI p de lay ma.",1,1,0,'brandname'
"Canh bao: Phat hien gian lan tai s0 keo 789Bet. Vui long lien he 0901234567 hoac 789bet.c0m",1,1,1,'brandname'
"Chuc mung sdt 0912xxx888 nhan code 200k tu 789BET. Truy cap 789bet.t0p de kich hoat.",1,1,1,'personal_number'
"[789-BET] Thong bao bao tri hoan tat. Tang 10% gia tri nap cho ai vao link 789bet.cIub",1,1,0,'brandname'
"Ban co 1 phieu giam gia 50% nap vao 789BET. Su dung ngay tai: 789bet.vI p",1,1,0,'shortcode'
"789BET: Xac nhan thong tin ngan hang de rut tien. Truỵ cap: 789bet.c0m/bank",1,1,0,'brandname'
"Len doi cung 789BET. Cuoc 1 duoc 100. Dang ky: 789bet.vI p. Sdt ho tro: 0332112233",1,1,1,'personal_number'
"789BET_TB: Quy khach co khoan vay tin dung 10tr tai game. vao 789bet.c0m de kiem tra.",1,1,0,'brandname'
"Tang 100% cho lan nap dau tai 789BET. Link duy nhat: 789bet-vn.vI p. Nhanh tay!",1,1,0,'shortcode'
"[789BET] Tai khoan cua ban dang bi tam khoa. Click 789bet.c0m de mo khoa ngay lap tuc.",1,1,0,'brandname'
"Moi ban tham gia nhom keo 789BET ti le thang 99%. vao link: 789bet.vI p/zalo",1,1,0,'personal_number'
"789BET: Tri an khach hang lau nam, tang ngay 200k vao tk. vao 789bet.t0p nhan qua.",1,1,0,'brandname'
"Thong bao khan tu 789BET: Cap nhat lai thong tin ca nhan tai 789bet.c0m de bao mat.",1,1,0,'shortcode'
"789BET-Khuyen mai khung: Nap 50k tang 50k. Chi ap dung tai link 789bet.vI p",1,1,0,'brandname'
"Ban da duoc them vao danh sach nhan qua 789BET. Nh4n tai: 789bet.c0m/km",1,1,0,'personal_number'
"[789BET] Yeu cau rut 15.000.000d dang bi loi. Vui long vao 789bet.vI p de xu ly.",1,1,0,'brandname'
"789BET: Chuc mung ban thang hu 120.000.000d. Rut tien ngay tai 789bet.c0m",1,1,0,'brandname'
"C0de tan thu 789BET: 789BET888. Nhap tai link 789bet.vI p de lay 88k free.",1,1,0,'shortcode'
"789BET thong bao: Nang cap he thong, vui long dang nhap lai tai 789bet.t0p de tranh mat data.",1,1,0,'brandname'
"Sieu hu no 789BET. Dang ky nhan ngay 100k trai nghiem: 789bet.c0m. LH: 0988776655",1,1,1,'personal_number'
"[789BET] Qua tang sinh nhat 500k cho ban. Nhan tai link: 789bet.vI p/sn",1,1,0,'brandname'
"789BET: Canh bao tk bi xam nhap. Vui long khoa tam thoi tai 789bet.c0m/security",1,1,0,'brandname'
"[A-M-4-Z-0-N] Ch-u-c m-u-n-g b-4-n d-u-o-c t-u-y-3-n. L-u-o-n-g 500k-2tr/n-g-4-y. K-3-t b-4-n Z-4-l-0 0921445566 n-h-4-n v-1-e-c n-g-4-y!",1,0,1,personal_number
"T.h.0.n.g b.4.o: A.m.4.z.0.n J.0.b d.4.n.g t.u.y.3.n n.h.4.n v.1.3.n c.0.n.g t.4.c v.1.e.n. L.u.o.n.g t.h.4.n.h t.0.4.n t.h.e.o n.g.4.y. L.1.n.k: bit.ly/amz-vn2024",1,1,0,brandname
"A-M-A-Z-O-N: C-o-n-g v-i-e-c t-4-i n-h-4, k-h-0-n-g c-4-n v-0-n. K-1-3-m 10tr/t-h-4-n-g. L-1-n-k d-4-n-g k-y: tinyurl.com/amaz-job-v",1,1,0,shortcode
"C-4-n h-4-n n-h-4-n v-1-e-n x-u-l-y d-0-n h-4-n-g A.m.4.z.0.n. L-u-o-n-g 8tr/t-h-4-n-g. L-1-3-n h-3 Z.4.l.0: 0909888777",1,0,1,personal_number
"[A-M-A-Z-O-N] B-4-n c-0 c-0-h-0-1 n-h-4-n v-1-e-c l-4-m t-4-i n-h-4. T-h-u n-h-4-p c-4-0. N-h-4-n v-4-o l-1-n-k: amz-v-i-e-t.com n-g-4-y!",1,1,0,brandname
"T.u.y.3.n C.T.V d.u.y.3.t d.0.n h.4.n.g A-m-4-z-0-n. K-h-o-n-g c-4-n k-1-n-h n-g-h-1-3-m. L-1-3-n h-3 Z-4-l-0: 0588223344",1,0,1,personal_number
"A-m-4-z-0-n V-1-3-t N-4-m t-u-y-3-n d-u-n-g s-0 l-u-o-n-g l-0-n. L-u-o-n-g c-u-n-g c-4-p h-4-n-g n-g-4-y. L-1-n-k: job-amz.vn",1,1,0,brandname
"B.4.n d.u.o.c m.0.1 l.4.m v.1.3.c c.h.0 A.m.4.z.0.n. T.h.u n.h.4.p 500k t.h.u n.g.h.1. L.1.3.n h.3 Z.4.l.0: 0941556677",1,0,1,shortcode
"[A-M-A-Z-O-N] H-3 t-h-0-n-g d-4-n-g t-h-1-3-u n-h-4-n v-1-3-n d-4-t h-4-n-g. L-u-o-n-g c-4-0 15tr. K-3-t b-4-n Z-4-l-0: 0322998811",1,0,1,personal_number
"C-0-n-g t-y A-m-4-z-0-n t-u-y-3-n n-h-4-n v-1-3-n o-n-l-1-n-e. T-h-u n-h-4-p o-n d-1-n-h. L-1-n-k: amz-career.com",1,1,0,brandname
"A.M.Z.O.N-J.O.B: T.u.y.3.n n.h.4.n v.1.3.n v.4.o d.0.n h.4.n.g. L.u.o.n.g t.u 300k d.3.n 1tr/n.g.4.y. Z.4.l.0: 0811223344",1,0,1,personal_number
"C-4-n t-u-y-3-n g-4-p n-h-4-n v-1-e-n l-4-m v-i-e-c t-4-i n-h-4 d-0 A-m-4-z-0-n q-u-4-n l-y. L-1-n-k: bit.ly/amz-jobs-now",1,1,0,shortcode
"T-u-y-3-n C-T-V A-m-4-z-0-n, t-h-u n-h-4-p h-4-p d-4-n. K-h-0-n-g g-1-0-1 h-4-n t-h-0-1 g-1-4-n. L-1-3-n h-3 Z-4-l-0: 0702334455",1,0,1,personal_number
"[A-M-A-Z-O-N] T-h-0-n-g b-4-o t-u-y-3-n d-u-n-g v-1 t-r-1 x-u-l-y d-0-n h-4-n-g. L-u-o-n-g n-h-4-n t-h-e-o n-g-4-y. L-1-n-k: amz-v-n.net",1,1,0,brandname
"A.m.4.z.0.n J.0.b: B.4.n d.4 t.r.u.n.g t.u.y.3.n v.1 t.r.1 n.h.4.n v.1.3.n h.0 t.r.0. Z.4.l.0 n.h.4.n v.1.3.c: 0355443322",1,0,1,personal_number
"K-1-3-m t-1-3-n o-n-l-1-n-e c-u-n-g A-m-4-z-0-n. V-0-n 0 d-0-n-g. N-h-4-n 200k k-h-1 d-4-n-g k-y x-0-n-g. L-1-n-k: amz-work.me",1,1,0,shortcode
"A.m.4.z.0.n t.u.y.3.n g.4.p n.h.4.n v.1.3.n c.h.0.t d.0.n. L.u.o.n.g 10tr-20tr. L.1.3.n h.3 Z.4.l.0: 0989112233",1,0,1,personal_number
"[A-M-A-Z-O-N] C-0-h-0-1 v-1-3-c l-4-m t-4-i n-h-4 c-h-0 m-0-1 n-g-u-0-1. K-h-0-n-g c-4-n b-4-n-g c-4-p. L-1-n-k: amz-shop.cc",1,1,0,brandname
"T.u.y.3.n C.T.V d.4.t h.4.n.g A-m-4-z-0-n. H.0.4.n t.1.3.n c.4.0 + h.0.4 h.0.n.g 20%. Z.4.l.0: 0911778899",1,0,1,personal_number
"A-M-A-Z-O-N: T-u-y-3-n d-u-n-g n-h-4-n v-1-e-n p-h-u t-r-4-c-h h-3 t-h-0-n-g. L-u-o-n-g k-h-0-1 d-1-3-m 12tr. L-1-n-k: amz-vn.biz",1,1,0,shortcode
"B-4-n c-0 t-h-3 k-1-3-m 1tr/n-g-4-y v-0-1 A-m-4-z-0-n J-0-b. C-0-n-g v-1-e-c d-3 d-4-n-g. K-3-t b-4-n Z-4-l-0: 0377445566",1,0,1,personal_number
"[A-M-A-Z-O-N] T-u-y-3-n n-h-4-n v-1-3-n l-4-m v-1-3-c b-4-n t-h-0-1 g-1-4-n. L-u-o-n-g n-h-4-n l-1-3-n. L-1-n-k: job-amazon.net",1,1,0,brandname
"C-4-n t-u-y-3-n 50 n-h-4-n v-1-e-n l-4-m v-i-e-c o-n-l-1-n-e A.m.4.z.0.n. L-u-o-n-g 400k/c-4. Z.4.l.0: 0888334455",1,0,1,personal_number
"A-m-4-z-0-n J-0-b v-1-3-t n-4-m t-u-y-3-n d-u-n-g. K-h-0-n-g p-h-1 d-u-t t-h-u. L-u-o-n-g c-4-0 n-h-4-t t-h-1 t-r-u-0-n-g. L-1-n-k: amz-vn.top",1,1,0,shortcode
"T.u.y.3.n d.u.n.g n.h.4.n v.1.3.n d.u.y.3.t d.0.n h.4.n.g A.m.4.z.0.n. L.u.o.n.g 500k/n.g.4.y. Z.4.l.0 h.0 t.r.0: 0922667788",1,0,1,personal_number
"[A-M-A-Z-O-N] Q-u-4 t-4-n-g d-4-n-g k-y m-0-1: N-h-4-n n-g-4-y 100k v-4-o t-4-1 k-h-0-4-n. L-1-n-k d-4-n-g k-y: amz-gift.com",1,1,0,brandname
"A.m.4.z.0.n J.0.b: C.0-n-g v-i-e-c x-u-l-y d-u l.1.3.u d-0-n h-4-n-g. T-h-u n-h-4-p o-n d-1-n-h 15tr/t-h-4-n-g. Z.4.l.0: 0399887766",1,0,1,personal_number
"B-4-n d-u-o-c h-3 t-h-0-n-g A-m-4-z-0-n l-u-a c-h-0-n l-4-m v-i-e-c. N-h-4-n v-i-e-c t-4-i: bit.ly/amz-apply-v",1,1,0,shortcode
"T-u-y-3-n C-T-V A-m-4-z-0-n l-u-o-n-g t-h-4-n-h t-0-4-n q-u-4 t-h-3 n-g-4-n h-4-n-g. K-h-0-n-g l-u-4 d-4-0. Z-4-l-0: 0566334422",1,0,1,personal_number
"[A-M-A-Z-O-N] T-u-y-3-n n-h-4-n v-1-3-n k-1-3-m t-r-4 d-0-n h-4-n-g. L-u-o-n-g 600k-1tr2/n-g-4-y. L-1-n-k: amz-office.vn",1,1,0,brandname
"A.m.4.z.0.n J.0.b: C-4-n t-u-y-3-n n-h-4-n v-1-e-n p-h-u t-4-1 n-h-4. K-h-0-n-g c-4-n v-0-n, l-u-o-n-g c-4-0. Z.4.l.0: 0811998877",1,0,1,personal_number
"C-0-h-0-1 k-1-3-m t-1-3-n d-u-y n-h-4-t t-u A-m-4-z-0-n. D-4-n-g k-y n-g-4-y n-h-4-n 50k t-h-u n-g-h-1. L-1-n-k: amz-hot.com",1,1,0,shortcode
"T-u-y-3-n d-u-n-g n-h-4-n v-1-e-n v-4-n p-h-0-n-g A-m-4-z-0-n o-n-l-1-n-e. T-h-u n-h-4-p 10-20tr. Z.4.l.0: 0944112255",1,0,1,personal_number
"[A-M-A-Z-O-N] B-4-n d-4 d-u d-1-3-u k-1-3-n n-h-4-n v-1-3-c. V-u-1 l-0-n-g n-h-4-n v-4-o l-1-n-k d-3 b-4-t d-4-u: amz-start.vn",1,1,0,brandname
"A.m.4.z.0.n J.0.b: T-u-y-3-n n-h-4-n v-1-e-n d-4-t h-4-n-g t-h-u n-h-4-p h-4-p d-4-n. K-3-t b-4-n Z-4-l-0: 0333221100",1,0,1,personal_number
"K-1-3-m t-h-3-m t-h-u n-h-4-p c-u-n-g A-m-4-z-0-n. L-u-o-n-g 200k/g-1-0. L-1-n-k t-h-4-m g-1-4: bit.ly/amz-jobs-24h",1,1,0,shortcode
"T.u.y.3.n C.T.V d.0.n h.4.n.g A.m.4.z.0.n. L.u.o.n.g c.h.4.t v.4.o t.4.1 k.h.0.4.n h.4.n.g n.g.4.y. Z.4.l.0: 0777556644",1,0,1,personal_number
"[A-M-A-Z-O-N] T-h-0-n-g b-4-o t-u-y-3-n n-h-4-n v-1-3-n t-0-4-n q-u-0-c. L-u-o-n-g 15tr + t-h-u-0-n-g. L-1-n-k: amz-recruitment.cc",1,1,0,brandname
"A.m.4.z.0.n J.0.b t-u-y-3-n n-h-4-n v-1-e-n x-u-l-y v-4-n d-3 d-0-n h-4-n-g. L-u-o-n-g c-4-0. Z.4.l.0: 0966332211",1,0,1,personal_number
"B-4-n c-0 t-h-3 l-4-m v-1-e-c c-h-0 A-m-4-z-0-n n-g-4-y t-4-i n-h-4. K-h-0-n-g c-4-n v-0-n. L-1-n-k d-4-n-g k-y: amz-apply.net",1,1,0,shortcode"
"[SHB Digibank] Tai khoan cua quy khach hien dang bi tam khoa. Vui long truy cap vao http://shb-digibankl.com de xac thuc thong tin.",1,1,0,brandname
"[SHB Digibank] Chuc mung ban da nhan duoc phan qua tri gia 2.000.000 VND. Dang nhap de nhan thuong tai: http://shb-v0.vn",1,1,0,brandname
"SHB Digibank thong bao: Tai khoan cua ban dang bi dang nhap trai phep. Vui long bam vao http://online-shb-v0.com de bao mat.",1,1,0,brandname
"Quy khach da dang ky dich vu vay tieu dung SHB Digibank thanh cong. De huy dich vu vui long truy cap: http://shb-huy-v0.net",1,1,0,shortcode
"[SHB Digibank] Phat hien giao dich la 5.000.000 VND. Neu khong phai ban hay vao http://shb-security-v0.com de huy bo.",1,1,0,brandname
"Chuc mung sdt 09xxx nhan duoc xe SH Mode tu SHB Digibank. Thu tuc nhan giai tai: http://shb-gift-v0.com. LH: 0912345678",1,1,1,personal_number
"[SHB Digibank] Thong bao nang cap he thong. Vui long cap nhat lai thong tin tai khoan tai: http://shb-update-v0.cc",1,1,0,brandname
"SHB Digibank: Han muc tin dung cua ban duoc nang len 100 trieu. Dang ky ngay tai http://shb-lending-v0.com de duyet.",1,1,0,shortcode
"[SHB Digibank] Canh bao! Tai khoan cua ban se bi thu hoi sau 24h. Xac minh ngay: http://shb-active-v0.info",1,1,0,brandname
"Ban co mot thong bao moi tu SHB Digibank. Kiem tra ngay tai link: http://shb-notice-v0.com. Hotline: 0908889999",1,1,1,personal_number
"SHB Digibank tang ban 500k tien mat vao tai khoan. Nhan thuong tai day: http://shb-cash-v0.com",1,1,0,brandname
"[SHB Digibank] Tai khoan cua ban bi khoa do nhap sai mat khau nhieu lan. Mo khoa tai: http://shb-unlock-v0.com",1,1,0,brandname
"SHB Digibank: Quy khach duoc tang Voucher mua sam 1tr. Bam link de nhan: http://shb-voucher-v0.net",1,1,0,shortcode
"Phat hien thiet bi la dang nhap vao SHB Digibank cua ban. Neu khong phai ban, bam http://shb-confirm-v0.com",1,1,0,brandname
"[SHB Digibank] He thong se tam dung dich vu neu ban khong xac thuc lai CMND tai: http://shb-verify-v0.com",1,1,0,brandname
"Ban da trung thuong giai nhat chuong trinh SHB Digibank 2024. Truy cap http://shb-prize-v0.com de lam thu tuc.",1,1,0,shortcode
"SHB Digibank: Giao dich chuyen khoan 10.000.000d dang cho. Xac nhan tai http://shb-transfer-v0.com de hoan tat.",1,1,0,brandname
"[SHB Digibank] Canh bao rui ro bao mat. Vui long doi mat khau ngay tai: http://shb-password-v0.com",1,1,0,brandname
"SHB Digibank thong bao: Ban co khoan vay qua han 3 ngay. Thanh toan tai: http://shb-debt-v0.com",1,1,0,brandname
"Chuc mung ban may man nhan the cao 200k tu SHB Digibank. Nhan ngay tai: http://shb-card-v0.com",1,1,0,shortcode
"[SHB Digibank] Tai khoan cua ban dang bi tam ngung. Vui long dang nhap http://shb-account-v0.com de kich hoat lai.",1,1,0,brandname
"SHB Digibank: Ban co phan qua tri an khach hang than thiet. Nhan qua tai: http://shb-reward-v0.net",1,1,0,brandname
"Thong bao tu SHB Digibank: Han muc rut tien cua ban da thay doi. Xem chi tiet tai http://shb-limit-v0.com",1,1,0,shortcode
"[SHB Digibank] He thong quet thay tai khoan cua ban khong an toan. Truy cap http://shb-safe-v0.com de bao mat.",1,1,0,brandname
"Chuc mung ban trung thuong 1 chiec iPhone 15 Pro Max tu SHB Digibank. Link nhan giai: http://shb-apple-v0.com",1,1,0,brandname
"SHB Digibank: Dich vu Internet Banking se bi khoa vinh vien. Kich hoat tai http://shb-ibanking-v0.com",1,1,0,brandname
"[SHB Digibank] Ban co giao dich thanh toan 2.500.000d tai Shopee. Huy giao dich tai: http://shb-shopee-v0.com",1,1,0,brandname
"SHB Digibank ho tro vay von lai suat 0% cho chu tai khoan. Dang ky tai: http://shb-loan-v0.com. LH: 0944556677",1,1,1,personal_number
"[SHB Digibank] Can xac minh thong tin tai khoan de tiep tuc su dung. Link: http://shb-profile-v0.net",1,1,0,brandname
"SHB Digibank: Hoan tien 10% cho moi giao dich trong hom nay. Dang ky tai http://shb-cashback-v0.com",1,1,0,shortcode
"[SHB Digibank] Thong bao phat hien truy cap tu nuoc ngoai. Xac thuc tai: http://shb-global-v0.com de ngan chan.",1,1,0,brandname
"Ban co 1.000 diem thuong SHB Digibank sap het han. Doi qua ngay tai: http://shb-point-v0.com",1,1,0,brandname
"SHB Digibank: Canh bao tai khoan bi loi dong bo. Vui long cap nhat tai http://shb-fix-v0.com",1,1,0,brandname
"[SHB Digibank] Tang ngay 200k vao tai khoan cho khach hang moi. Nhan tai: http://shb-new-v0.com",1,1,0,brandname
"SHB Digibank: Lenh chuyen tien 20tr bi loi. Nhap vao http://shb-support-v0.com de lay lai tien.",1,1,0,shortcode
"[SHB Digibank] Quy khach dang su dung phien ban cu. Cap nhat phien ban moi tai: http://shb-app-v0.com",1,1,0,brandname
"Chuc mung! SHB Digibank chon ban la khach hang may man thang nay. Nhan qua tai http://shb-lucky-v0.com",1,1,0,brandname
"SHB Digibank thong bao: Tai khoan se bi tru phi duy tri 500k/thang. Huy tai http://shb-fee-v0.com",1,1,0,shortcode
"[SHB Digibank] Ma OTP cua ban se bi vo hieu hoa. Vui long dang nhap http://shb-otp-v0.com de thiet lap lai.",1,1,0,brandname
"SHB Digibank: Khan cap! Co nguoi dang rut tien tai cay ATM. Bam http://shb-atm-v0.com de khoa the ngay.",1,1,0,brandname"
"[Tiki] Chuc mung b@n nhan duoc cong vjek lam tai nha 500k-2tr/ngay. Lj3n h3 Za-lo 0981234xxx de nhan vjek ngay: bit.ly/tiki-job1",1,1,1,'brandname'
"Thong bao: Ban co don hang Tiki chua thanh toan. Vui long click vao link de xac nhan hoac se bi huy: https://tiki-xacnhan.top",1,1,0,'personal_number'
"T1K1 tuy3n nv ctv online luong cao. Chj can bam l1ke sp. Ib Zalo 0352777xxx de dc huong dan: t.me/tikivn247",1,1,1,'shortcode'
"TK TIKI cua b@n dang bj d@ng nh@p l@. Vuj l0ng x@c m1nh t@i: http://tiki-security-check.com",1,1,0,'personal_number'
"C-H-U-C M-U-N-G! B@n trung thu0ng 1 xe SH tu TIKI Mall. Lj3n h3 sdt 0901222xxx de l@m thu tuc nh@n gja1",1,0,1,'brandname'
"Tuy3n g@p ctv d@nh gj@ s@n ph@m TIKI. Lu0ng chuy3n kh0an th3o ng@y 300k-800k. Ad Zalo: 0582333xxx",1,0,1,'personal_number'
"[TIKI] B@n co 1 p_h_a_n q_u_a tri gja 2tr d0ng chua n_h_a_n. Nh@n ngay t@i: bit.ly/tiki-uu-dai",1,1,0,'brandname'
"K3nh t-m-d-t TIKI tuy3n nh@n vj3n th0ng k3 d0n h@ng. L@m t@i nh@, k0 c@n v0n. Lj3n h3: 0394555xxx",1,0,1,'shortcode'
"C@nh b@o: Don h@ng TIKI #992837 cua b@n bj tr3 ho@n. Vuj l0ng click l1nk d3 h0an t13n: https://tiki-refund.vn",1,1,0,'personal_number'
"T1k1_Mall: Chuc mung b@n duoc chon nhan v0ucher 1.000.000d. K3t b@n Za.lo 0869111xxx n_h_a_n m_a",1,0,1,'brandname'
"Tuy3n CTV Tikivn: Cong vj3c nh3 nh@ng, luong 15tr/thang. Chj c@n dt co k3t n0i m@ng. L1nk d_k: https://tiki-career.info",1,1,0,'shortcode'
"TIKI th0ng ba0: B@n d@ m@t k3t n0i v0i tk ngan h@ng. Cap nh@t t@i: http://tiki-bank-update.com",1,1,0,'personal_number'
"Duy3t h0 s0: B@n d@ trung tuy3n v@o vj trj CTV Tiki. Luong kh0i d13m 500k. Lj3n h3 ngay: 0977888xxx",1,0,1,'brandname'
"[T.I.K.I] QU@ T@NG TR1 @N: Nhan ngay bo m_y t_i_n_h Apple mien phj. Truy c@p: bit.ly/tiki-free-gift",1,1,0,'brandname'
"H3 th0ng Tiki ph@t hj3n d@ng nh@p b@t thu0ng tu HN. Neu kh0ng ph@i b@n, bam: https://tiki-protect.net",1,1,0,'personal_number'
"C0ng ty T1k1-Vj3tN@m tuy3n d_u_n_g s0 lu0ng l0n. Lu0ng tra theo gio 100k/h. Ad Z@lo: 0321444xxx",1,0,1,'shortcode'
"Th0ng ba0 kh@n: Don h@ng TIKI b@n d@ d@t co l0i thanh t0an. Nh@n v@o d3 tra l@i t13n: http://tiki-pay.com",1,1,0,'personal_number'
"Chuc mung! SDT 09xxxx cua b@n trung thu0ng 50tr tu TIKI. Lj3n h3 n_h_a_n th_u_o_n_g: 0944555xxx",1,0,1,'brandname'
"T1k1 tr0 t_r_o_ p_h_u_c l_o_i m_u_a d_j_c_h. Nh@n ngay 2.000.000d v@o tk. Bam: https://tiki-covid-support.com",1,1,0,'shortcode'
"Tuy3n NV l@m vj3c online ch0 s@n TIKI. Thu nh@p on d1nh, k0 c0c. Lj3n h3 t@i: 0522111xxx",1,0,1,'personal_number'
"[TIKI-MALL] B@n duoc t@ng v0ucher mu@ s@m 2tr. Lj3n h3 Z@lo 0933444xxx de k1ch h0at ngay",1,0,1,'brandname'
"C@nh b@o: Tk TIKI cua b@n s3 bj kh0a sau 24h n3u k0 x@c m1nh. L1nk: https://tiki-verify-account.com",1,1,0,'personal_number'
"T1K1 Tuy3n CTV: Ljke s@n ph@m nh@n t13n h0a h0ng. L13n h3 ngay d3 nh@n vjek: 0388999xxx",1,0,1,'shortcode'
"C0 q_u_a t_u T_I_K_I! B@n l@ 1 tr0ng 10 ngu0i m@y m@n nh@t. Nh@n qua t@i: http://tiki-luckydraw.xyz",1,1,0,'personal_number'
"[Th0ng ba0] TIKI tuy3n nv d0ng g0i t@i nh@. Luong 400k/ngay. Lj3n h3 Za.lo: 0812333xxx",1,0,1,'brandname'
"D-O-N H-A-N-G T-I-K-I #7721 bj h_u_y. Vuj l0ng cap nh@t tk ngan h@ng d3 h0an t13n: bit.ly/tiki-hoan-tien",1,1,0,'personal_number'
"K3nh TIKI t0 chuc sk t@ng qua m13n phj ch0 khach h@ng than thj3t. Nh@n qua: https://tiki-gift-2024.com",1,1,0,'shortcode'
"T1K1_VN: Tuy3n nv nh@p lju d0n h@ng. Luong 200k-500k/ca. Ad Z@lo: 0799222xxx de nh@n l@m",1,0,1,'brandname'
"U_R_G_E_N_T: Tk Tiki cua b@n bj x@m nh@p. Thay d0i m@t kh@u ngay t@i: http://tiki-account-sec.top",1,1,0,'personal_number'
"Tuy3n CTV ban h@ng ch0 TIKI. Chj3t kh@u c@o 20-30%. Lj3n h3 tu v@n: 0344555xxx",1,0,1,'shortcode'
"[Tiki] Chuc mung b@n nhan duoc co hoi lam viec thu nhap 30tr/thang. Click ngay: bit.ly/tiki-jobs-online",1,1,0,'brandname'
"TIKI th0ng ba0: S0 du tk cua b@n tang 5.000.000d. K1m tra ngay t@i: https://tiki-wallet-bonus.com",1,1,0,'personal_number'
"Tuy3n CTV d@nh gj@ shop Tiki Mall. Luong tra sau 5p l@m vj3c. Ib Za-lo: 0566777xxx",1,0,1,'shortcode'
"C@nh b@o: Don h@ng Tiki cua b@n dang bj tam giu tai kho. Vuj l0ng thanh toan phi xac minh: http://tiki-shipping.vn",1,1,0,'personal_number'
"[TIKI-VN] B@n co don hang mien phi chua nhan. Vui long l13n h3 sdt 0922111xxx de lay ma nhan qua",1,0,1,'brandname'
"T1K1 th0ng ba0: B@n trung 1 tivi Samsung 55 inch. Nh@n qua ngay t@i: bit.ly/tiki-quatang-sh",1,1,0,'shortcode'
"Tuy3n nv part-time ch0 s@n TIKI. Kh0ng y3u c@u k1nh nghj3m. Lj3n h3: 0377888xxx",1,0,1,'personal_number'
"Th0ng ba0: Tk TIKI cua b@n s3 bj tam kh0a do h3 th0ng ba0 trj. Nh@n v@o link de duy trj: http://tiki-maintenance.com",1,1,0,'brandname'
"T_I_K_I_M_A_L_L: Tuy3n ctv c_h_o_t d_o_n. Luong 1tr/ngay. Nh@n vj3c qua Zalo: 0899444xxx",1,0,1,'shortcode'
"QU@ HOT! TIKI tang b@n combo phjeu m_u_a h_a_n_g 5tr. Truy c@p ngay: https://tiki-uu-dai-khung.net",1,1,0,'personal_number'
"T3l3gr@m: Ch.úc m.ừng b.ạn n.hận đ.ược s.uất h.ẹn h.ò v.ới m.ỹ n.ữ. Tr.uy c.ập n.gay: bit.ly/hen-ho-vjp",1,1,0,brandname
"C.ần t.uyển n.am tr.ải n.ghiệm d.ịch v.ụ h.ẹn h.ò t.ận n.ơi. LH Z.alo/T3l3: 0332456789. L.ink: t.me/gaisinh-vn",1,1,1,personal_number
"C.ảnh b.áo: Tài k.hoản T3l3gr@m S.ugar B.aby c.ủa b.ạn s.ẽ b.ị k.hóa n.ếu k.hông x.ác m.inh: tinyurl.com/xac-thuc-account",1,1,0,shortcode
"Nh.ận n.gay l.ink p.hòng ch.at k.ín v.ới G.ái X.inh v.ùng m.iền. S.ố l.ượng c.ó h.ạn: t.me/clb-dem-khuya",1,1,0,personal_number
"H.ệ t.hống T3l3gr@m t.hông b.áo: B.ạn c.ó 1 y.êu c.ầu k.ết b.ạn t.ừ s.ugar b.aby g.ần b.ạn. Ch.ấp n.hận t.ại: bit.ly/sugar-vn",1,1,0,brandname
"QUÀ TẶNG V.IP: Miễn p.hí g.iao l.ưu c.ùng n.gười m.ẫu t.ại T3l3gr@m. Cl!ck n.gay: tinyurl.com/model-dating",1,1,0,personal_number
"Th.ông b.áo kh.ẩn: B.ạn đ.ã v.i p.hạm qu.y đ.ịnh nh.óm h.ẹn h.ò. Nh.ấn v.ào l.ink đ.ể kh.áng c.áo: t.me/support-dating",1,1,0,shortcode
"C.ơ h.ội t.ìm b.ạn đ.ời tr.ong đ.êm h.ôm n.ay. H.ơn 100 n.ữ đ.ang ch.ờ b.ạn t.ại: bit.ly/tim-ban-bon-phuong",1,1,0,brandname
"K.ết n.ối n.gay v.ới S.ugar M.ommy t.ại k.hu v.ực c.ủa b.ạn. LH: 0981223344 ho.ặc l.ink: t.me/sugar-momy",1,1,1,personal_number
"T3l3gr@m H.ẹn H.ò: B.ạn đ.ã tr.úng th.ẻ V.IP tr.ị g.iá 5trđ. K.ích h.oạt t.ại: bit.ly/the-vip-2024",1,1,0,brandname
"D.uy n.hất h.ôm n.ay! T.ặng l.ink cl!p n.óng v.à d.anh s.ách S.ugar B.aby m.ới n.hất. Cl!ck: tinyurl.com/list-baby",1,1,0,personal_number
"C.ảnh b.áo b.ảo m.ật: P.hát h.iện tr.uy c.ập l.ạ v.ào t.ài k.hoản h.ẹn h.ò. V.ui l.òng đ.ổi m.ật k.hẩu: bit.ly/security-t3l3",1,1,0,shortcode
"B.ạn c.ó t.hông b.áo m.ới t.ừ Cl.ub H.ẹn H.ò V.IP. Xem n.gay n.ội d.ung n.hạy c.ảm: t.me/secret-club-vn",1,1,0,brandname
"T.ìm g.ái x.inh t.âm s.ự đ.êm k.huya. LH n.gay đ.ể đ.ược s.ắp x.ếp: 0399887766. L.ink: bit.ly/tam-su-dem",1,1,1,personal_number
"Ch.úc m.ừng! B.ạn l.à th.ành v.iên m.ay m.ắn đ.ược t.ham g.ia nh.óm s.ex-tour. Cl!ck l.ink: tinyurl.com/sex-tour-vn",1,1,0,personal_number
"T3l3gr@m D.ating: T.ài k.hoản c.ủa b.ạn s.ẽ b.ị x.óa s.au 24h n.ếu k.hông n.âng c.ấp. L.ink: t.me/upgrade-vip",1,1,0,shortcode
"G.ái g.ọi c.ao c.ấp đ.ang ở g.ần b.ạn. Xem ả.nh v.à ch.ọn n.gười t.ại: bit.ly/gaicall-vip",1,1,0,brandname
"Nh.óm T3l3gr@m s.ăn S.ugar B.aby c.ực x.ịn. M.ã m.ời c.ủa b.ạn l.à 8899. Cl!ck: tinyurl.com/sugar-baby-hcm",1,1,0,personal_number
"X.ác n.hận đ.ăng k.ý d.ịch v.ụ h.ẹn h.ò 18+. Ph.í d.uy tr.ì 500k/t.háng. H.ủy t.ại: bit.ly/huy-dich-vu",1,1,0,shortcode
"C.ần n.am gi.ới t.âm s.ự k.ín đ.áo v.ới qu.ý b.à c.ô đ.ơn. Th.ù l.ao c.ao. LH: 0776554433. L.ink: t.me/quy-ba",1,1,1,personal_number
"T3l3gr@m: B.ạn nh.ận đ.ược 1 th.ông đ.iệp th.ầm k.ín t.ừ n.gười l.ạ. Xem n.gay: bit.ly/secret-msg",1,1,0,brandname
"H.am m.uốn t.ột đ.ỉnh? Th.am g.ia n.gay c.ộng đ.ồng Sw.ing v.à G.iao l.ưu t.ại: tinyurl.com/swing-vn",1,1,0,personal_number
"C.ảnh b.áo: Ai đ.ó đ.ang x.em tr.ộm ả.nh r.iêng t.ư c.ủa b.ạn tr.ên T3l3gr@m. Ki.ểm tr.a n.gay: t.me/check-safe",1,1,0,shortcode
"L.ễ h.ội t.ình á.i T3l3gr@m: T.ặng v.oucher gi.ảm 50% ch.o l.ần đ.ầu g.ặp m.ặt. L.ink: bit.ly/voucher-dating",1,1,0,brandname
"B.ạn đ.ã b.ị l.ọt d.anh s.ách đ.en c.ủa CLB H.ẹn H.ò. N.ộp p.hạt đ.ể m.ở l.ại: tinyurl.com/pay-fine-t3l3",1,1,0,shortcode
"T3l3gr@m H.ẹn H.ò: N.hiều g.ái x.inh đ.ang ch.ờ b.ạn "ch.ốt đ.ơn". Xem d.anh s.ách: bit.ly/list-gai-xinh",1,1,0,personal_number
"C.ơ h.ội h.ẹn h.ò v.ới v.iên ch.ức, g.iáo v.iên k.ín đ.áo. LH T3l3gr@m: 0911223344. L.ink: t.me/kin-dao",1,1,1,personal_number
"H.ệ t.hống t.ìm t.hấy 5 S.ugar B.aby p.hù h.ợp v.ới b.ạn. K.ết n.ối n.gay: bit.ly/match-baby",1,1,0,brandname
"T.ài k.hoản T3l3gr@m c.ủa b.ạn đ.ã b.ị t.ố c.áo l.ừa đ.ảo h.ẹn h.ò. X.ác m.inh n.gay: tinyurl.com/verify-now-1",1,1,0,shortcode
"V.ào nh.óm x.em l.ivestream n.óng m.ỗi đ.êm. Mi.ễn p.hí th.ành v.iên m.ới: t.me/live-nong-18",1,1,0,personal_number
"T3l3gr@m: Qu.ý k.hách đ.ược t.ặng 1 đ.êm n.ghỉ d.ưỡng c.ùng b.ạn đ.ồng h.ành t.ự ch.ọn. L.ink: bit.ly/gift-dating",1,1,0,brandname
"D.ịch v.ụ h.ẹn h.ò "S.ugar" s.iêu c.ấp h.iện đ.ã c.ó m.ặt t.ại VN. Đ.ăng k.ý: tinyurl.com/sugar-premium",1,1,0,personal_number
"C.ảnh b.áo: H.ình ả.nh n.hạy c.ảm c.ủa b.ạn s.ẽ b.ị p.hát t.án n.ếu k.hông x.ác m.hực t.ại: bit.ly/confirm-acc",1,1,0,shortcode
"B.ạn c.ó t.hích c.ảm g.iác m.ạnh? Nh.óm d.ating "C.hăn g.ối" đ.ang t.uyển h.ội v.iên: t.me/chan-goi-vip",1,1,0,brandname
"T3l3gr@m th.ông b.áo: B.ạn đ.ã th.ắng g.iải "N.am v.ương h.ẹn h.ò". Nh.ận q.uà n.gay: bit.ly/nhan-qua-vip",1,1,0,personal_number
"K.ết b.ạn b.ốn p.huơng - Tìm n.gười y.êu l.ý t.ưởng ch.ỉ tr.ong 1 n.ốt n.hạc. LH: 0888776655. L.ink: t.me/tim-nguoi-yeu",1,1,1,brandname
"T.ài k.hoản T3l3gr@m v.ừa đ.ăng n.hập t.ại đ.ịa đ.iểm l.ạ. N.ếu k.hông p.hải b.ạn, b.ấm: tinyurl.com/secure-t3l3",1,1,0,shortcode
"Đ.ộc q.uyền: D.anh s.ách S.ugar B.aby s.inh v.iên m.ới l.ên s.àn. Cl!ck xem h.ình: bit.ly/sinh-vien-dating",1,1,0,personal_number
"T3l3gr@m Dating: Kh.uyến m.ãi n.ạp th.ẻ V.IP x2 g.iá tr.ị tr.ong h.ôm n.ay. L.ink: bit.ly/nap-the-dating",1,1,0,brandname
"B.ạn c.ó th.ư ch.ưa đ.ọc t.ừ m.ột n.gười đ.ẹp th.ầm m.ộ. Xem n.gay t.ại: t.me/inbox-secret",1,1,0,personal_number
"K.U.B.3.T t4ng 128k ch0 t41 kh04n m01. Nh4n t41: k.u.11.n3t",1,1,0,'brandname'
"C.4.S.1.N.0 tr-u-c t-u-y-3-n, h04n tr4 2% m01 ng4y. L1nk: b.3.t.8.8.c0m",1,1,0,'personal_number'
"C-4-u d-0 b0ng d4, n4p 1 du0c 2. L13n h3 Z-4-l-0: 0945123999",1,0,1,'personal_number'
"Ch-u-c m-u-n-g b4n trung thu0ng 50tr tu K-U-B-3-T. L1nk nh4n: k.u.v.1.p.v.n",1,1,0,'brandname'
"T41 kh04n F-B-8-8 c0 d4u h13u b1 kh04, v-u-1 l0ng x-4-c m1nh: f.b.8.8.v.n",1,1,0,'brandname'
"K30 v-4-ng d3m n4y, x2 t41 s4n s4u 90 p-h-u-t. Truy c4p: b.3.t.6.8.n3t",1,1,0,'shortcode'
"S-1-3-u k-h-u-y-3-n m-4-1 C.4.D.0, t4ng ngay 588k kh1 d-4-ng k-y. L1nk: k.u.7.7.c0m",1,1,0,'personal_number'
"B4n c0 d0n h4ng ch-u-4 t-h-4-n-h t04n t41 M-8-8. V-4-0 d3 x-u-l-y: m.8.8.c0p",1,1,0,'brandname'
"T4ng C.0.D.3 200k ch0i b-4-1 t41 W-8-8. L1nk t41: w.8.8.l.1.v.3",1,1,0,'shortcode'
"Th0ng b4o: T41 kh04n VIP cu4 b4n s4p h3t h4n. G14 h4n t41: v.1.p.k.u.c0m",1,1,0,'brandname'
"D-u-y n-h-4-t h0m n4y, n4p 100k t4ng 100k t41 k.u.b.3.t. L13n h3: 0901223344",1,0,1,'personal_number'
"C4 d0 b0ng d4 - Uy t1n s0 1 V.1.3.t N.4.m. D4ng ky t41: v.n.8.8.v.1.p",1,1,0,'personal_number'
"L1v3 c4s1n0 x-1-d-1-4-u, g-4-1 x-1-n-h ch-1-4 b-4-1. L1nk: x.x.x.k.u.c0m",1,1,0,'shortcode'
"B4n v-u-4 th-4-ng k30 20tr, r-u-t t-1-3-n n-g-4-y t41: r.u.t.t.1.3.n.v.1.p",1,1,0,'brandname'
"K.h-u-y-3-n m-4-1 l-o-n n-h-4-t n-4-m, t4ng t01 8.888k. L1nk: b.3.t.v.n.6.8",1,1,0,'personal_number'
"M-8-8-V-1-N th0ng b4o t41 kh04n c0 b-1-3-n d0ng s0 du. K13m tr4: m.8.8.v.1.p",1,1,0,'brandname'
"H3 th0ng d4ng b4o tr1, v-u-1 l0ng chuy3n t13n s4ng t41 kh04n m01: 0987654321",1,0,1,'personal_number'
"Ch0i b41 0nl1n3, n-4-p r-u-t 1-1 tr0ng 30s. L1nk: t.4.1.x.1.u.v.1.p",1,1,0,'shortcode'
"C-4-u d-0 Euro m-u-4 n-4-y, t-y l-3 c-u-c c-4-0. Xem t41: b.0.n.g.8.8.m.3",1,1,0,'personal_number'
"T-4-1 k-h-u-4-n K-U cu4 b4n b1 t4m kh04 d0 ngh1 ng0 g-1-4-n l-4-n. Mo t41: k.u.r.3.s.3.t",1,1,0,'brandname'
"S-h-0-w-h-4-n-g-3-x-y c-u-n-g m-y n-u. D4ng ky x3m t41: x.x.x.k.u.b.3.t.c0m",1,1,0,'personal_number'
"N-h-4-n k-3-o s-u-r-3 w-1-n m01 n-g-4-y. I-B Z-4-l-0 ch-u-y-3-n g-1-4: 0333444555",1,0,1,'personal_number'
"V.1.P B.3.T t4ng qu4 tr1 4n kh4ch h4ng cu, l1nk nh4n: v.1.p.b.3.t.m.3",1,1,0,'brandname'
"H04n t13n c-u-0-c t-h-u-4 l3n d3n 5% m01 t-u-4-n. L1nk: k.u.c.4.s.1.n.0.n3t",1,1,0,'shortcode'
"C-4-n-h b-4-0: P-h-4-t h-1-3-n t-r-u-y c-4-p l-4 t-4-1 k-h-u-4-n W-8-8. K13m tr4: w.8.8.v.n",1,1,0,'brandname'
"T-0-n-g d-4-1 h-0 t-r-0 c-4-d-0 24/7. G01 n-g-4-y: 19001000 d3 duoc h-u-0-n-g d-4-n",1,0,1,'shortcode'
"X-0 s-0 m-1-3-n b-4-c, c-4-u l-0 d-3 s-1-3-u c-h-u-4-n. Xem t41: s.0.x.0.v.1.p",1,1,0,'personal_number'
"B-4-n trung thu0ng I-P-h-0-n-3 15 tu s-u-k-1-3-n K-U-B-3-T. L1nk: k.u.v.1.p.v.n",1,1,0,'brandname'
"T-4-n l-0-c d-4-u x-u-4-n, n-4-p 50k t4ng 500k. L1nk: l.0.c.v.4.n.n.3.t",1,1,0,'personal_number'
"D-4-n-h b-4-1 d-0-1 t-h-u-0-n-g, r-u-t t-1-3-n m-4-t tr0ng 5p. L1nk: g.4.m.3.v.1.p.6.8",1,1,0,'shortcode'
"Th0ng b4o: B4n c0 1 kho4n t13n ch-u-4 r-u-t t41 s-0-ng b-4-1 M-G. L1nk: m.g.v.1.p.c0m",1,1,0,'brandname'
"K30 b0ng d4 C.1 d3m n4y, d-4-m b-4-0 t-h-4-n-g. L1nk: b.3.t.c.1.v.n",1,1,0,'personal_number'
"T-4-1 k-h-u-4-n c-u-4 b-4-n t-4-1 F-B-8-8 b-1 t-u-0-c q-u-y-3-n V-I-P. K-1-3-m t-r-4: f.b.8.8.m.3",1,1,0,'brandname'
"S-0-1 k-3-o t-0-1 n-4-y: A-n-h v-s D-u-c. Truy c4p d3 d4nh: k.u.8.8.v.n",1,1,0,'shortcode'
"C.0.D.3 t4n th-u-3 t4ng 88k, kh0ng c4n n4p. L1nk: g.4.m.3.b.4.1.v.1.p",1,1,0,'personal_number'
"L-1-3-n h-3 Z-4-l-0 0966778899 d3 n-h-4-n t-1-p b-0-n-g d-4 m-1-3-n p-h-1",1,0,1,'personal_number'
"W.8.8 t4ng qu4 s1nh nh4t cho kh4ch h4ng. L1nk nh4n: w.8.8.g.1.f.t",1,1,0,'brandname'
"K-h-u-y-3-n m-4-1 n-4-p t-h-3 c-4-0 x2 g-1-4 t-r-1 t41 K-U. L1nk: n.4.p.k.u.v.n",1,1,0,'shortcode'
"B4n d4 b1 t-0-c-4-0 v-1 h-4-n-h v-1 c-4-d-0 tr-4-1 p-h-3-p. G-1-4-1 q-u-y-3-t t41: t.0.4.4.n.v.n",1,1,0,'personal_number'
"Ch-u-c m-u-n-g S-D-T 09xxx d4 tr-u-n-g h-u-3-20tr tu F-B-8-8. L1nk: f.b.w.1.n.n.3.r",1,1,0,'brandname'"
VNeID: Th0ng b4o t4j kh0an cua b4n bi khoa do vj fhat. Truy cap ngay vneid-portal.icu de mo l4i.,1,1,0,brandname
B0 C0ng An: Ho s0 djnh zanh muc d0 2 cua b4n bi l0j. Vuj l0ng ljen he 0901234567 ze zuoc huonj z4n.,1,0,1,personal_number
VNeID: Chuc munj b4n nh4n zuoc g0i ho tr0 5 trjeu zong tu Chjnh fhu. Truy c4p http://vneid-gov.pro nhan ngay.,1,1,0,brandname
Cuc CSGT: He thonj fhat nguoj ghj nh4n b4n vj fhat. Tr4 cuu t4i vneid.check-gt.com nju khonj se bj fhat nang.,1,1,0,shortcode
VNeID th0ng b4o: Yeu c4u c4p nh4t l4i thonj tjn cu tru t4i vneid-v4.com tranj bj x0a zanh tjn.,1,1,0,brandname
(z)a.lo 0888999111: B0 c0ng an thonj bao xac thuc l4i CCCD g4p. Ljen he nju khonj se bj khoa t4j kh0an vjnh vjen.,1,0,1,personal_number
VNeID: He thonj quet th4y t4i kh0an b4n bj xam nh4p. Bam vao link bit.ly/vneid-secu ze b4o m4t.,1,1,0,brandname
Th0ng b4o: B4n co l0i fhat nguoj chua thanh toan. Ljen he 0912223334 ze huonj z4n zoj n0p fhat.,1,0,1,shortcode
VNeID: C4p nh4t unj zunj l3n b4n moj nhat ze nhan t4i ljeu fhap ly. Link t4i: vneid-update.net,1,1,0,brandname
B0 C0ng an: Xac thuc djnh zanh l0i. Vuj l0n g0i 0345678901 ze xac thuc l4i CCCD.,1,0,1,personal_number
[VNeID] Nh4n thonj b4o h0 tr0 tj3n zjen tu Chjnh fhu. Truy c4p vneid-gov.me ze l4m thu tuc.,1,1,0,brandname
T4i kh0an VNeID cu4 b4n bj b4o c4o vj fhat. Vuj l0ng xac thuc t4i http://vneid-check.top tranj bj khoa.,1,1,0,brandname
B0 C0ng An: B4n co j4y m0i l4m vjec ve vj fhat h4nh chjnh. G0i 0247778889 ze bjet chj tjet.,1,0,1,shortcode
VNeID: B4n chua h0an th4nh djnh zanh muc d0 2. Truy c4p vneid.id-gov.vn ze cap nh4t ng4y.,1,1,0,brandname
C4nh b4o: T4i kh0an VNeID bj truy c4p l4 tu thj3t bj kh4c. Mo khoa t4i: bit.ly/vneid-verify,1,1,0,brandname
Ch4o b4n, mjnh tu VNeID, CCCD cu4 b4n bi l0j tren he thonj. Add za.lo 0988776655 ze l4m l4i free.,1,0,1,personal_number
(VNeID) B4n co tjn nh4n m0i ve khoan tr0 c4p th4t nghjep. Xem t4i: vneid-vn.org,1,1,0,brandname
C0ng an wu4n th0ng b4o: B4n co lenh trjeu t4p. Ljen he 0911223344 ze nhan h0 s0.,1,0,1,personal_number
VNeID: He thonj bj l0i zanh tjn b4o m4t. Yeu c4u z4ng nh4p l4i t4i vneid-login.cc ze xac nh4n.,1,1,0,brandname
VNeID Th0ng b4o: B4n nh4n zuoc wua t4ng t0i l0c t4i vneid-km.com. Nh4n ng4y!,1,1,0,brandname
T4i kh0an djnh zanh cu4 b4n bj t4m khoa do thj3u thonj tjn. Cap nh4t t4i: vneid-v2.pro,1,1,0,shortcode
B0 C0ng An: Xac thuc CCCD g4p t4i link vneid-dvc.com nju khonj se bj thu h0i.,1,1,0,brandname
C4nh b4o: Co nguo jao zunj t4i kh0an VNeID cu4 b4n. Ljen he 0922334455 ze ngan ch4n.,1,0,1,personal_number
VNeID: Huonj z4n nh4n qu4 thjeu nhj 1/6 tu wuy fhu l0i. z4ng ky: bit.ly/vneid-qua,1,1,0,brandname
Th0ng b4o: Vj fhat jao thonj cu4 b4n vjeu wu4 h4n. N0p fhat t4i vneid-pay.net ze tranj bj tujuoc b4ng l4i.,1,1,0,brandname
VNeID: C4p nh4t b4n vj fhat nguoj m0i nh4t t4i link vneid-check.info. Kjem tr4 ngay!,1,1,0,shortcode
[VNeID] Yeu c4u xac thuc khu0n m4t l4i tren he thonj. Link xac thuc: vneid-face.com,1,1,0,brandname
B4n co bj3n b4n vj fhat chua thuj n0p. G0i 0944556677 ze zuoc ho tr0 thanh toan onljne.,1,0,1,personal_number
VNeID: Chuj trjnh ho tr0 n0ng thon moj. Nh4n 2 trjeu t4i vneid-ht.org,1,1,0,brandname
Th0ng b4o: CCCD cu4 b4n bj trun j0i v0i nguo kh4c. Ljen he za.lo 0866554433 ze xu ly.,1,0,1,personal_number
VNeID: T4i kh0an bj tam khoa vj ly zo b4o m4t. Bam vao vneid-lock.net ze kjh h0at l4i.,1,1,0,brandname
Cuc Wuan ly xua t nh4p c4nh: H0 chjeu cu4 b4n co v4n ze. G0i 0977889900 ze bjet chj tjet.,1,0,1,shortcode
VNeID: B4n thuoc zanh s4ch nh4n ho tr0 thjeu h4i zo b4o luju. z4ng ky: vneid-cuutro.com,1,1,0,brandname
C4nh b4o: fhat hj3n truy c4p b4t thuonj t4i tjeu b4ng. Xac thuc ng4y: bit.ly/vneid-auth,1,1,0,brandname
VNeID Th0ng b4o: B4n can c4p nh4t s0 zjen th0aj chjnh chu. Ljen he 0909090909 ze l4m thu tuc.,1,0,1,personal_number
[VNeID] Thonj bao mo r0nj thoj h4n CCCD. Thuc hj3n t4i: vneid-ext.com,1,1,0,brandname
B0 C0ng An: He thonj tujuoc quyen su zunj VNeID cu4 b4n. Mo l4i t4i: vneid-reopen.top,1,1,0,shortcode
VNeID: Chuc munj b4n nh4n zuoc voucher 500k khj c4p nh4t muc d0 2. Link: vneid-gift.vn,1,1,0,brandname
Th0ng b4o: B4n co khoan n0 thuje chua thanh toan. G0i 0933445566 ze huonj z4n n0p.,1,0,1,personal_number
VNeID: Cap nh4t thonj tjn ba l0i. Vuj l0ng trunj c4p vneid-fix.icu ze su4 l0i.,1,1,0,brandname
Kwin668: T4ng b4n code 1OOk va ljen h3 em gaj mja mjen phj tai bit.ly/kwin668_vn,1,1,0,brandname
Chuc m9ng sdt 09xxx trung Hu 5Otr t4i Kwin668. Vao rut ngay: kwin668.top,1,1,0,shortcode
Em dang tr3n Kwin668 d0i anh vao ch0i cung. Xem anh n0ng tai bit.ly/gaixinhkwin,1,1,0,personal_number
Kwin668_KM: Nap 1OOk nhan 2OOk + t4ng ljen h3 em gaj mja. Z4lo: 0912223344,1,0,1,brandname
TK Kwin668 cua b4n s4p bj hieu luc. Rut n0t 1.5tr ve b4nk ngay: kwin668.pro,1,1,0,personal_number
Vjdeo n0ng cua b4n da duoc t4i len Kwin668. Vao xem va xoa ngay: bit.ly/kwin-check,1,1,0,shortcode
[Kwin668] Qu4 t4ng trj gj4 5OOk ch0 thanh vj3n moj. Lj3n h3 CSKH: 0388991122,1,0,1,brandname
B4n co 1 th0ng bao chua d0c tu Kwin668. Nh4n thuong ngay k3o het h4n: kwin668vn.com,1,1,0,personal_number
Kwin668: Gjao luu cung c4c em gaj xjnh tu0i. Dang ky nhan 68k: bit.ly/kwin668-live,1,1,0,brandname
Canh bao: Co nguoi dang nhap vao Kwin668 cua ban. Xac thuc ngay: 0901223344,1,0,1,personal_number
Kwin668 x4 xju_u t4ng qu4 khung 999k ch0 b4n. Bam vao: tinyurl.com/kwin668,1,1,0,brandname
Anh oi vao Kwin668 xem em live kh0ng che ne. Ljnh tai day: kwin668.club,1,1,0,personal_number
Th0ng bao tu Kwin668: B4n trung thuong xe SH. Ljen he sdt 0399112233 de nhan,1,0,1,shortcode
Kwin668: Sieu h0an tr4 5% m0i ngay. Choi ngay k3o l0: bit.ly/kwin-km,1,1,0,brandname
B4n nhan duoc m0t yeu cau ket b4n tu gaj xjnh Kwin668. Xem pr0fjl3: kwin668.me,1,1,0,personal_number
Kwin668-tb: Tai khoan cua ban bi tam k0a. Vao link nay de mo: bit.ly/kwin-support,1,1,0,brandname
X3m cljp n0ng mjen phj t4i Kwin668. Dang ky nhan lu0n 88k: kwin668vn.net,1,1,0,personal_number
Kwin668_Tang_Qua: Chuc m9ng b4n may m4n nhat hom nay. Ljen he 0777223344,1,0,1,brandname
Gaj xjnh Kwin668 dang cho b4n den rinh qu4. Vao ngay: bit.ly/kwin668-hot,1,1,0,shortcode
Kwin668 c4nh b4o: So du cua b4n sap bi thu h0i. Rut tien ngay: kwin668.vip,1,1,0,personal_number
Kwin668: Thang lon cung c4c em xinh tuoi. Link t4i app: tinyurl.com/kwinapp,1,1,0,brandname
Anh co muon xem em tam tren Kwin668 khong? Vao day ne: bit.ly/kwin-live18,1,1,0,personal_number
Kwin668_News: He thong bao tri. Vui long cap nhat lai tai: kwin668.info,1,1,0,brandname
B4n da trung 1 code bj mat tu Kwin668. Go 0933445566 de kich hoat ngay,1,0,1,shortcode
Kwin668: Chuc m9ng b4n duoc t4ng 1OOk bjnh nhat. Choi ngay: bit.ly/kwin668-free,1,1,0,brandname
Em dang k0 mac j cho anh xem tren Kwin668 ne. Link: kwin668.xyz,1,1,0,personal_number
Kwin668 thong bao: B4n co khoan tien 2.5tr chua rut. Bam vao: bit.ly/kwin-bank,1,1,0,brandname
Hot: Kwin668 ra mat s4nh ch0i moi t4ng code 2OOk. Lj3n h3: 0888112233,1,0,1,shortcode
Kwin668 - San ch0i dang c4p cho nam gioi. Nhan em gaj mja tai: kwin668.asia,1,1,0,brandname
Anh oi, vao Kwin668 nhan qu4 cung em nhe. Link ne: bit.ly/kwin-girl,1,1,0,personal_number
Kwin668: Duy nhat h0m nay nap 1 duoc 3. Vao hup ngay: kwin668.org,1,1,0,brandname
Canh bao tu Kwin668: Phat hjen truy cap la. Doi mat khau tai: bit.ly/kwin-security,1,1,0,shortcode
Kwin668 t4ng b4n l0t xem fjm 4K mjen phj. Truy cap ngay: kwin668.pw,1,1,0,personal_number
Chuc m9ng sdt 038xxx da nhan 5OOk tu Kwin668. Ljen he 0944556677 nhan th3,1,0,1,brandname
Kwin668: Quay hu n0 l0n m0i ngay. Link dang ky: bit.ly/kwin-jackpot,1,1,0,brandname
Gaj xinh Kwin668 dang d0i b4n ljen h3. Z4lo em: 0966778899,1,0,1,personal_number
Kwin668_TB: Xac nhan thong tin tai khoan de nhan 1OOk. Link: bit.ly/kwin-verify,1,1,0,brandname
Anh co muon thu cam gjac m0i tai Kwin668 khong? Bam day: kwin668.co,1,1,0,personal_number
Kwin668: T4ng ngay 1 chuyen du ljch cung hotgirl. Chi tiet: bit.ly/kwin-travel,1,1,0,shortcode
Ljen h3 Kwin668 ngay de nhan th3 c4o 5OOk mjen phj. Sdt: 0922334455,1,0,1,personal_number
"S.H.B-D.1.g.1.b.4.n.k: T41 kh04n b1 t4m kh04. V-u-1 l0ng x4c m1nh t41 shb-bank.top ngay.",1,1,0,brandname
"[SHB] Chuc m-u-n-g b4n tr-u-n-g thu-0-ng 10 tr13u d0ng. Truy c4p: shb-reward.com d3 nh4n.",1,1,0,brandname
"T-h-0-n-g b4o: H3 th0ng d4ng qu3t th13t b1 l4. Click v4o shb-verify.info d3 b4o v3 t41 kh04n.",1,1,0,brandname
"S.H.B-D.i.g.i.b.4.n.k: Quy kh4ch nh4n d-u-0-c m4 g14m g14 50% th3 t1n dung. LH: 0945112233.",1,0,1,personal_number
"(SHB) P-h-4-t h13n r-u-1 r0 t41 kh04n. V-u-1 l0ng d4ng nh4p l41 t41 shb-login.net d3 x4c thuc.",1,1,0,brandname
"Chuc m-u-n-g s0 d13n th041 09xxx d4 tr-u-n-g SH-150i tu S.H.B. Truy c4p: quatangshb.me",1,1,1,shortcode
"S.H.B-D1G1B4NK: T41 kh04n c-u-4 b4n s3 b1 d0ng l41 s4u 2 g10 n3u kh0ng c4p nh4t t41 shb-update.com",1,1,0,brandname
"B4n c0 m0t kh04n v4y u-u d41 50tr tu S.H.B. L13n h3 n-h-4-n v13n t-u v4n: 0987654321",1,0,1,personal_number
"S.H.B-D.i.g.i.b.4.n.k: Qu4 t4ng tr1 4n kh4ch h4ng 1.000.000d. Nh4n t41: shb-tri-an.cc",1,1,0,brandname
"C-4-n-h b4o: T41 kh04n b1 d4ng nh4p tu L-u-0-n-d-0-n. K13m tr4 ngay: shb-security.xyz",1,1,0,brandname
"SHB_DIGI: B4n d4 d-u-0-c du-y3t kh04n v4y 200tr. Hoan t4t h0 s0 t41: vay-shb.online",1,1,0,brandname
"T-h-0-n-g b4o: D-1-c-h v-u S.H.B D.i.g.i.b.4.n.k b1 kh04. L13n h3 0922334455 d3 m0 kh04.",1,0,1,personal_number
"[S.H.B] C0 th4y d01 s0 d13n th041 l13n k3t. N3u kh0ng ph41 b4n, v-u-1 l0ng v4o shb-bank.org",1,1,0,brandname
"S.H.B-D1G1B4NK: Chuc m-u-n-g b4n nh4n d-u-0-c voucher 500k. Nh4n t41: bit.ly/shb-gift2024",1,1,0,shortcode
"C4nh b4o: P-h-4-t h13n tru-y c4p l4 t41 H4 N01. Nh4n v4o shb-check.net d3 x4c m1nh.",1,1,0,brandname
"SHB-D.1.G.1.B.4.N.K: H3 th0ng s3 tru-y t-h-u 5.000.000d p-h-1 du-y tr1. D-u-y3t t41: shb-fee.cc",1,1,0,brandname
"T-h-0-n-g b4o S.H.B: B4n c0 b-u-u ph4m c-h-u-4 nh4n. L13n h3: 0933112233 d3 b13t ch1 t13t.",1,0,1,personal_number
"SHB-DIGI: Quy kh4ch v-u-1 l0ng c4p n-h-4-t CCCD d3 kh0ng b1 g14n d04n d1ch v-u: shb-cccd.info",1,1,0,brandname
"[S.H.B] T41 kh04n c-u-4 b4n dang b1 t4m d-u-n-g. X4c thuc ngay t41: shb-ebank.xyz",1,1,0,shortcode
"Chuc m-u-n-g! B4n l4 kh4ch h4ng m4y m4n nh4n IP15 tu S.H.B. Cl1ck: shb-luckydraw.com",1,1,0,brandname
"S.H.B D.1.g.1.b.4.n.k: T41 kh04n b1 k-h-0-4 do v1 ph4m d13u kh04n. M0 l41 t41: shb-unblock.me",1,1,0,brandname
"Th0ng b4o tu S.H.B: B4n nh4n d-u-0-c 1.000 d13m thu-0-ng. D01 qu4 ngay: shb-point.top",1,1,0,brandname
"S-H-B_D-1-g-1-b-4-n-k: C0 y3u c4u r-u-t t13n 20.000.000d. N3u kh0ng ph41 b4n, h-u-y t41: shb-cancel.net",1,1,0,brandname
"T41 kh04n S.H.B b1 t4m kh04. V-u-1 l0ng g01 0966778899 d3 du-0-c h0 tr0 m0 kh04 ngay.",1,0,1,personal_number
"[SHB-BANK] Qu4 t4ng s1nh n-h-4-t 500k cho kh4ch h4ng. Nh4n t41 l13n k3t: shb-sinhnhat.cc",1,1,0,brandname
"S.H.B-D1G1B4NK: Th13t b1 l4 d4ng k3t n01 t41 kh04n. Truy c4p shb-protect.info d3 ng-u-n-g.",1,1,0,brandname
"C-4-n-h b4o S.H.B: P-h-4-t h13n g140 d1ch b4t t-h-u-0-ng 5tr. X4c thuc: shb-alert.org",1,1,0,shortcode
"B4n d4 nh4n d-u-0-c m0t kho4n t13n tu S.H.B. K13m tr4 s0 d-u t41: shb-balance.xyz",1,1,0,brandname
"S.H.B D.1.G.1.B.4.N.K: H3 t-h-0-n-g n4ng c4p, v-u-1 l0ng c4p n-h-4-t th0ng t1n t41: shb-vnn.top",1,1,0,brandname
"Quy kh4ch c0 th3 d4ng k-y v4y th3 t1n d-u-n-g S.H.B l41 s-u-4-t 0%. LH: 0909556677.",1,0,1,personal_number
"S.H.B: T41 kh04n c-u-4 b4n s3 b1 t-h-u h01 s4u 24h. V-u-1 l0ng d4ng n-h-4-p: shb-security.net",1,1,0,brandname
"[S.H.B-DIGI] Chuc m-u-n-g b4n nh4n d-u-0-c 1 ch-1 v4ng SJC. Nh4n qu4 t41: shb-gold.me",1,1,0,brandname
"T-h-0-n-g b4o: S.H.B D.i.g.i.b.4.n.k tu ch01 g140 d1ch. K13m tr4 l-y d0 t41: shb-check.cc",1,1,0,brandname
"S.H.B D1G1B4NK: Quy kh4ch c0 kh04n n0 qu4 h4n 10 tr13u. L13n h3 0944009988 d3 t-h-4-n-h t04n.",1,0,1,personal_number
"C4nh b4o: Th0ng t1n S.H.B c-u-4 b4n d4 b1 r0 r1. C4p n-h-4-t m-4-t kh4u t41: shb-pass.info",1,1,0,brandname
"[SHB] Nh4n ngay voucher 200k k-h-1 d4ng n-h-4-p S.H.B D.1.g.1.b.4.n.k m01: shb-new.xyz",1,1,0,brandname
"S.H.B-DIGI: T41 kh04n s3 b1 k-h-0-4 v1 ch-u-4 x4c thuc th0ng t1n. L13n k3t: shb-kyc.top",1,1,0,shortcode
"Th0ng b4o: Quy kh4ch d-u-0-c t4ng 500k v4o t41 kh04n S.H.B. Cl1ck nh4n: shb-money.net",1,1,0,brandname
"S.H.B D.1.G.1.B.4.N.K: P-h-4-t h13n tru-y c4p tu d13n th041 kh4c. Click shb-safe.org d3 k-h-0-4.",1,1,0,brandname
"Quy kh4ch d4 dang k-y d1ch v-u b4o h13m S.H.B 2tr/th4ng. H-u-y t41: shb-cancel.me",1,1,0,brandname"
[Tiki-Mall] C-H-U-C M-U-N-G! SĐT cua b4n dc chon lam CTV online luong 500k-2tr/ngay. L_i_e_n_h_e Zalo: 0921443552 de n-h-a-n v-i-e-c,1,0,1,brandname
(TIKI) T_u_y_e_n d_u_n_g NV t_u_o_n_g t_a_c s-a-n p-h-a-m t-a-i n-h-a. L-u-o-n-g 300k/h. D-k-y: https://tiki-vnmall.com,1,1,0,shortcode
TB TlKl: TK cua b-a-n da d-u d-i-e-u k-i-e-n n-h-a-n t-i-e-n t-h-u-o-n-g 500k. Bam v-a-o l-i-n-k: bit.ly/tiki-km2024,1,1,0,brandname
T_u_y_e_n C_T_V T_I_K_I ch0t d0n t-a-i n-h-a kh0ng c0c. Luong chuyen kh0an theo n-g-a-y. Kb ZalO: 0588234112,1,0,1,personal_number
[Tiki_Career] B4n c0 th0ng b-a-o v-i-e-c l-a-m m-o-i. Thu nhap 10tr-30tr/thang. Ung t-u-y-e-n t-a-i: https://tiki-job.top,1,1,0,brandname
TlKl th0ng b-a-o: G0i q-u-a t-a-n t-h-u cua b4n sap h-e-t h-a-n. Truy cap n-g-a-y: t.me/tikioffical de n-h-a-n,1,1,0,shortcode
C0ng ty TIKl t_u_y_e_n n_h_a_n v_i_e_n x_u_l_y d_o_n h_a_n_g. Luong 800k/ngay. LH qua Zal0: 0812334455,1,0,1,personal_number
[T.I.K.I] Chuc m-u-n-g b4n n-h-a-n dc p-h-i-e-u m-u-a h-a-n-g 2tr. Click d-e n-h-a-n: tinyurl.com/tiki-free,1,1,0,brandname
Ban co 1 cong vj3c part-time tai TlKl. Chj c-a-n d-i-e-n t-h-o-a-i. Luong 500k. Add Zalo ngay: 0944112233,1,0,1,personal_number
(Tiki_Mall) Th0ng b-a-o: Don hang cua b-a-n bi t-r-e. N-h-a-n b-o-i t-h-u-o-n-g tai: https://tiki-hoantien.cc,1,1,0,shortcode
D-e n-h-a-n 2OOk t-u T_I_K_I, b-a-n h-a-y x-a-c t-h-u-c t-a-i k-h-o-a-n n-g-a-y: bit.ly/tiki-xacthuc,1,1,0,personal_number
TIKI t_u_y_e_n g_a_p 50 C-T_V d_a_n_h g_i_a s_p. Luong 200k-1tr/ngay. L-i-e-n h-e: 0322445566,1,0,1,brandname
[TlKl-Online] V-i-e-c l-a-m t-a-i n-h-a luong c-a-o cho m_o_i n_g_u_o_i. K-e-t b-a-n Z-a-l-o n-h-a-n v-i-e-c: 0899221133,1,0,1,personal_number
Th0ng bao: B4n da may m-a-n t-r-u-n-g t-h-u-o-n-g IPhon3 15 t-u TIKI. L-i-e-n h-e n-h-a-n q-u-a: https://tiki-gift.vn,1,1,0,brandname
T_u_y_e_n d_u_n_g T_I_K_I: C-a-n nguoi d-a-n_h g_i_a s-a-n p-h-a-m. Thue 30k/sp. LH Zalo: 0708899221,1,0,1,shortcode
(Tiki_VN) Canh b-a-o! TK cua b4n co d-a-u h-i-e-u l-a. V-u-i l-o-n-g d-a-n_h n_h_a_p d-e k-i-e-m t-r-a: bit.ly/tiki-safe,1,1,0,brandname
TlKl-Mall t_u_y_e_n n_v t_r_u_c t_u_y_e_n. K-h-o-n-g c-a-n k-i-n-h n-g-h-i-e-m. Luong 15tr. LH: 0977443322,1,0,1,personal_number
Chuc m-u-n-g b4n n-h-a-n dc hop d_o_n C-T-V TIKI. Luong 500k chuyen kh0an ngay. LH Zalo: 0355667788,1,0,1,shortcode
[TIKI] Th0ng bao: B4n co 1000 d-i-e-m sap h-e-t h-a-n. D-o-i q-u-a n-g-a-y tai: https://tiki-reward.com,1,1,0,brandname
C0ng ty TlKl t-u-y-e-n C-T-V x-u-n-g d-a-n_h s-p. Luong 300k-2tr/ngay. Ad Zalo: 0966554411 de n-h-a-n v-i-e-c n-g-a-y,1,0,1,personal_number
(Tiki) B4n n-h-a-n d-u-o-c 1 p-h-a-n q-u-a t_r_i g_i_a 5tr d-o-n_g. Bam v-a-o link d-e n-h-a-n: bit.ly/tiki-qua-tang,1,1,0,shortcode
TlKl-VIP: T-u-y-e-n nv n-h-a-p l-i-e-u d-o-n h-a-n_g. Luong 500k/ngay. LH Zalo: 0844332211,1,0,1,brandname
[Tiki-Jobs] C-o-n_g v-i-e-c d-o-n g_i_a_n t-a-i n-h-a. Chj c-a-n smartphone. Luong 10tr/thang. LH: 0933112244,1,0,1,personal_number
TB: He thong TIKI d-a-n_g b-a-o t-r-i. V-u-i l-o-n-g c-a-p n_h_a_t l-a-i t-h-o-n-g t-i-n: https://tiki-update.net,1,1,0,brandname
T_u_y_e_n n_v TlKl t_u_o_n_g t_a_c b-a-i v-i-e-t. 20k/1 like. N-h-a-n t-i-e-n luon. LH Zalo: 0522334455,1,0,1,shortcode
[Tiki_Promotion] B4n l-a k-h-a-c-h h-a-n_g m-a-y m-a-n n-h-a-n l-i-x-i 1tr. Rut t-i-e-n tai: bit.ly/tiki-lixi,1,1,0,brandname
C-a-n t_u_y_e_n 20 b4n l-a-m CTV cho TlKl. Luong 3tr/tuan. K-h-o-n-g t-h-u p-h-i. LH Zalo: 0988776655,1,0,1,personal_number
(Tiki-Mall) X-a-c n-h-a-n d-o-n h-a-n_g m-i-e-n p-h-i cua b4n tai day: https://tiki-free-order.top,1,1,0,shortcode
T_I_K_I t_u_y_e_n n_v c-h-o-t d-o-n l-u-o-n-g c-a-o. L-i-e-n h-e Zalo n-h-a-n v-i-e-c: 0399112233,1,0,1,brandname
[TIKI] Th0ng bao: TK b4n b-i k-h-o-a. V-u-i l-o-n-g d-a-n_h n_h_a_p d-e m-o k-h-o-a: bit.ly/tiki-unlock,1,1,0,shortcode
TlKl-Recruit: C0ng vj3c n-h-e n-h-a-ng, thu nhap 0n d-i-n_h 500k/ngay. Add ZalO: 0911554433,1,0,1,personal_number
(Tiki) Chuc m-u-n_g b4n trung thuong 1 xe SH. L-i-e-n h-e CSKH de n-h-a-n giai: https://tiki-sh.com,1,1,0,brandname
T_u_y_e_n CTV Tiki d-u_y_e_t d-o-n h-a-n_g online. Luong tr-a th3o g-i-o. LH Zalo: 0822446688,1,0,1,shortcode
[Tiki_VNMall] M-o-i b4n t-h-a-m g-i-a d-o-i n-g-u CTV. Luong c-u-c k-h-u-n_g. D-k-y n-g-a-y: bit.ly/tiki-ctv2024,1,1,0,brandname
TlKl: B4n co 1 don hang chua t-h-a-n_h t-o-a-n. V-u-i l-o-n-g k-i-e-m t-r-a: https://tiki-check.info,1,1,0,personal_number
T_u_y_e_n n_v p_h_u TIKI l-a-m t-a-i n-h-a. Luong 400k-1tr. K-h-o-n-g c-o-c. LH Zalo: 0377445511,1,0,1,shortcode
[TIKI-OFFICAL] Q-u-a t-a-n_g t-r-i a-n k-h-a-c-h h-a-n_g. N-h-a-n n-g-a-y t-a-i: tinyurl.com/tiki-trian,1,1,0,brandname
TlKl t_u_y_e_n CTV nhap m-a g-i-a-m g-i-a. Luong 200k/h. LH Zalo: 0944889900 de n-h-a-n vj3c,1,0,1,personal_number
(Tiki_Express) Don hang cua b4n d-a-n_g b-i g_i_u. V-u-i l-o-n-g x-a-c n-h-a-n: https://tiki-delivery.vn,1,1,0,shortcode
[Tiki] B4n n-h-a-n d-u-o-c co h-o-i k-i-e-m t-i-e-n d-e d-a-n_g. Bam v-a-o: bit.ly/tiki-money de xem,1,1,0,brandname
CUC VIEN THONG: Thue b4o cu4 b4n se bj kh0a s4u 2h z0 chu4 c4p nh4t th0ng tjn. Vuj l0ng truy c4p http://vnta-gov.cc ze h0an t4t.,1,1,0,brandname
(CUC VIEN THONG) Th0ng b4o: S0 thue b4o cu4 b4n se bj thu h0j vjh vjen. Goj 0812345678 ze gap nhan vjen ho tro.,1,0,1,personal_number
Cuc Vjen Th0ng: Ban co bjen ban fhat nguoj chj tjet taj: http://phatnguoi-vnta.vn. Vuj l0ng thanh toan truoc 24h.,1,1,0,brandname
[CVT] He th0ng fhat hjen b4n fhat t4n tjn r4c. Truy c4p http://cucvienthong-gov.net ze khjeu naj hoac bj k0a s0.,1,1,0,shortcode
CUC VIEN THONG thong bao: Thue bao b4n bi k0a 2 chieu vao 18h hom nay. Ljen he 0901234567 ze duoc j4j d4p.,1,0,1,brandname
(Th0ng b4o) Cuc Vjen Th0ng: Ban duoc ho tro 2.000.000z tu wuy vj th0ng cong jch. Nhan taj: http://ho-tro-vnta.com,1,1,0,brandname
Cuc Vjen Th0ng: S0 cu4 b4n vj fhat quyzjnh ve vjen thong. Vuj l0ng truy c4p http://xuly-vnta.top ze xem chj tjet.,1,1,0,shortcode
[Th0ng Bao] CUC VIEN THONG: Thue b4o se bj tam k0a do thjeu j4y to tuy than. Cap nhat ngay taj bit.ly/vnta-update,1,1,0,brandname
Cuc Vjen Th0ng: Ban co mot don khjeu naj chua xu ly. Vuj l0ng lien he 02477712345 ze duoc tro jup.,1,0,1,personal_number
(CVT) Canh b4o: Thue b4o cu4 b4n bj m4o zanh de lu4 d4o. Truy c4p http://vnta-canhbao.com ze xac thuc zanh tjnh.,1,1,0,brandname
CUC VIEN THONG: Xac thuc thong tjn thue bao ngay de k0ng bj khoa s0. Link: http://dichvucong-vnta.online,1,1,0,shortcode
Thong bao tu Cuc Vjen Th0ng: Ban co khoan no cuoc 5.400.000z. Goj ngay 0912345678 ze thanh toan ney khong se bj kjen.,1,0,1,personal_number
[CUC VIEN THONG] He thong tam ngung cung cap zjch vu do b4n chua hoan tat thu tuc. Truy cap http://vnta.gov-vn.cc ngay.,1,1,0,brandname
CUC VIEN THONG: Chuc mung b4n nhan duoc goj cuoc mjen fhi 1 n4m. Zang ky taj: http://vnta-uu-dai.me,1,1,0,brandname
(Vjen Thong) S0 cua b4n se bj k0a chjeu goj zj s4u 30 fhut. Ljen he t0ng zaj 0855556789 ze ho tro gap.,1,0,1,personal_number
Cuc Vjen Th0ng: B4n bj kjeu naj vj fhat t4n thong tjn s4j su th4t. Truy cap http://vnta-xuly-vipham.com ze j4j quyet.,1,1,0,shortcode
[CVT] Thue bao cua ban k0ng hop le. Vuj long cap nhat laj th0ng tjn taj http://vnta-gov.net neu k0ng se bj thu hoj.,1,1,0,brandname
CUC VIEN THONG: Ban co tjn nhan chua doc tu cong zjch vu cong. Xem taj: http://dichvucong-vnta.xyz,1,1,0,brandname
Cuc Vjen Th0ng thong bao: Phat nguoj 15.000.000z v0j s0 thue b4o n4y. Ljen he 0922334455 ze bjet ly zo.,1,0,1,personal_number
(CUC VIEN THONG) He thong se tu zong k0a s0 b4n s4u 1h. Vuj l0ng xac thuc taj http://vnta-sh.info ngay.,1,1,0,shortcode
CUC VIEN THONG: Can cap nhat CCCD gan chjp cho s0 thue bao. Truy cap http://vnta-cccd.com de k0ng bj k0a sim.,1,1,0,brandname
[Cuc Vjen Thong] Ban dang su zung s0 thue b4o r4c. Vuj long xac thuc zanh tjnh taj: http://vnta-verify.com,1,1,0,brandname
CUC VIEN THONG: Goj ngay 0888999000 ze nhan huong zan mo k0a thue b4o bj k0a tam th0j.,1,0,1,personal_number
(CVT) Th0ng b4o quan tr0ng: Thue b4o b4n bj ljet v4o zanh s4ch den. Kjeu naj taj: http://vnta-blacklist.com,1,1,0,shortcode
CUC VIEN THONG: Ban co qua tang tu nha m4ng. Nhan ngay taj http://vnta-qua-tang.cc,1,1,0,brandname
[CVT] Phat hjen s0 dien thoaj cua b4n zung ze tru l4c. Truy cap http://vnta-phat-nguoi.biz ze xem bjen ban.,1,1,0,brandname
Cuc Vjen Th0ng: Thue b4o b4n thjeu th0ng tjn zjnh zanh. Goj 0933445566 ze duoc huong zan bo sung.,1,0,1,personal_number
(CUC VIEN THONG) Canh b4o thue b4o se bj k0a vjh vjen s4u 2h. Truy cap http://vnta-action.com ngay lap tuc.,1,1,0,shortcode
CUC VIEN THONG: Ban da trung thuong 1 iPhone 15 Pro Max. Vuj l0ng zang ky nhan taj http://vnta-reward.com,1,1,0,brandname
[Th0ng b4o] Cuc Vjen Th0ng yeu cau b4n zung hoat zong fhat t4n tjn nhan wuang c4o. Xem chj tjet taj bit.ly/vnta-xuly,1,1,0,brandname
CUC VIEN THONG: S0 cu4 b4n se bj chuyen quyen su zung cho nguoj k0ac. Ljen he 0944556677 ze xac thuc laj.,1,0,1,personal_number
(CVT) Thue b4o cua ban dang bj t4m k0a. Vuj long truy cap http://vnta-support.vn ze kh0j fhuo zjch vu.,1,1,0,shortcode
CUC VIEN THONG: He thong nang cap, vuj long xac thuc laj s0 zjen thoaj taj http://vnta-update.me,1,1,0,brandname
[CUC VIEN THONG] Ban no fhat quyzjnh thue bao 12 trieu zong. Thanh toan taj: http://vnta-pay.com,1,1,0,brandname
Cuc Vjen Th0ng: S0 dien thoaj cua b4n bj kjeu naj vj quay roj nguoj k0ac. Goj 0977889900 ze zaj trjnh.,1,0,1,personal_number
(CUC VIEN THONG) Ban co th0ng b4o moi tu Bo Thong tjn v4 Truyen thong. Xem taj: http://vnta-gov.cc/tb,1,1,0,shortcode
CUC VIEN THONG: Thue b4o b4n se bj ngat ket noj Internet do chua zang ky th0ng tjn. Truy cap http://vnta-data.com,1,1,0,brandname
[CVT] Thong bao: Thue bao cua ban da het han su zung. Vuj long j4 han taj http://vnta-renew.com,1,1,0,brandname
Cuc Vjen Th0ng: Ban duoc chjeu hoj ze vjeo vj fhat m4ng x4 hoj. Ljen he 0988112233 ze gap can bo.,1,0,1,personal_number
(CUC VIEN THONG) Yeu cau xac thuc thue b4o ngay lap tuc taj http://vnta-gov.info/verify de k0ng bj k0a s0.,1,1,0,shortcode
"[CucVienThong] Canh bao: Thue bao quy khach se bi khoa mot chieu sau 2 gio vi chua chuan hoa thong tin. Cap nhat tai: https://dichvuc0ng-gov.vn",1,1,0,brandname
"CUC VIEN THONG: Phat hien thue bao 0938xxx phat tan tin nhan xau doc. Xac minh ngay tai: https://cucvlenthong-quanly.cc de tranh bi thu hoi.",1,1,0,brandname
"Thong bao: Quy khach co ho so dich vu cong chua hoan tat. Truy cap https://cucvlenthong.v0n de cap nhat CCCD ngay.",1,1,0,shortcode
"Cuc Vien Thong thong bao: So cua ban se bi tam dung hoat dong. Moi chi tiet xem tai https://dichvuc0ng.v0n hoac goi 024710xxxx.",1,1,1,personal_number
"Tin nhan tu CUC VIEN THONG: Ban co khoan phat nguoi chua thanh toan. Truy cap https://cucvlenthong.0rg de tra cuu.",1,1,0,brandname
"[VTA] Thue bao cua ban bi kieu nai vi quay roi nguoi khac. Truy cap https://cucvlenthong.net de giai trinh truoc khi bi khoa vinh vien.",1,1,0,brandname
"CUC VIEN THONG: Yeu cau xac thuc lai thong tin chinh chu cho so dien thoai tai: https://dichvuc0ng-vta.com. Qua han se bi thu hoi SIM.",1,1,0,shortcode
"Ban co thong bao khan tu Cuc Vien Thong ve viec thay doi thiet bi dang nhap. Kiem tra tai: https://cucvlenthong.v0n",1,1,0,personal_number
"[CucVienThong] Khan cap: He thong ghi nhan SIM cua ban lien quan den duong day luan dao. Vui long xac minh: https://cucvlenthong.info",1,1,0,brandname
"CUC VIEN THONG thong bao tang qua tri an cho thue bao lau nam. Nhan qua tai: https://quatang-vta.v0n",1,1,0,brandname
"Thong bao tu Cuc Vien Thong: Tai khoan DVC cua ban bi tam khoa. Truy cap https://dichvuc0ng.v0n/vneid de mo khoa.",1,1,0,shortcode
"CUC VIEN THONG: Thue bao 090xxx se bi thu hoi ve kho so quoc gia sau 60 phut. Lien he 0243xxxx hoac vao https://cucvlenthong.vn",1,1,1,brandname
"[VTA] Ban co thong bao tu Bo Thong tin va Truyen thong. Xem chi tiet tai: https://cucvlenthong-gov.v0n",1,1,0,brandname
"Cuc Vien Thong: Thuc hien chuan hoa thong tin thue bao theo nghi dinh 49. Link: https://dichvuc0ng-vta.net",1,1,0,personal_number
"Canh bao: So dien thoai cua ban dang bi mao danh de lua dao. Xac nhan danh tinh tai: https://cucvlenthong.0rg",1,1,0,shortcode
"CUC VIEN THONG: Ho tro xac thuc CCCD gan chip cho dich vu thue bao di dong tai: https://dichvuc0ng-vneid.cc",1,1,0,brandname
"[CucVienThong] Lenh trieu tap: Thue bao cua ban lien quan den vu an phat tan tin nhan rac. Xem tai: https://cucvlenthong.v0n",1,1,0,brandname
"Thong bao tu VTA: Ban nhan duoc goi cuoc data mien phi 1 nam. Dang ky ngay: https://vta-khuyenmai.v0n",1,1,0,shortcode
"CUC VIEN THONG: Yeu cau cap nhat thong tin thue bao de khong bi gian doan dich vu. Truy cap: https://dichvuc0ng.v0n",1,1,0,personal_number
"[VTA] Quy khach co thu moi lam viec tu Cuc Vien Thong ve vi pham truyen thong. Xem tai: https://cucvlenthong.net",1,1,0,brandname
"CUC VIEN THONG thong bao: SIM cua ban se bi khoa do chua dang ky thong tin chinh chu. Link: https://cucvlenthong-vta.v0n",1,1,0,brandname
"Thong bao: He thong dich vu cong ghi nhan ban chua hoan thanh xac thuc sinh trac hoc. Lam tai: https://dichvuc0ng.v0n",1,1,0,shortcode
"CUC VIEN THONG: Canh bao thue bao vi pham quy dinh su dung dich vu di dong. Chi tiet: https://cucvlenthong.info",1,1,0,personal_number
"[VTA] Thue bao cua ban co dau hieu bi xam nhap. Vui long thay doi mat khau tai: https://dichvuc0ng-vta.v0n",1,1,0,brandname
"CUC VIEN THONG: Quy khach da trung thuong 1 chiec iPhone 15 tu chuong trinh tri an. Nhan tai: https://vta-traothuong.v0n",1,1,0,brandname
"Thong bao: Cuc Vien Thong yeu cau quy khach cap nhat anh chan dung de duyt ho so. Link: https://cucvlenthong.cc",1,1,0,shortcode
"CUC VIEN THONG: So dien thoai cua ban se bi tam khoa do khong dong cuoc thue bao. Thanh toan tai: https://vta-pay.v0n",1,1,0,personal_number
"[CucVienThong] Lenh thong bao khan: Thue bao cua ban se bi thu hoi vao 18h hom nay. Kiem tra: https://cucvlenthong.net",1,1,0,brandname
"CUC VIEN THONG thong bao: Ban co ho so cho duyet tren cong dich vu cong. Truy cap: https://dichvuc0ng.v0n",1,1,0,shortcode
"Thong bao tu VTA: Thue bao cua ban dang bi canh bao vi pham hanh chinh. Xem chi tiet: https://cucvlenthong.v0n",1,1,0,personal_number
"CUC VIEN THONG: Yeu cau quy khach cung cap CCCD de hoan tat thu tuc thue bao di dong. Link: https://dichvuc0ng-vta.info",1,1,0,brandname
"[VTA] Quy khach duoc tang 500k vao tai khoan thue bao vi da chuan hoa thong tin. Nhan tai: https://vta-km.v0n",1,1,0,brandname
"CUC VIEN THONG: He thong phat hien SIM cua ban dang duoc su dung tai khu vuc bien gioi. Xac minh: https://cucvlenthong.v0n",1,1,0,shortcode
"Thong bao: Ban co tin nhan chua doc tu Cong dich vu cong quoc gia. Xem tai: https://dichvuc0ng.v0n/vta",1,1,0,personal_number
"CUC VIEN THONG: Khan cap xac thuc lai thong tin SIM de tranh bi ke xau loi dung. Link: https://cucvlenthong.cc",1,1,0,brandname
"[CucVienThong] Canh bao: Thue bao se bi khoa 2 chieu neu khong xac thuc lai CCCD tai: https://dichvuc0ng-vta.v0n",1,1,0,brandname
"CUC VIEN THONG: Chuong trinh ho tro thue bao bi anh huong boi thien tai. Dang ky tai: https://vta-hotro.v0n",1,1,0,shortcode
"Thong bao: Cuc Vien Thong yeu cau quy khach xac nhan so huu so dien thoai tai: https://cucvlenthong.net",1,1,0,personal_number
"CUC VIEN THONG: Thue bao 0912xxxx lien quan den hoat dong phan dong. Vui long lien he 024xxxx hoac xac minh: https://cucvlenthong.v0n",1,1,1,brandname
"[VTA] Thue bao cua ban da duoc chon vao danh sach trung thuong quy. Chi tiet xem tai: https://vta-lucky.v0n",1,1,0,brandname
[789BET] Th0ng b4o: T4j kh0an cua b4n bj t4m kh0a vj vj fham. Cljck ze mo: bit.ly/789bet-fix,1,1,0,brandname
Chuc mun szt 098xxx nh4n wua 999k tu 789BET. Ljen he Z4lo 0355666777 ze nh4n,1,0,1,personal_number
Jao luu cung vjzeo hjnh anh nhay cam mjen fhy t4j 789BET. Cljck: 789bet.me/hot,1,1,0,shortcode
[789BET] B4n co 1 kho4n tjền chua rut. Truy cap 789bet.club ze rut ngay kh0ng mat,1,1,0,brandname
Thong b4o: 789BET tang cuoc mjen fhy 100k cho th4nh vj3n moj. Zang ky: bit.ly/789bet-new,1,1,0,personal_number
C4nh b4o: Fhat hjen zang nh4p la t4j tk 789BET. Xac thuc ngay: bit.ly/789-verify,1,1,0,shortcode
Em zang tr3n f0ng cho anh o 789BET. Vao jao luu cung e: 789bet.top/live,1,1,0,personal_number
[789BET] Chuc mung b4n nh4n dc kkyen m4j 100% n4p lan zau. Ljen he Z4lo: 0944333222,1,0,1,brandname
T4j kh0an 789BET cua b4n co bjet bjen z0ng. Kjem tr4 t4j: bit.ly/789bet-check,1,1,0,shortcode
Aj bjet j ve 789BET chua? Zang ky nh4n ngay 50k traj nghjem: 789bet.vn/km,1,1,0,personal_number
[789BET] Tjền fhat 5 trieu vj choj wua han. Cljck ze kjeu naj: bit.ly/789bet-khieunai,1,1,0,brandname
Zuy nhat hom nay! 789BET tang 88k cho 4nh em n4p tjền. Link: 789bet.pro,1,1,0,shortcode
Ket b4n Z4lo 0901222333 ze xem hjnh anh xjnh cua e t4j 789BET nhe,1,0,1,personal_number
[789BET] He th0ng b4o trj: B4n can c4p nh4t th0ng tjn t4j: bit.ly/789bet-update,1,1,0,brandname
Wua tang khun tu 789BET. Nh4n ngay jac bjet 10tr. Ljnk: 789bet.info,1,1,0,shortcode
Chj co o 789BET: Xem gjrl l0 th4n mjen fhy. Truy cap ngay: 789bet.cc,1,1,0,personal_number
[789BET] Rut tjền th4nh c0ng 20.000.000z. Neu kh0ng fhaj b4n cljck: bit.ly/789bet-cancel,1,1,0,brandname
Vj ly z0 b4o m4t, 789BET yeu cau b4n thay zoj mat kh4u: bit.ly/789bet-pass,1,1,0,shortcode
Ljen he CSKH 789BET wua szt 0922888999 ze nh4n coze 200k mjen fhy,1,0,1,personal_number
[789BET] Th0ng b4o fhat vj vj fham wunky: bit.ly/789bet-rule. Cljck ze xem chj tjet,1,1,0,brandname
Zen voj 789BET ze jao luu cung cac e sjnh vjen. Zang ky: 789bet.net,1,1,0,personal_number
789BET: B4n co tjền thuong chua nh4n. Han ch0t hom nay: bit.ly/789bet-gift,1,1,0,shortcode
[789BET] T4j kh0an bj kja m kh0a. Go loj t4j: 789bet.vn/fix,1,1,0,brandname
G4j xjnh 789BET zang cho b4n. Cljck ze xem hjnh anh kjn: bit.ly/789bet-sexy,1,1,0,personal_number
Nh4n ngay 500k free tu 789BET kkj ljen ket ngan h4ng. Ljnk: bit.ly/789bet-bank,1,1,0,shortcode
[789BET] Canh b4o ruj r0 t4j kh0an. Vao 789bet.me ze bao m4t ngay,1,1,0,brandname
Jao luu k3t b4n f0ng kjn t4j 789BET. Ljnk vao: bit.ly/789bet-room,1,1,0,personal_number
[789BET] Th0ng b4o thuong n4p 50% cho szt 097xxx. Ljen he: 0366777888,1,0,1,brandname
Wua tang b4t ngo! 789BET tang b4n voucher 1tr. Nh4n t4j: bit.ly/789bet-vouch,1,1,0,shortcode
789BET: Xem ljve nh4y cam mjen fhy luc 12h. Ljnk: 789bet.link,1,1,0,personal_number
[789BET] Tkhoan b4n bj z0ng b4ng. Vao bit.ly/789bet-unlock ze mo ngay,1,1,0,brandname
Wua khung tu 789BET. Nh4n 200k kkj zang ky moj. Ljnk: 789bet.fun,1,1,0,shortcode
Em l4 th4nh vj3n 789BET. Anh co mu0n jao luu k? Alo e: 0988555444,1,0,1,personal_number
[789BET] Th0ng b4o: B4n za trung thuong 1 chjec SH. Ljen he nh4n jaj: bit.ly/789bet-sh,1,1,0,brandname
789BET khuyen m4j cuc l0n. N4p 100k nh4n 300k. Ljnk: bit.ly/789bet-km100,1,1,0,shortcode
[789BET] Fhat hjen truy cap b4t thuong. Vao 789bet.biz ze z0j mk,1,1,0,brandname
Xem fjm kjn mjen fhy t4j 789BET. Cljck ngay: bit.ly/789bet-movie,1,1,0,personal_number
789BET: B4n co 1 th0ng b4o m0j ve tjền thuong. Xem t4j: 789bet.org,1,1,0,shortcode
[789BET] Vj ly z0 ky thuat, tjền rut bj treo. Vao bit.ly/789bet-support ze gaj wuget,1,1,0,brandname
Jao luu cung e gaj mjen t4y t4j 789BET. Ljnk: bit.ly/789bet-girl,1,1,0,personal_number
"T#e#l#e#g#r#a#m: C0 1 y#u c@u k#t b@n t^ h@i e#m g@i x!nh d#ng ch0. Truy c@p: bit.ly/vn_dating",1,1,0,'personal_number'
"[T.L.G] Ch^c m^ng! B@n d^oc t@ng v0ucher h#n h@ v!p c^ng s!nh v!en. C1ick: t.me/tlg_date",1,1,0,'brandname'
"C@NH B@O: H!nh @nh nh@y c@m c^a b@n d@ng b! ph@t t@n tr^n nh0m T.e.l.e.g.r.a.m. V@o g@p x0a: bit.ly/security-check",1,1,0,'shortcode'
"H#n h@ t^i t@m: Nh@n tin v0i g@i x!nh v^ng l@n c@n. T@i app T.e.l.e.g.r.a.m k#t b@n ngay: 0928334122",1,0,1,'personal_number'
"T.E.L.E.G.R.A.M: B@n c0 5 tin nh@n ch^a d0c t^ 'Linh Cute'. Xem @nh t@i: tinyurl.com/girl-tlg",1,1,0,'brandname'
"D!ch v^ 'G@i G0i' tr^n T#e#l#e#g#r#a#m d@ng gi@m gi@ 50%. Nh@n v@o d^ d@t l!ch: bit.ly/booking-girl",1,1,0,'personal_number'
"TH0NG B@O: T@i kh0@n T.e.l.e.g.r.a.m c^a b@n b! b@o c@o v! ph@m thu@n phong m^ t^c. Ki#m tr@: t.me/support_tlg",1,1,0,'shortcode'
"C0 e#m g@i g^n b@n mu0n l@m qu#n. V@o T.e.l.e.g.r.a.m t!m ID @ngoc_18 de ch@t s#x: bit.ly/tlg-dating",1,1,0,'personal_number'
"C^ b@ s0ng nh@ b@n d@ng t!m b@n t^nh tr^n T.e.l.e.g.r.a.m. Xem h!nh t@i: bit.ly/secret-dating",1,1,0,'brandname'
"QU@ T@NG V!P: Nh@n th# th@nh vi#n CLB H#n H0 T.e.l.e.g.r.a.m mien phi. LH: 0392110293",1,0,1,'personal_number'
"T#e#l#e#g#r#a#m: B@n d#uoc m0i v@o nh0m 'S!nh Vi#n C^ d0n'. Tham gi@ ngay: bit.ly/sv-dating",1,1,0,'shortcode'
"C@NH B@O: Video r0 r! c^a b@n d@ng b! t@n c^ng tr^n m@ng x@ h0i. V@o T.e.l.e.g.r.a.m d# x0a: t.me/report_center",1,1,0,'brandname'
"H#n h0 d# d@ng: Ch! c@n 1 click de k#t n0i v0i h@ng ng@n g@i x!nh T.e.l.e.g.r.a.m. Th^ ngay: bit.ly/tlg-hot",1,1,0,'personal_number'
"T.L.G DATING: Ch^c m^ng b@n l@ ngu0i m@y m@n d#uoc k#t d^i v0i hotgirl. Xem profile: bit.ly/hot-profile",1,1,0,'brandname'
"B@n c0 cu0c g0i nh0 v!deo t^ T.e.l.e.g.r.a.m. Nh@n v@o link d# xem l@i: tinyurl.com/call-back-tlg",1,1,0,'personal_number'
"K#t b@n b0n ph^ong: G@i d0m d@ng t!m ngu0i y#u tr^n T.e.l.e.g.r.a.m. K#t b@n: 0882345xxx",1,0,1,'shortcode'
"TH0NG B@O KH@N: Ai d0 d@ng d^ng @nh c^a b@n l@m d!ch v^ nh@y c@m tr^n T.e.l.e.g.r.a.m. Xem: bit.ly/check-img",1,1,0,'brandname'
"T#e#l#e#g#r#a#m H#n H@: E#m d@ng d@i @nh 0 d^y, v@o xem r0i m!nh d! ch@i nhe. Link: t.me/em_xinh_99",1,1,0,'personal_number'
"D!ch v^ h#n h0 c@o c^p: Cam k#t k#t n0i th@nh c0ng 100% tr^n T.e.l.e.g.r.a.m. DK: bit.ly/vip-dating-vn",1,1,0,'brandname'
"B@n d^oc t@ng 1 bu0i h#n h0 mi#n ph! v0i s!nh vi#n. Li#n h# T.e.l.e.g.r.a.m: @cskh_dating",1,0,0,'shortcode'
"C@NH B@O: T@i kh0@n T.e.l.e.g.r.a.m b! d@ng nh@p l@ t@i H@ N0i. N#u kh0ng ph@i b@n, b^m: bit.ly/tlg-security",1,1,0,'personal_number'
"T.e.l.e.g.r.a.m H#n H0: C0 e#m g@i mu0n t@m s^ c^ng b@n. K#t n0i ngay: bit.ly/tam-su-dem",1,1,0,'brandname'
"V!deo c^a b@n b! l0 tr^n c@c h0i nh0m k!n T.e.l.e.g.r.a.m. Truy c@p d# g0 b@i: t.me/xoa_clip_24h",1,1,0,'shortcode'
"T!m b@n d0i t@i T.e.l.e.g.r.a.m: G@i x!nh, s!nh vi#n, n^ v@n ph0ng d@ng ch0 b@n. Link: bit.ly/tlg-tim-ban",1,1,0,'personal_number'
"C@NH B@O: Ph@t hi#n tin nh@n r@c nh@y c@m t^ s0 d! th0@i c^a b@n tr^n T.e.l.e.g.r.a.m. Ch@n: bit.ly/block-spam",1,1,0,'brandname'
"T#e#l#e#g#r#a#m: Nh@n ngay 500k khi tham gi@ clb h#n h0 v!p. Link d@ng k^: t.me/clb_dating_bonus",1,1,0,'shortcode'
"E#m l@ Linh d@ng 0 g@n nh@ b@n, k#t b@n T.e.l.e.g.r.a.m v0i e#m nhe: 0947728112",1,0,1,'personal_number'
"TH0NG B@O: B@n d^oc ch0n v@o nh0m 'G@i G0i C@o C^p' tr^n T.e.l.e.g.r.a.m. Xem danh s@ch: bit.ly/list-girls",1,1,0,'brandname'
"T#e#l#e#g#r#a#m H#n H@: C0 m0t m0i li#n h# m0i t^ 'Ng0c Tr!nh'. Xem ngay: tinyurl.com/tlg-msg",1,1,0,'personal_number'
"QU@ T@NG S^X T0Y: D@nh ri#ng cho th@nh vi#n T.e.l.e.g.r.a.m Dating. Nh@n t@i: bit.ly/qua-tang-tlg",1,1,0,'shortcode'
"C@NH B@O: T@i kh0@n T.e.l.e.g.r.a.m c^a b@n s@ s# b! kh0@ do ch^a h!nh @nh c^m. X@c m!nh: t.me/verify_tlg",1,1,0,'brandname'
"T!m ngu0i y#u t@m th0i tr^n T.e.l.e.g.r.a.m. Kh0ng r@ng bu0c, b@o m@t 100%. Click: bit.ly/hen-ho-kin",1,1,0,'personal_number'
"T#e#l#e#g#r#a#m: B@n c0 1 th0ng b@o t^ nh0m 'H#n H@ K!n'. Xem t@i: t.me/secret_group_vn",1,1,0,'shortcode'
"E#m d@ng th^y c0 d0n qu@, v@o T.e.l.e.g.r.a.m ch@t v0i e#m nhe @linh_cute_18. Link: bit.ly/chat-v0i-em",1,1,0,'personal_number'
"C@NH B@O: Ai d0 d@ng theo d0i v! tr! c^a b@n qu@ T.e.l.e.g.r.a.m. T@t ngay: bit.ly/stop-tracking",1,1,0,'brandname'
"T.L.G DATING: G!@m gi@ 70% d!ch v^ 'G@i x!nh t@i gi@'. D@t l!ch ngay: t.me/booking_fast",1,1,0,'shortcode'
"T#e#l#e#g#r#a#m: B@n nh@n d^oc link xem v!deo nh@y c@m t^ b@n b@. Nh@n v@o: bit.ly/video-private",1,1,0,'personal_number'
"Ch^c m^ng! B@n d@ tr^ng thu0ng chuy#n d! ch@i c^ng hotgirl T.e.l.e.g.r.a.m. LH: 0911223344",1,0,1,'brandname'
"T#e#l#e#g#r#a#m H#n H@: H@ng ng@n e#m s!nh vi#n d@ng ch0 b@n k#t n0i. Tham gi@: bit.ly/tlg-student",1,1,0,'shortcode'
"C@NH B@O: H!nh @nh c^a b@n b! d^ng l@m profile l^a d@o tr^n T.e.l.e.g.r.a.m. Ki#m tr@: t.me/report_bot_vn",1,1,0,'personal_number'
[MCR3DIT] Th0ng b@o: Khoan v@y cua b@n d@ dvoc duyet. Vuj l0ng trv_c@p: mcredit-online.cc d3 nh@n tj3n.,1,1,0,brandname
(M-CREDIT) Chvc mvng b@n nh@n dvoc voucher 2tr d0ng. Cljck v@o l_ink h.tt.ps://mcredit.top/qua d3 nh@n.,1,1,0,brandname
TB tu Mcredit: Tk cua b@n bj t@m khoa do thj3u th0ng tjn. C@p nh@t ngay t@i: bit.ly/mcredit-vj,1,1,0,brandname
[MCREDIT] Ban co khoan v@y v_v d@i 50tr l@i sv@t th@p. Lj3n h3 nvnvi3n: 0928374655 d3 lam ho s0.,1,0,1,personal_number
C@nh b@o: Co thj3t bj l@ dang truy c@p tk Mcredit cua b@n. N3u kh0ng phai b@n, bam: mcredit-security.com,1,1,0,brandname
M-CR3DIT: Chvc mvng sdt 093xxx trvng thuong xe SH Mode. Lj3n h3 0899234123 l@m thv tvc nh@n qu@.,1,0,1,personal_number
[MCredjt] Thong bao: Ho so v@y cua b@n bj t_v ch0i. Vuj l0ng bam v@o: bit.ly/mcredit-check d3 xem ly do.,1,1,0,brandname
TB: Mcredit t@ng b@n g0i v@y 20tr khong l@i sv@t. Chi can CMND. Lj3n h3 Z@lo: 0945566778.,1,0,1,personal_number
[M-CREDIT] Tk cua b@n bi khoa vj nghj v@n gj@n l@n. Vuj l0ng x@c mjn_h t@i: mcredit-verify.vn,1,1,0,brandname
Chuc mvng! B@n l@ kh@ch h@ng m@y m@n nh@n 5.000.000d tv MCR3DIT. Nh@n qu@ t@i: bit.ly/mc-qua88,1,1,0,brandname
MCR3DIT thong bao: Khoan vay 100tr cua b@n sap het h@n. Vuj l0ng th@nh to@n ngay t@i: mcredit-pay.cc,1,1,0,brandname
[TB] Mcredit: Ho so cua b@n dang thj3u chu ky. Vuj l0ng bo sung t@i: h.tt.ps://mcredit-online.pro,1,1,0,brandname
M-CR3DIT: B@n co th3 nh@n th3m 10tr d0ng tjn dvng. Kj3m tr@ dju kj3n t@i: bit.ly/mcredit-v1,1,1,0,brandname
(C@nh Ba0) Mcredit: Phat hj3n truy c@p b@t thv0ng. Vuj l0ng khoa tk t@m th0i t@i: mcredit-lock.info,1,1,0,brandname
MCR3DIT: Chvc mvng b@n duoc tang th3 tjn dvng 50tr. Lj3n h3 CSKH 0912233445 d3 k_jch ho@t.,1,0,1,personal_number
Th0ng ba0: Khoan v@y cua b@n bj treo do s@i sdt. Vuj l0ng v@o: bit.ly/mcredit-fix d3 sv@.,1,1,0,brandname
[Mcredit] Ban duoc ho tr0 vay n0 x@u len d3n 30tr. Dang ky ngay: 0888334455 ho@c mcredit-vay.net,1,1,1,brandname
TB tu M-CREDIT: Qu@ t@ng tri @n kh@ch h@ng l@ 1 chj3c iPhone 15. Nh@n ngay: tinyurl.com/mc-iphone,1,1,0,brandname
(MCR3DIT) Canh bao: Co l0i gj@i ng@n khoan vay. Vuj l0ng x@c mjn_h l@i t@i: mcredit-bank.vn,1,1,0,brandname
M-CR3DIT: Chvc mvng sdt cua b@n nh@n dvoc u_u d@i v@y 0% l@i. Lj3n h3: 0922113344.,1,0,1,personal_number
[MCREDIT] Th0ng ba0: He thong b@o trj, vuj l0ng dang nh@p l@i tk t@i: mcredit-web.com d3 tr@nh m@t tj3n.,1,1,0,brandname
MCR3DIT: Khoan vay 40tr cua b@n d@ san s@ng. Nh@n tj3n trv0c 18h h0m n@y t@i: bit.ly/mc-fast,1,1,0,brandname
(TB) M-Credit: B@n co 1 ph@n qu@ tv chu0ng trjnh b0c th@m. Xem chj tj3t: mcredit-gift.vn,1,1,0,brandname
MCR3DIT_ThongBao: Ho so 2234xx cua b@n bj t_v ch0i. Bam v@o d3 khj3u n@i: bit.ly/mcredit-kn,1,1,0,brandname
[M-CREDIT] B@n co n0 qu@ h@n. Vuj l0ng th@nh to@n ngay d3 tr@nh n0 x@u t@i: h.tt.ps://mcredit-v.cc,1,1,0,brandname
MCR3DIT: Chvc mvng b@n trvng thvong 10.000.000d. Lj3n h3 Z@lo 0909887766 d3 nh@n tj3n m@t.,1,0,1,personal_number
TB: Mcredit ho tro v@y tj3n m@t khong th3m dju kj3n. Dang ky t@i: mcredit-cash.com,1,1,0,brandname
[Mcredit] C@nh ba0: Tai khoan bi d@ng nh@p o dja d_j3m l@. X@c mjn_h ngay: bit.ly/mcredit-sc,1,1,0,brandname
MCR3DIT: Tang b@n g0i v@y tieu dvng 15tr. Lj3n h3 nvnvi3n t_v v@n: 0877112233.,1,0,1,personal_number
(M-CREDIT) Chvc mvng b@n l@ 1 trong 10 nguoi nh@n dvoc qu@. Cljck: mcredit-lucky.top,1,1,0,brandname
[MCR3DIT] Th0ng ba0: Khoan vay cua b@n dang bj tam d_vng. Cap nh@t t@i: bit.ly/mcredit-up,1,1,0,brandname
M-CR3DIT: Nh@n ngay voucher giam 50% l@i sv@t. Nh@n m@ t@i: mcredit-sale.vn,1,1,0,brandname
(TB) Mcredit: Phat hj3n rvi ro bao m@t. Vuj l0ng doi m@t kh@u ngay: bit.ly/mcredit-pass,1,1,0,brandname
MCR3DIT: B@n co khoan vay 25tr dvc duy3t tv d0ng. Nh@n tj3n ngay: 0944009988,1,0,1,personal_number
[MCREDIT] Th0ng ba0: B@n d@ trvng 1 l0ng v@ng SJC. Lj3n h3: 0833445566 d3 l@m t_v tvc nh@n.,1,0,1,personal_number
M-CR3DIT: Ho so v@y cua b@n b_j l0i h3 th0ng. Vuj l0ng kv_y l@i t@i: mcredit-fix.cc,1,1,0,brandname
(MCR3DIT) C@nh ba0: Tk co d@u hj3u b_j x@m nh@p. Bam v@o l_ink d3 khoa: bit.ly/mcredit-safe,1,1,0,brandname
MCR3DIT_TB: B@n duoc tang th3 mua sam 3tr d0ng. Nh@n m@ t@i: h.tt.ps://mcredit.top/qua,1,1,0,brandname
[Mcredit] Chvc mvng! sdt 091xxx dvc ch0n nh@n qu@ tri @n. Lj3n h3 0922334455 ngay.,1,0,1,personal_number
M-CR3DIT: Thong bao nang cap he thong. Vuj l0ng dang nh@p l@i: bit.ly/mcredit-new,1,1,0,brandname
"Laza-da thon9 b4o: Chuc mun9 b4n nHAn duoc v0ucher 5OOk. Truy c4p bit.ly/laz-km de^ nhan n9ay!",1,1,0,brandname
"Tuyen CTV Laza-da xử lY d0n hAn9 t4j nh4. Luon9 3OOk-8OOk/n9ay. LH Z@lo: O382145xxx",1,0,1,personal_number
"C0n9 vj3c t4j nh4: CTV ch0t d0n Laza-da, kH0n9 cAn v0n. J0j nh0m n9ay: t.me/lazadavn_job",1,1,0,personal_number
"C4nh b4o! T4j kho4n Laza-da bj t4m kh0a. Vuj lon9 xac thuc t4j: bit.ly/laz-verify de^ mo^? l4j",1,1,0,brandname
"Laza-da tuye^n nhan vj3n jao hAn9 luon9 12tr/thAn9. Lj3n h3 fhon9 nS: O912345xxx de^ fhon9 vAn",1,1,1,personal_number
"Chuc mun9! SDT O9xxx cua b4n trun9 thuon9 1 xe SH tu Laza-da Mall. Xem t4j: lazada-vn.cc",1,1,0,brandname
"Vj3c l4m online fhu h0p moj l0aj tuj. Laza-da tuye^n CTV d4nh jia s4n fham. Lh Z@lo O772831xxx",1,0,1,personal_number
"H3 thon9 Laza-da b4o trj. Vuj lon9 cAp nh4t th0n9 tjn n9an hAn9 de^ nhan hoan tje^n: bit.ly/lz-fix",1,1,0,shortcode
"Laza-da nhac nh0: B4n c0 d0n hAn9 ch0 th4nh toan. Truyc4p: lazada-vnpay.cc de^ hoan t4t",1,1,0,shortcode
"Th0ng b4o vj fhat: B4n vj fham wuy djnh Lazada Mall. Truy c4p l1nk de^ khjeu n4j: lazada-claim.vn",1,1,0,brandname
"B4n duoc moi l4m CTV tHan9 thAn9 Laza-da. Kiem 1Otr/thAn9. Kb Z@lo nhan vj3c: O865421xxx",1,0,1,personal_number
"Laza-da tAn9 wua mien fhi cho khach hAn9 thAn thj3t. Bam vao l1nk: tinyurl.com/lz-qua-tang",1,1,0,brandname
"H3 thon9 Lazada tuye^n 50 CTV d4nh jia s4n fham. Luon9 chuyen kh0an n9ay. LH: O903123xxx",1,0,1,personal_number
"Th0n9 b4o: T4j kho4n Laza-da c0 zu hieu bj xAm nh4p. Vuj lon9 d0j m4t kh4u t4j: bit.ly/laz-secure",1,1,0,shortcode
"Vj3c nhan r0j: Chj fhej duy3t d0n Laza-da tr3n djen th0aj. Luon9 5OOk/n9ay. Kb Zalo: O94421xxx",1,0,1,personal_number
"Laza-da tuye^n CTV jao hAn9 khu vuc ban. Luon9 cAo + thuon9. DAn9 kY t4j: bit.ly/tuyen-dung-lz",1,1,0,brandname
"K3 ho4ch thj th3m thu nh4p: Lazada tuye^n CTV online. Kh0n9 c0n v0n. LH Z@lo: O355214xxx",1,0,1,personal_number
"Chuc mun9 b4n trun9 thuon9 1Otr d0n9 tu Laza-da. Lj3n h3 CSKH de^ nhan thuon9: bit.ly/lz-cskh",1,1,0,brandname
"Laza-da thon9 b4o: D0n hAn9 #2024 cua b4n gap su c0. Truy c4p l1nk de^ xu ly: lazada-care.com",1,1,0,shortcode
"CAn n9u0j fhu jup Lazada ch0t d0n hAn9. Luon9 2OOk/jjo. Lj3n h3 n9ay Z@lo: O98124xxx",1,0,1,personal_number
"Suj kjen Laza-da: Nhan mien fhi IP15 Pro Max cho 10 n9u0j nHAnH nhAt. Xem t4j: bit.ly/lz-km-hot",1,1,0,brandname
"Th0n9 b4o tu Laza-da: B4n c0 1 kjoan tje^n hoan l4j chua nhan. NhAn t4j: bit.ly/lz-refund",1,1,0,brandname
"Laza-da tuye^n CTV s4n d0n jia re^. Hoa hon9 20%. Kb Z@lo de^ huon9 dAn: O33215xxx",1,0,1,personal_number
"T4j kho4n Laza-da cua b4n bj kh0a do h3 thon9 wuet. Mo^? l4j t4j: bit.ly/laz-unlock",1,1,0,shortcode
"CTV Lazada: Ch0t d0n thAn9 t0an hoa hon9 cao. Kh0n9 mat fhi. Lj3n h3 Z@lo: O82214xxx",1,0,1,personal_number
"Laza-da Sale 50% cho CTV moj. DAn9 kY n9ay de^ nhan uu daj: bit.ly/laz-ctv-sale",1,1,0,brandname
"Vj3c l4m online: Lazada tuye^n CTV t4j nh4. Thu nh4p 5-10tr. LH: O702145xxx",1,0,1,personal_number
"C4nh b4o: C0 thj3t bj l4 dAn9 dAn9 nh4p Laza-da cua b4n. Kjem tr4 t4j: bit.ly/laz-check",1,1,0,shortcode
"Laza-da tuye^n CTV nh4p ljeu d0n hAn9. Luon9 4OOk/n9ay. Lj3n h3 Z@lo: O399214xxx",1,0,1,personal_number
"H3 thon9 Laza-da b4o trj r0t tje^n. Vuj lon9 xac thuc l4j tHe^? n9an hAn9: lazada-bank.cc",1,1,0,brandname
"Chuc mun9! B4n la khach hAn9 mAy man nhan 1 chj3c IP15 tu Laza-da. Lh: O94125xxx de^ nhan",1,0,1,personal_number
"Laza-da tuye^n CTV l4m vj3c t4j nh4. Kh0n9 ye^u cAu kjnH n9hjem. LH Z@lo: O81124xxx",1,0,1,personal_number
"Th0n9 b4o: B4n c0 d0n hAn9 mien fhi tu Laza-da Mall. Bam de^ nhan: bit.ly/lz-free",1,1,0,brandname
"Laza-da thon9 b4o: B4n c0 tje^n thuon9 2OOk tron9 vj. Rut tje^n t4j: bit.ly/lz-wallet",1,1,0,shortcode
"Tuyen CTV Lazada vj3t d4nh jia s4n fham. 5Ok/b4j vj3t. Lj3n h3 Z@lo: O32145xxx",1,0,1,personal_number
"C4nh b4o! Don hAn9 Laza-da cua b4n bj huyo. Bam vao de^ hoan tje^n: bit.ly/lz-cancel",1,1,0,brandname
"Laza-da tuye^n CTV xu ly d0n t4j kho. Luon9 1Otr + fhu cAp. LH: O977214xxx",1,0,1,personal_number
"Vj3c l4m Lazada: Tuye^n CTV quAn9 cAo s4n fham. Luon9 tra theo n9ay. LH Zalo: O855214xxx",1,0,1,personal_number
"Laza-da tAn9 wua trj 4n khach hAn9. Nhan t4j l1nk: bit.ly/lz-qua-tri-an",1,1,0,brandname
"Th0n9 b4o: B4n duoc chon thAm jja clb CTV Lazada. Luon9 5OOk/n9ay. Lh: O36621xxx",1,0,1,personal_number
"[TIKI] Chuc mung! Ban duoc chon lam CTV part-time luong 500k-1tr/ngay. Dang ky ngay tai: http://tiki-0fficial.com de nhan viec.",1,1,0,brandname
"TIKl thong bao: Don hang 29384 bi loi thanh toan. Vui long xac thuc tai: https://tiki-vI.com hoac LH 0912334455.",1,1,1,brandname
"Tuyen nhan vien Tiki truc online tai nha. Luong cung 10 trieu + hoa hong. Ket ban Zalo 0823445566 de nhan mo ta.",1,0,1,personal_number
"Tiki tang ban Voucher 500k mien phi. Click vao link de nhan ngay keo het han: http://tiki-sh0p.me/voucher",1,1,0,shortcode
"Tai khoan Tiki cua ban dang bi dang nhap trai phep. Vui long vao https://tiki-security.vI de doi mat khau ngay.",1,1,0,brandname
"Tiki: Ban co 1 buu pham chua nhan. Vui long truy cap http://tiki-nhanhang.vI de xac nhan thong tin giao hang.",1,1,0,shortcode
"[TUYEN DUNG] Tiki tim 50 CTV chot don online. Khong can von, luong tra theo ngay. LH: 0903445566 hoac bit.ly/tiki-vI",1,1,1,personal_number
"Chuc mung ban may man nhan duoc IP15 Pro Max tu Tiki. Truy cap http://tiki-0fficial.net de lam thu tuc nhan giai.",1,1,0,brandname
"Tiki thong bao: Tai khoan cua ban se bi khoa trong 2h nua do vi pham. Mo khoa tai: https://tiki-vI.com/lock",1,1,0,brandname
"Viec lam Tiki tai nha cho me bim sua. Luong 300k/ca. Lien he ngay Zalo: 0888334422 de duoc huong dan.",1,0,1,personal_number
"Ban nhan duoc 1 yeu cau hoan tien 2.000.000d tu Tiki. Click vao http://tiki-0fficial.com/refund de nhan tien.",1,1,0,shortcode
"TIKI: Tuyen gap 20 nam/nu soat don hang online. Luong 500k/ngay. Dang ky tai: bit.ly/tiki-hiring-vI",1,1,0,brandname
"Canh bao! Ai do dang rut tien tu vi Tiki cua ban. Neu khong phai ban, vao https://tiki-sh0p.vn de chan.",1,1,0,brandname
"[Tiki-Hiring] Thu nhap on dinh 15tr/thang khi lam CTV Tiki. Kb Zalo 0945667788 de nhan viec ngay.",1,0,1,personal_number
"Tiki tang qua tri an khach hang than thiet. Nhan qua tai day: http://tiki-sh0p.me/gift. So luong co han!",1,1,0,shortcode
"Don hang Tiki cua ban dang bi tam giu tai kho. Vui long thanh toan phi luu kho tai: https://tiki-vI.net",1,1,0,brandname
"Co hoi duy nhat! Lam CTV Tiki nhan hoa hong 20% moi don hang. Dang ky: http://tiki-0fficial.vn/reg",1,1,0,shortcode
"TIKI: Ban trung thuong phan qua 5.000.000d. Moi lien he CSKH 028.710.888 hoac vao link tiki-sh0p.vn",1,1,1,brandname
"Tiki tim doi tac kinh doanh chiet khau cao. Thu nhap khong gioi han. LH: 0966778899 hoac bit.ly/tiki-vI",1,1,1,personal_number
"Thong bao: Tiki tang mien phi tui xach cao cap cho ban. Nhan tai: http://tiki-personaI.com/gift",1,1,0,brandname
"Lenh rut tien 5.000.000d tu Tiki dang cho duyet. Neu khong phai ban, click huy tai: https://tiki-vI.com",1,1,0,shortcode
"Tiki tuyen nhan vien nhap lieu tai nha. Luong 200k/gio. Dang ky qua Zalo: 0833445566. Gap Ms.Lan.",1,0,1,personal_number
"Ban co 1 phan qua chua nhan tu su kien Tiki-12.12. Truy cap http://tiki-0fficial.net de nhan ngay hom nay.",1,1,0,brandname
"TIKI: Khoa tai khoan tam thoi do nghi ngo gian lan. De mo lai vui long vao https://tiki-vI.me/auth",1,1,0,brandname
"Kiem tien cung Tiki: Chi can dien thoai, lam tai nha, luong 10tr+. Dang ky tai: bit.ly/tiki-vI-job",1,1,0,personal_number
"Ban da trung voucher 1.000.000d mua hang tai Tiki. Nhap ma tai http://tiki-sh0p.vn de su dung.",1,1,0,brandname
"Tiki thong bao: Diem thuong cua ban sap het han. Doi qua ngay tai: https://tiki-vI.com/points",1,1,0,shortcode
"[Hot] Tuyen CTV Tiki chot don thang 10. Luong 400k/ngay tra luon. LH Zalo: 0911223344 de nhan tai lieu.",1,0,1,brandname
"Canh bao: Tai khoan Tiki cua ban bi dang nhap tu thiet bi la. Xac minh tai: http://tiki-sh0p.me/verify",1,1,0,brandname
"Tiki: Don hang 55678 da giao thanh cong. Neu ban chua nhan, vui long khieu nai tai: https://tiki-vI.net",1,1,0,shortcode
"Co viec lam them tai nha cho moi nguoi. Hop tac cung Tiki luong cao. LH Zalo: 0855667788 de trao doi.",1,0,1,personal_number
"Tiki uu dai vay von kinh doanh len den 50tr. Dang ky nhanh tai: http://tiki-0fficial.com/loan",1,1,0,brandname
"Xac nhan don hang Tiki trung thuong xe SH. Vui long thanh toan phi van chuyen tai: https://tiki-vI.com",1,1,0,brandname
"Tiki can tuyen 10 ban ho tro ban hang online. Luong 8tr/thang. Khong yeu cau kinh nghiem. LH 0933442211.",1,0,1,personal_number
"Ban nhan duoc loi moi lam dai ly Tiki mien phi. Xem chi tiet tai: http://tiki-sh0p.vn/agency",1,1,0,shortcode
"TIKI: He thong phat hien loi bao mat tai khoan. Vui long cap nhat lai thong tin tai: https://tiki-vI.org",1,1,0,brandname
"Chuc mung ban may man trung thuong 10 trieu tu Tiki. Nhan giai qua link: bit.ly/tiki-vI-win",1,1,0,shortcode
"Tuyen nhan vien Tiki dong goi hang tai nha. Luong 300k/don. Ket ban Zalo 0899887766 de nhan viec.",1,0,1,personal_number
"Tiki thong bao: So du vi Tiki cua ban thay doi +2.000.000d. Kiem tra tai: http://tiki-0fficial.com/balance",1,1,0,brandname
"Ban co 1 tin nhan khan tu Tiki ve don hang bi that lac. Xem chi tiet tai: https://tiki-vI.me/issue",1,1,0,shortcode"
"[789B-E-T] Thong bao: TK cua ban nhan dc 888k free. Click: bit.ly/789-bet de nhan",1,1,0,brandname
"L0- de 1 an 99 tai 789B3T. Tang ng@y 100k khj n@p d@u. Lh zl: 0332456789",1,0,1,personal_number
"X3m hjnh @nh n0ng cac e gaj xjh tai 789B-et. L1nk: 789bet.top. Tr@i nghj3m ng@y!",1,1,0,shortcode
"Canh b@o: TK 789BET cua ban bj kho@. Vuj l0ng vao link: bit.ly/789-xac-thuc de mo",1,1,0,brandname
"C0' bj3n! Ad 789B-et phat l0c 2 cu ch0 ae n@p hnay. Lj3n h3 0988776655 n-h-a",1,0,1,personal_number
"B-e-t-7-8-9 t@ng code 50k ch0 th@nh vj3n mo'i. Click: 789bet.club",1,1,0,shortcode
"Hot hot: Cl-ip 18+ m0i nhat tai 789B-ET. Xem f-r-e-e t@i bit.ly/clip-789",1,1,0,personal_number
"789B3T t@ng b@n 1 v0ng quay m@y m@n trung IP15. L-i-n-k: bit.ly/789-luck",1,1,0,brandname
"X@c thuc th0ng tjn TK 789B-ET d3 nh@n 200k v@o tk. L1nk: 789bet.vn/active",1,1,0,shortcode
"Cho-i l0 de, x0c dj@ uy tjn t@i 789BET. Nh@n khuyen m@i 100% t@i zl: 0977123456",1,0,1,personal_number
"[789-B-E-T] Chuc m-ung b@n tr-ung thu0ng 50tr. L.h3 ngay sdt 0901223344 d3 nh@n",1,0,1,brandname
"G@i xinh live s-e-x m0j d3m tai 789B3T. Nh@n l-i-n-k kjn t@i: bit.ly/789-cljp",1,1,0,shortcode
"TK 789BET c0' tjn nh@n m0i. Vuj l0ng kj3m tra t@i: 789bet.xyz/inbox",1,1,0,brandname
"L0 d3 1 @n 99.5 duy nh@t hnay t@i 789B-E-T. Dk ngay: bit.ly/789-bet-km",1,1,0,personal_number
"S-u kj3n 789B3T: N@p 100k nh@n 1tr. Chj @p dung trong 2h. Lj3n h3: 0355667788",1,0,1,shortcode
"789BET t@ng qu@ th-j thuc ch0 ae. Click vao: bit.ly/789-qua de lay m@.",1,1,0,brandname
"H3 th0ng 789B-ET b@o trj. Vuj l0ng dang nh@p l@i t@i: 789bet.pro/login",1,1,0,personal_number
"Nhan ngay 50k tja_i xju 789B3T m-ien phj. L1nk t@i: bit.ly/game-789",1,1,0,shortcode
"C0' g@i g0i b@n tr3n 789BET. Xem hjnh e n0' t@i: bit.ly/789-girl-hot",1,1,0,personal_number
"TK 789BET cua b@n c0' dau hjeu lam dung. X@c mjnh ng@y: bit.ly/789-security",1,1,0,brandname
"789B-E-T t@ng 100% gja trj n@p d@u. Lj3n h3 CSKH zl: 0899445566",1,0,1,shortcode
"Ban c0' 1 ph@n qu@ chua nh@n t@i 789BET. H@n ch0t 24h hnay. L1nk: bit.ly/789-gift",1,1,0,brandname
"K3t b@n zl 0944112233 nh@n ngay l-i-n-k x3m cl-ip 18+ cua 789B3T",1,0,1,personal_number
"Chuc mung sdt 09xxx tr-ung thu0ng SH tu 789BET. Click: bit.ly/789-sh d3 nhan",1,1,0,shortcode
"[C@NH B@O] TK 789B-ET se bj x0a sau 30p n3u ko x@c thuc. L1nk: bit.ly/789-verify",1,1,0,brandname
"789B3T ph@t l0c cu0i tu@n 500k ch0 ae c-u. Link: bit.ly/789-loc",1,1,0,personal_number
"Xem truc tjp bong d@ & ch0i b-e-t t@i 789BET. Dk: 789bet.win nh@n 100k",1,1,0,shortcode
"Gj@m gj@ 50% n@p th3 t@i 789BET. Duy nh@t hnay. Lh zl: 0966332211",1,0,1,brandname
"789B-ET th0ng b@o: Ban d@ d0t ph@ doanh thu. Nh@n qu@ t@i: bit.ly/789-thuong",1,1,0,personal_number
"C@nh b@o m@o danh 789BET. Vuj l0ng truy c@p l-i-n-k chjnh thuc: bit.ly/789-real",1,1,0,brandname
"789B3T: T@ng code 200k ch0 ae th@n thj3t. Nh@n t@i zl: 0388990011",1,0,1,shortcode
"Clj-p l0 d-u hotgril 789BET v-ua r0i. Xem ngay keo x0a: bit.ly/789-clip-hot",1,1,0,personal_number
"Th0ng b@o: Rut tj3n 789BET bj l-oi. Vao bit.ly/789-ho-tro de dc gj@i quy3t",1,1,0,brandname
"M0i b@n tham gj@ nh0m kj-n 789B-ET nh@n keo th0m. Lj3n h3: 0922558899",1,0,1,shortcode
"789BET: B@n d@ duoc ch0n nh@n qu@ th-uong 1tr. Dk t@i: bit.ly/789-lucky-win",1,1,0,brandname
"Tjnh d-u kjn d@o cung hotgjrl 789B3T. T@i app ng@y: bit.ly/789-app-hot",1,1,0,personal_number
"789B-ET - Nh@ v@y uy tjn s0 1 Vn. Dk nh@n ngay 88k. L1nk: 789bet.me",1,1,0,shortcode
"TK 789BET cua b@n dang co' 1.500.000d. Rut ngay t@i: bit.ly/789-rut-tien",1,1,0,brandname
"H3 th0ng 789B3T t@ng b@n voucher 500k. Lj3n h3 zl: 0911002233 de lay",1,0,1,personal_number
"Uu d@i d@c bj3t tu 789BET: Cu0c 1 t@ng 1. L-i-n-k duy nh@t: bit.ly/789-km-hot",1,1,0,brandname
"T-3-l-3-g-r-4-m: C.0 1 y.3.u c.4.u k.3.t b.4.n m.0.1 t.u g.4.1 x.1.n.h. X.3.m t.4.1: bit.ly/v-n-h-3-n-h-0",1,1,0,brandname
"T.3.l.3.g.r.4.m: T.4.1 k.h.0.4.n c.u.4 b.4.n s.4.p b.1 k.h.0.4 d.0 v.1 p.h.4.m n.0.1 d.u.n.g. L.1.3.n h.3: 0901222333",1,0,1,brandname
"H.3.t h.4.n t.h.u.y.3.n d.u.n.g n.h.0.m h.3.n h.0 k.1.n. N.4.p t.1.3.n n.g.4.y t.4.1: t.me/v-1-p-l-0-v-3",1,1,0,shortcode
"C.4.n.h b.4.0: H.1.n.h 4.n.h n.h.4.y c.4.m c.u.4 b.4.n d.4 b.1 p.h.4.t t.4.n. G.0.1 0988.111.222 d.3 n.g.4.n c.h.4.n",1,0,1,personal_number
"T.3.l.3-G.r.4.m: B.4.n n.h.4.n d.u.0.c 1 m.4 g.1.4.m g.1.4 50% d.1.c.h v.u m.4.s.s.4.g.3 t.4.1 g.1.4: bit.ly/m-s-g-v-n",1,1,0,brandname
"T-3-l-3-g-r-4-m: C.h.u.c m.u.n.g! B.4.n d.u.0.c c.h.0.n l.4.m c.0.n.g t.4.c v.1.3.n d.u.y.3.t 4.n.h n.h.4.y c.4.m. L.u.0.n.g 20tr/t.h.4.n.g: 0945.666.777",1,0,1,personal_number
"T.3.l.3.g.r.4.m: T.h.0.n.g b.4.0 k.h.4.n c.4.p! T.4.1 k.h.0.4.n c.u.4 b.4.n d.4 n.h.4.p t.u l.4. P.h.3 d.u.y.3.t t.4.1: bit.ly/x-4-c-t-h-u-c",1,1,0,brandname
"K.h.0.n.g t.h.3 b.0 l.0! G.4.1 x.1.n.h x.u.n.g q.u.4.n.h b.4.n d.4.n.g t.1.m b.4.n d.0.1. K.3.t n.0.1 n.g.4.y: t.me/g-1-r-l-v-n",1,1,0,shortcode
"T-3-l-3-g-r-4-m: B.4.n d.4 t.h.4.n.h t.0.4.n g.0.1 V.I.P H.3.n H.0 2 t.r.1.3.u. N.3.u k.h.0.n.g p.h.4.1 b.4.n g.0.1: 0899.888.999",1,0,1,brandname
"C.4.n.h b.4.0: T.4.1 k.h.0.4.n c.u.4 b.4.n s.3 b.1 x.0.4 v.1 n.h.4.n t.1.n g.4.m b.4.y. K.1.3.m t.r.4 n.g.4.y: bit.ly/c-h-3-c-k-v-n",1,1,0,brandname
"T.3.l.3.g.r.4.m: B.4.n c.0 5 t.1.n n.h.4.n c.h.u.4 d.0.c t.u n.h.0.m S.u.g.4.r B.4.b.y. X.3.m n.g.4.y: t.me/s-u-g-4-r-v-n",1,1,0,shortcode
"T-3-l-3-g-r-4-m: X.4.c n.h.4.n m.4 O.T.P d.3 t.h.4.y d.0.1 s.0 d.1.3.n t.h.0.4.1 l.1.3.n k.3.t. N.3.u k.h.0.n.g p.h.4.1 b.4.n g.0.1: 0701.222.333",1,0,1,personal_number
"B.4.n d.u.0.c t.4.n.g 1 d.3.m m.1.3.n p.h.1 v.0.1 n.g.u.0.1 m.4.u. C.l.1.c.k d.3 n.h.4.n q.u.4: bit.ly/f-r-3-3-d-4-t-3",1,1,0,brandname
"T.3.l.3.g.r.4.m: H.3 t.h.0.n.g p.h.4.t h.1.3.n b.4.n d.4 n.h.4.p v.4.0 n.h.0.m c.4.m. X.4.c t.h.u.c d.4.n.h t.4.n.h: bit.ly/v-3-r-1-f-y",1,1,0,brandname
"K.h.4.n c.4.p: T.4.1 k.h.0.4.n T.3.l.3.g.r.4.m c.u.4 b.4.n b.1 k.h.1.3.u n.4.1 n.h.4.y c.4.m. L.1.3.n h.3 t.0.n.g d.4.1: 0911.444.555",1,0,1,personal_number
"T-3-l-3-g-r-4-m: B.4.n l.4 n.g.u.0.1 m.4.y m.4.n n.h.4.n d.u.0.c s.u.4.t h.3.n h.0 c.u.n.g V.I.P. D.4.n.g k.y n.g.4.y: t.me/v-i-p-d-4-t-3",1,1,0,shortcode
"C.0 y.3.u c.4.u k.3.t n.0.1 t.u m.0.t n.g.u.0.1 d.4.n.g 0 g.4.n b.4.n. X.3.m p.r.0.f.1.l.3: bit.ly/n-3-4-r-b-y",1,1,0,personal_number
"T.3.l.3.g.r.4.m: T.4.1 k.h.0.4.n c.u.4 b.4.n d.4 b.1 d.4.n.g n.h.4.p t.4.1 M.y.4.n.m.4.r. N.3.u k.h.0.n.g p.h.4.1 b.4.n h.4.y b.4.m: bit.ly/s-3-c-u-r-3",1,1,0,brandname
"H.3.n h.0 k.1.n: G.1.4.m g.1.4 80% p.h.1 t.h.4.n.h v.1.3.n V.I.P t.r.0.n.g 30 p.h.u.t. L.1.n.k: t.me/s-4-l-3-80",1,1,0,shortcode
"T-3-l-3-g-r-4-m: N.h.0.m h.3.n h.0 c.u.4 b.4.n d.4 b.1 b.4.0 c.4.0 v.1 p.h.4.m. X.u l.y n.g.4.y t.4.1: 0966.333.222",1,0,1,brandname
"B.4.n c.0 1 t.h.0.n.g b.4.0 m.0.1 t.u T.3.l.3.g.r.4.m D.4.t.1.n.g. N.h.4.n v.4.o l.1.n.k d.3 x.3.m: bit.ly/d-4-t-e-v-n-1",1,1,0,personal_number
"T.3.l.3.g.r.4.m: P.h.4.t h.1.3.n t.h.1.3.t b.1 l.4 d.4.n.g n.h.4.p. V.u.1 l.0.n.g x.4.c n.h.4.n d.4.n.h t.4.n.h: bit.ly/a-u-t-h-v-n",1,1,0,brandname
"B.4.n d.u.0.c t.4.1 k.h.0.4.n V.I.P t.r.3.n T.3.l.3.g.r.4.m h.3.n h.0 m.1.3.n p.h.1. K.1.c.h h.0.4.t: 0933.555.666",1,0,1,personal_number
"T-3-l-3-g-r-4-m: B.4.n c.0 2 t.1.n n.h.4.n t.u g.4.1 x.1.n.h. C.l.1.c.k d.3 x.3.m 4.n.h: t.me/h-0-t-g-1-r-l-v-n",1,1,0,shortcode
"C.4.n.h b.4.0: B.4.n d.4 b.1 b.4.0 c.4.0 p.h.4.t t.4.n v.1.d.3.0 n.h.4.y c.4.m. L.1.3.n h.3 n.g.4.y: 0888.222.111",1,0,1,brandname
"T.3.l.3.g.r.4.m: K.h.0.1 p.h.u.c m.4.t k.h.4.u c.u.4 b.4.n t.4.1 l.1.n.k n.4.y: bit.ly/r-3-s-3-t-p-w",1,1,0,brandname
"H.3.n h.0 n.h.4.n.h: T.1.m n.g.u.0.1 y.3.u c.h.1 t.r.0.n.g 5 p.h.u.t. T.4.1 x.u.0.n.g: t.me/l-0-v-3-v-n",1,1,0,shortcode
"T-3-l-3-g-r-4-m: B.4.n c.0 q.u.4 t.u n.h.0.m h.3.n h.0 k.1.n. N.h.4.n t.4.1: bit.ly/g-1-f-t-v-n-8",1,1,0,brandname
"C.h.u.c m.u.n.g b.4.n d.4 t.h.u.n.g t.h.u.0.n.g 1 b.u.0.1 h.3.n h.0 m.1.3.n p.h.1. G.0.1: 0977.888.444",1,0,1,personal_number
"T.3.l.3.g.r.4.m: T.4.1 k.h.0.4.n c.u.4 b.4.n d.4 b.1 t.4.m k.h.0.4. X.4.c t.h.u.c d.3 m.0: bit.ly/u-n-b-l-0-c-k",1,1,0,brandname
"T-3-l-3-g-r-4-m: B.4.n c.0 y.3.u c.4.u k.3.t n.0.1 t.u S.u.g.4.r D.4.d.d.y. X.3.m n.g.4.y: t.me/d-4-d-d-y-v-n",1,1,0,shortcode
"C.4.n.h b.4.0! 0-T-P c.u.4 b.4.n d.4 b.1 t.1.3.t l.0. H.4.y t.h.4.y d.0.1 n.g.4.y: 0922.333.444",1,0,1,personal_number
"T.3.l.3.g.r.4.m: N.h.0.m c.h.4.t k.1.n d.4 m.0 c.u.4. N.h.4.n v.4.o d.3 t.h.4.m g.1.4: bit.ly/j-0-1-n-p-r-1-v-4-t-3",1,1,0,brandname
"T-3-l-3-g-r-4-m: B.4.n n.h.4.n d.u.0.c 1 y.3.u c.4.u x.3.m 4.n.h r.1.3.n.g t.u. X.3.m t.4.1: bit.ly/p-r-1-v-4-t-3-v-1-3-w",1,1,0,brandname
"B.4.0 m.4.t T.3.l.3.g.r.4.m: T.4.1 k.h.0.4.n c.u.4 b.4.n s.4.p b.1 h.u.y. L.1.3.n h.3: 0866.555.444",1,0,1,personal_number
"H.3.n h.0 4-n-h-t-0-n-g: G.4.1 x.1.n.h d.4.n.g d.0.1 b.4.n. K.3.t n.0.1 n.g.4.y: t.me/f-4-s-t-l-0-v-3",1,1,0,shortcode
"T-3-l-3-g-r-4-m: B.4.n d.u.0.c t.4.n.g g.0.1 s.u.b.s.c.r.1.p.t.1.0.n m.1.3.n p.h.1. L.1.n.k: bit.ly/f-r-3-3-v-1-p",1,1,0,brandname
"C.4.n.h b.4.0: B.4.n d.4 v.1 p.h.4.m q.u.y d.1.n.h h.3.n h.0. G.0.1 0944.222.333 d.3 g.1.4.1 q.u.y.3.t",1,0,1,personal_number
"T.3.l.3.g.r.4.m: P.h.4.t h.1.3.n 1 t.h.1.3.t b.1 l.4 t.r.u.y c.4.p 4.n.h r.1.3.n.g. X.4.c n.h.4.n: bit.ly/s-3-c-u-r-3-v-n",1,1,0,brandname
"C.0 1 t.1.n n.h.4.n t.h.4.n m.4.t t.u T.3.l.3.g.r.4.m. X.3.m n.0.1 d.u.n.g: bit.ly/s-3-c-r-3-t-m-s-g",1,1,0,shortcode
[FE-CREDIT] Chuc' munq` b@n dươc duyet' kh0an v@y 50TR laj' su@t 0%. Truy c@p nqay http://fecrdit-vn.com d3^? l@m h0 s0.,1,1,0,brandname
Kha'ch h@ng bi. n0. qu@' h@n t@i FE CREDIT. Chunq' to^i s-e~ cu+~ nqươj` d-en' n-@ t-@n nha`. L1en h3 0901239842 d3^ x-u+? ly'.,1,0,1,personal_number
Th0ng b@o: B@n d@~ tru'ng thương? x-e SH tu+` FE_CREDIT. Nh@n qu@` t@i l1nk: bit.ly/fe-tang-sh2024.,1,1,0,brandname
(FE-CREDIT) Khoan v@y 30Tr cu@ b@n d@~ dươc phe^ duyet'. Vuj l0ng nh@n t1en t@i: hxxp://fe-credit.vaynhanh.top,1,1,0,brandname
C@nh b@o: Taj' kh0@n FE cu@ b@n bj d-@ng nh@p l@. L-0q1n v@o bit.ly/fe-security d3^ x@c th-u+c nq@y.,1,1,0,shortcode
U+u d-aj~ d-@c bj3t: FE CREDIT qj@m 50% laj' su@t cho kh@ch h@ng m-oj'. L1en h3 0382941235 d3^ d-@ng ky'.,1,0,1,personal_number
[FE CREDIT] B@n co' m0t kh0@n v@y chưa gj@j nq@n. H-@n ch0t' l@` hom n@y. Truy c@p: fe-disbursement.com.,1,1,0,brandname
Tin nhan' cu0j' c-unq`: N3'u kh0ng th@nh to@n n0. FE-CREDIT, h0 s0 s-e~ chuy3n s@ng c0 t-o@ nh@n d-@n. G0j 0867123456.,1,0,1,personal_number
Fe_Credit: Tang voucher 1.000.000d cho khach hang thanh toan dung han. Nhan qua tai: bit.ly/fe-qua-tang.,1,1,0,brandname
Duy3t nq@y kh0@n v@y 20 trj3u chj? c@n CCCD. Kh0ng th3^? b-o? l-o+. Xem t@i: http://v-ayfe.net,1,1,0,personal_number
FECREDIT: Quy' khach co' khoan no. qua' han. 90 nqay`. Vui lonq` thanh toan tai: bit.ly/fe-pay-now de^? tranh' kien' tung'.,1,1,0,brandname
CHUC MUNG! sdt 098xxx d@~ nh@n dươc l-i` x-i` 5tr tu+` FE CREDIT. Rut' t1en t@i: https://fe-lixi.com,1,1,1,shortcode
(FE) H-0+ tr-0+. v@y t-i^`n m-@(.t l-e^n d-e^'n 100Tr kh0^nq th-e^' ch-@p. Kb Z-al0 0948213455 d-e^? n-h-@.n t-i^`n.,1,0,1,personal_number
FE CREDIT Thong bao: He thong dang bao tri, quy khach vui long cap nhat lai thong tin tai: bit.ly/fe-update-info.,1,1,0,brandname
Qu@` t-@.nq tr-i. qj@' 2tr d-@nq ch-0` b-@.n t-@.i FE_CREDIT. Nh-@'n v-@`o l-1nk d-e^' n-h-@.n: http://fe-gift.vn,1,1,0,brandname
B@n co' m0t kh0an v@y d-@nq cho+` duyet' t@i FE. L1en h3^ nq@y 0359821241 d3^ hoan' t-@'t th-u? t-u.c.,1,0,1,personal_number
FECREDIT_TB: Canh bao tai khoan bi xam nhap. Vui long doi mat khau ngay tai: bit.ly/fe-baomat-247.,1,1,0,brandname
[FE-ONLINE] Chuc' munq` b@n dươc t-@.ng th-e? t-i'n d-u.nq 20tr. D-@'ng k-y' nq@y: hxxp://fe-card.online,1,1,0,brandname
Khach hang luu y: FE CREDIT yeu cau xac minh danh tinh de khong bi khoa the. Bam vao: bit.ly/fe-verify.,1,1,0,brandname
Tin khan: FE CREDIT mien qiam 100% lai suat phat. Chi ap dunq hom nay. Xem tai: http://fe-uu-dai.com,1,1,0,brandname
(FE_CREDIT) Nh@n nq@y 10tr d-onq` v@o t@i kh0@n. Kh0ng c@n qu-@' s-o+. Click: bit.ly/fe-nhantien.,1,1,0,brandname
C0nq ty FE CREDIT thonq bao: Ban duoc rut tien mat tu the tin dunq. L1en h3 0899234121 de duoc ho tro.,1,0,1,personal_number
[FECREDIT] Ban co' b-u+u ph-@?m tu+` t-o`a @'n v-e^` kh0@n n-0.. L1en h3^ 0917234561 d-e^? bj-e^'t chj t-j3't.,1,0,1,personal_number
FE-CREDIT: Ch-u'c m-u+`nq b-@.n tr-u'nqc thu-0+nq t-ivi SONY. D-j-e^`n th-o^nq t-in n-h-@.n qu-@`: bit.ly/fe-luckydraw.,1,1,0,brandname
H-o^~ tr-0+. v-@y v-0'n FE CREDIT kh-o^nq th-e^' ch-@.p, qj-@?i nq-@^n tr-0nq nq-@`y. L1en h3^ Z-al0: 0328912344.,1,0,1,personal_number
FE CREDIT: Th-e? cu+@ b-@.n d-@~ b-i. t-@.m kh-o'a. V-u-i l-o`nq tr-u-y c-@.p bit.ly/fe-unlock d-e^? m-0? l-@.i.,1,1,0,brandname
[FE.VN] B@n d@~ dươc c-@'p h-@.n m-u+'c v-@y 70TR. K-e^'t b-@.n Z-al0 0812345679 d-e^? l-@'y m-@~ qj@?j nq-@^n.,1,0,1,personal_number
U+u d-@~i FE CREDIT: T-@.nq 500k khj thanh to@n qu@ u+'nq d-u.nq. T-@?i nq@y t@i: bit.ly/fe-app-km.,1,1,0,brandname
CANH BAO: H-0+ s-0+ v-@y FE cu+@ b-@.n c-o' d-@'u hj-e^.u l-u+`a d-@?o. X-@'c th-u+.c nq-@y: http://fe-check.me,1,1,0,brandname
FE_CREDIT_INFO: Quy' khach co' khoan qua' han. 10 trieu. Vui lonq qoi 02812345678 de tranh' no. xau'.,1,0,1,brandname
(FE-CREDIT) Chuc' munq` b@n l@` kh@ch h@ng m-@y m-@'n n-h-@.n th-e? qu-@` 1TR. L-1nk: bit.ly/fe-reward.,1,1,0,brandname
H-0+ s-0+ v-@y FE-CREDIT cu+@ b-@.n d-@~ b-i. t-u+` ch-o^'i. Bam' v-@`o d-e^? kj-e^?m tr-@ l-@.i: bit.ly/fe-recheck.,1,1,0,shortcode
FE_CREDIT: Thong bao tang han muc the tin dunq len 100tr. Dang ky ngay tai: http://fe-limit-up.com,1,1,0,brandname
B-@.n c-o' 1 kh-0@n v-@y ch-u+@ th-e^' ch-@.p t-@.i FE. N-h-@'n t-in cho 0933214556 d-e^? n-h-@.n t-i^`n nq-@^n.,1,0,1,personal_number
[TB-FECREDIT] Khoan no. cua ban da duoc chuyen sang bo phan thu hoi no. cuong che. Goi 0888123456 ngay.,1,0,1,brandname
FE CREDIT: T-@.nq q-o'i b-@?o hj-e^?m su+'c kh-0?e mj-e^~n ph-i'. D-@'nq k-y' t-@.i: bit.ly/fe-insure.,1,1,0,brandname
Ch-u'c m-u+`nq! B-@.n d-@~ tr-u'nqc th-u+?nq 01 l-u+0+.nq v-@`nq SJC tu+` FE. Xem t-@.i: http://fe-vang.com,1,1,0,personal_number
FE CREDIT Thong bao: Cap nhat CCCD gan chip de duy tri khoan vay. Cap nhat tai: bit.ly/fe-cccd-update.,1,1,0,brandname
(FE_ONLINE) B@n duoc ho tro vay den 50 tr13u khonq can gap mat. L1en h3^ 0377423112 d3^ nhan tien.,1,0,1,personal_number
[FECREDIT] Canh bao! Tai khoan cua ban dang bi tam khoa vi ly do bao mat. Truy cap bit.ly/fe-secure-login de mo.,1,1,0,brandname
"Mcredjt: B4n co kho4n v4y f3 duy3t 50tr. Nh4n v4o l1nk z3 r ut tj3n: m-credit.com.vn/vay1",1,1,0,brandname
"(MCredit) Chuc munq s0 djen tho4i xxxx nh4n wua trj gj4 5tr. Lj3n h3 z4lo 0988776655 nh4n thuonq.",1,0,1,personal_number
"Th0ng b4o: Hj3n t4i h0 s0 M-credjt cu4 b4n bj l0i. Vuj lonq x4c thuc t4i: bit.ly/mcredit-check",1,1,0,shortcode
"C4nh b4o! Kh0an v4y Mcredjt wua h4n 3 ng4y. f-h4t l4i 500k/ng4y. Goj 0901234432 z3 h0 tro.",1,0,1,personal_number
"MCREDIT: T4ng b4n v0ucher 2tr hj3u luc d3n h3t nqy. z4ng ky t4i: mc-online.vn",1,1,0,brandname
"B4n duoc xet duy3t v4y tj3n m4t t4i Mcredjt kh0ng th3 ch4p. Lj3n h3 nqy: 0334455667",1,0,1,personal_number
"Vuj lonq x4n thuc th0ng tjn th3 Mcredjt z3 tr4nh bj kh0a t4i kh0an: bit.ly/mc-security",1,1,0,shortcode
"Mcredjt jao luu kh4ch h4ng. B4n nh4n duoc 1 chj3c j-f-one 15. Truy c4p: link-qua.com",1,1,0,brandname
"H0 s0 Mcredjt cu4 b4n d4 duoc j4i ng4n. Kj3m tr4 t4i: tinyurl.com/mc-nhantien",1,1,0,brandname
"Lj3n h3 nh4n tj3n h0 tro tu Mcredjt cho kh4ch h4ng cu. S0 djen tho4i: 0922113344",1,0,1,personal_number
"MCREDIT: Tk cu4 b4n bj d4ng nh4p l4. Vuj lonq d0j m4 kh4u t4i: mcredit-update.com",1,1,0,brandname
"Chuc munq! B4n l4 kh4ch h4ng m4y m4n nh4n wua tu Mcredjt. jao luu z4lo: 0944556677",1,0,1,personal_number
"M-credjt th0ng b4o: Kh0an v4y bj t4m zunq. h04n th3nh thu tuc t4i: bit.ly/m-check",1,1,0,shortcode
"V4y tj3n th4 g4 v0j Mcredjt, l4i su4t 0%. z4ng ky nqy: 0911223344",1,0,1,personal_number
"h3 th0ng Mcredjt n4ng c4p. Vuj lonq kh0ng cunq c4p m4 OTP cho b4t ky 4i. L1nk: mc-home.net",1,1,0,brandname
"Mcredjt: B4n duoc t4ng 1 chj3 th3 c4o 500k. Nh4n t4i: m-cre-dit.xyz",1,1,0,shortcode
"C4nh b4o tu Mcredjt: Co d4u hj3u l u4 d4o. Kj3m tr4 t4i kh0an t4i: bit.ly/mc-safe",1,1,0,brandname
"MCREDIT: Vj f-h4t tre h4n th4nh to4n. Tru t4i kh0an 2tr zonq. Goj nqy 0955667788",1,0,1,personal_number
"Chuc munq! Mcredjt t4ng b4n t4i kh0an v4y uu d4i 100tr. L1nk: bit.ly/mc-vay-nhanh",1,1,0,brandname
"Mcredjt th0ng b4o: B4n nh4n duoc f-h4n thunq 10tr. Lj3n h3 z4lo 0888999000",1,0,1,personal_number
"H0 s0 Mcredjt cu4 b4n bj t0 cu b0j b3n thu n0. Th4nh to4n nqy: mcredit-pay.com",1,1,0,shortcode
"MCREDIT: Lj3n h3 0933445566 z3 duoc hj3u luc v4y v0n nh4nh ch0ng.",1,0,1,brandname
"B4n co 1 f-h4n wua chu4 nh4n tu Mcredjt. h4n ch0t l4 nqy m4i. L1nk: bit.ly/mc-qua-free",1,1,0,personal_number
"Mcredjt: Th0ng b4o n4ng h4n muc th3 tjn zunq l3n 50tr. z4ng ky t4i: mc-online.biz",1,1,0,brandname
"H0 s0 v4y Mcredjt cu4 b4n s4p h3t h4n. Vuj lonq gj4 h4n t4i: bit.ly/mc-gia-han",1,1,0,shortcode
"MCREDIT: B4n d4 win duoc j-f-one 14 f-h-ro m4x. Lj3n h3 0977665544 nh4n thunq.",1,0,1,personal_number
"C4nh b4o: Mcredjt f-h4t hj3n truy c4p l4. Vuj lonq b4o m4t: bit.ly/mc-verify-now",1,1,0,brandname
"Mcredjt t4ng th3 tjn zunq mjen f-h-j. Goj nqy 0912121212 z3 duoc tu v4n.",1,0,1,personal_number
"Mcredjt: Kh0an v4y 30tr cu4 b4n d4 duoc duy3t. Nh4n tj3n t4i: mc-j-ngan.com",1,1,0,brandname
"Th0ng b4o tu Mcredjt: B4n l4 1 tronq 10 nguoj nh4n wua tri j4 2tr. L1nk: bit.ly/mc-loc",1,1,0,shortcode
"MCREDIT: Vj f-h4t n0 x4u. Goj 0989898989 z3 duoc xo4 n0 nqy l4p tuc.",1,0,1,brandname
"B4n co thu thunq tu Mcredjt. Vuj lonq mo l1nk z3 xem: bit.ly/mc-thu-thuong",1,1,0,personal_number
"Mcredjt: Chj3n zjch v4y v0n cu0j n4m. L4i su4t cuc th4p. Goj: 0909090909",1,0,1,brandname
"Mcredjt th0ng b4o: Kh0an v4y cu4 b4n bj h uy. Lj3n h3 z4lo z3 f-huc h0j: 0922334455",1,0,1,personal_number
"Chuc munq b4n nh4n duoc th3 c4o 200k tu Mcredjt. L1nk nh4n: mc-card.top",1,1,0,shortcode
"MCREDIT: B4n bj kho4 t4i kh0an v4y. X4c thuc l4i t4i: bit.ly/mc-un-lock",1,1,0,brandname
"Mcredjt: T4ng b4n goj v4y 20tr kh0ng l4i su4t. z4ng ky: 0333222111",1,0,1,personal_number
"Th0ng b4o: Mcredjt t4ng wua trj gj4 1tr cho kh4ch h4ng cu. L1nk: bit.ly/mc-qua-tang",1,1,0,brandname
"Mcredjt: B4n co kho4n n0 c4n th4nh to4n nqy. L1nk huonq z4n: mc-bill.com",1,1,0,shortcode
"MCREDIT: Lj3n h3 nqy 0944332211 z3 nh4n v0ucher mu4 s4m 5tr d0ng.",1,0,1,brandname
L^azada t*uyển CTV nh@n v!ên xử lý đơn h@ng t@i nh@. Lương 300-800k/ng@y. LH Z@lo: 0981234567,1,0,1,personal_number
Chuc mung SDT 09xxx trung thuong t*u L.az@da. Nh@n ngay t@i: lzd-qua.com,1,1,0,brandname
C_ần t_uyển người đ_ặt đ_ơn h_ảo cho L_@_z@da. Thu nh^ập 10tr/tháng. Add Z*lo: 0392831122,1,0,1,personal_number
L#azada th^ông b@o: Tài kho#n của b@n bị kh^óa. Truy cập lzd-verify.cc để m*ở kh#a ngay!,1,1,0,brandname
Tuyển nh^ân v!ên p_art-t!me L.azad@. Lương trả th_eo ng@y 500k. KB Z_alo: 0901234567,1,0,1,personal_number
[QU#] L_azad@ tặng voucher 500k cho kh^ách h@ng m@y mắn. Nh#n t@i: bit.ly/laz-km,1,1,0,brandname
C^ông v!ệc t*ại nh@ đơn giản. Chốt đơn L.azad@ nh#n hu^ê hồng 20%. LH: 0588889999,1,0,1,personal_number
C#nh b@o: Đơn h@ng L.azad@ c#a b@n b! huỷ. Nh#n l!nk để ho@n t_iền: laz-refund.top,1,1,0,shortcode
T*uyển CTV L^azad@: Chỉ cần điện thoại, l@m v!ệc l^úc r@nh. Lương 1tr/ng@y. Z@lo: 0701234567,1,0,1,personal_number
Bạn có 1 p_hần qu_à từ L.az@da chưa nh_ận. H_ạn cuối h^ôm nay: lzd-gift.me,1,1,0,brandname
Tuyển d#ng G^ấp: 50 CTV d_uyệt đ_ơn L#az@da. Lương c*ứng 8tr + % h_uê h_ồng. LH: 0922334455,1,0,1,personal_number
L.azad@ k*ỷ n!ệm 10 n#m, tặng th_ẻ c_ào 500k cho 100 ng_ười đầu t_iên: bit.ly/lzd-10y,1,1,0,shortcode
L^iên h_ệ nh@n v!ệc l@m L#azad@ t@i nh@. Thu n_hập ổn đ_ịnh. Z@lo n^ày: 0333444555,1,0,1,personal_number
T*ài kh_oản L_azad@ của b_ạn có d_ấu h_iệu b_ị x_âm n_hập. X_ác m_inh t@i: safety-lzd.com,1,1,0,brandname
T_uyển nh^ân v!ên th_anh t_oán đ_ơn h_àng L^azad@. K_hông c_ần v_ốn. KB Z_alo: 0866778899,1,0,1,personal_number
[L^AZAD@] Chúc m*ừng b@n tr_úng gi_ải Nhì: 1 Xe SH 150i. L^iên h_ệ: 0911223344 để l@m th_ủ t_ục,1,0,1,brandname
C_ông v_iệc nhẹ nh_àng: Đ_ánh g_iá s_ản p_hẩm L#azad@ nh_ận 50k/sp. LH Z@lo: 0355667788,1,0,1,personal_number
H^ệ th_ống L.azad@ b_ảo t_rì. V_ui l_òng đ_ăng n_hập l_ại để bảo mật: laz-login.net,1,1,0,shortcode
T*uyển 20 CTV L#azad@ s_oạn đ_ơn. Lương 400k/ca. Ch_ốt d_anh s_ách t@i: 0944556677,1,0,1,personal_number
Qu_à t_ặng t_ri â_n kh_ách h_àng L^azad@. Nh_ấn v_ào để x_em: bit.ly/lzd-tri-an,1,1,0,brandname
C_ơ h_ội k_iếm t_iền t@i nh@ v_ới L.azad@. C_hỉ c_ần S_m@rtphone. LH Z@lo: 0388990011,1,0,1,personal_number
L#azad@ th^ông b@o b@n tr_úng voucher m_ua s_ắm 2tr. Click nh_ận: lzd-km.info,1,1,0,shortcode
Tuyển d^ụng NV k_ho L#azad@ l@m t@i nh@. Lương c_ao, qu_y m_ô l_ớn. Z@lo: 0977889900,1,0,1,personal_number
[C#NH B@O] Đ_ơn h_àng L_azad@ 1.5tr đ_ang đ_ến. Nh_ấn l!nk để h_uỷ nếu kh_ông đ_ặt: laz-cancel.com,1,1,0,brandname
L^ương v_ề m_ỗi n_gày t_ừ 500k-1tr k_hi l@m CTV L#azad@. Nh#n t!n Z@lo: 0322114455,1,0,1,personal_number
Chúc m*ừng b@n là k_hách h_àng m@y m_ắn tr_úng iPhone 15 Pro Max t*ừ L.azad@. LH: 0966778822,1,0,1,shortcode
T^uyển CTV L#az@da th_úc đ_ẩy d_oanh s_ố. Ch_iết k_hấu c_ao. KB Z_al0: 0899112233,1,0,1,personal_number
L.azad@: B@n có 5.000 đ_iểm th_ưởng sắp h_ết h_ạn. Đ_ổi qu_à ngay: lzd-reward.cc,1,1,0,brandname
Tuyển d#ng: L#azad@ t*uyển NV t_ư v_ấn online. Lương 7-12tr. L_H Z@lo: 0933445566,1,0,1,personal_number
[L.AZAD@] Bạn được t_ặng bộ mỹ p_hẩm cao cấp. C_ung c_ấp đ_ịa ch_ỉ t@i: bit.ly/lzd-free,1,1,0,brandname
K_iếm t_iền t*ừ v_iệc l_ike s_ản p_hẩm L#azad@. 20k/l_ượt. Z@lo: 0788990011,1,0,1,personal_number
C#nh b@o: T@i kh_oản L.azad@ bị đ_ăng n_hập lạ. Kiểm tra ngay: lzd-check.vip,1,1,0,shortcode
L^azad@ t*uyển NV n_hập l_iệu đ_ơn h_àng. Lương 300k/2h. LH: 0900112233,1,0,1,personal_number
[Q_U@] M_ừng s_inh n_hật L.az@da, t_ặng b@n g_ói qu_à 1tr. Nh_ận t@i: lzd-gift1.com,1,1,0,brandname
T_uyển nh^ân v!ên d_uyệt đ_ơn L#azad@. Kh_ông y_êu c_ầu k_inh n_ghiệm. Z@lo: 0855443322,1,0,1,personal_number
L.azad@: Đ_ơn h_àng s_ố #2938 b_ị k_ẹt. V_ui l_òng x_ác n_hận t@i: lzd-support.me,1,1,0,shortcode
C_ần t_uyển 10 b@n l@m v!ệc online cho L^az@da. Lương tr_ả qua th_ẻ. LH: 0922887766,1,0,1,personal_number
B@n có m^ột b_ưu p_hẩm t_ừ L.azad@ b_ị th_ất l_ạc. Nh_ấn để x_em: bit.ly/lzd-track,1,1,0,brandname
T*uyển CTV L#azad@: Thu n_hập kh_ông g_iới h_ạn. L@m t@i n_hà. Z@lo: 0344556677,1,0,1,personal_number
[L.AZAD@] Chúc m*ừng b@n tr_úng voucher 1.000.000đ. H_ạn d_ùng 24h. Click: lzd-voucher.top,1,1,0,shortcode
"[B@ C*ng @n] T@i kh0an VNeID c^n c@p nh^t l@i d!nh d@nh m*c 2 ngay l@p t*c tai: dichvucong.vneid-vn.cc de khong bi khoa t@i kh0an.",1,1,0,'brandname'
"B0 C0NG AN th0ng b@o: Ho s0 d!nh d@nh d!en t* c*a b@n b! l*i. Truy c@p http://vneid.bocongan-gov.net de kh@i b@o l@i.",1,1,0,'brandname'
"C@nh b@o: B@n c0 l@nh ph@t ngu0i chu@ th@nh to@n. L!en h@ ngay sdt 0912837465 hoac truy cap http://phatnguoi.gov-ca.com de kiem tra.",1,1,1,'personal_number'
"[VNeID] X@c th*c s!nh tr@c h0c c*a b@n b! t* ch0i. Vui l0ng t@i app x@c th*c t@i: http://vneid-bvca.com de kh0ng b! h*y t@i kh0an.",1,1,0,'shortcode'
"B0 C0NG AN: Th0ng b@o t@i kh0an d!nh d@nh c*a b@n b! x@m nh^p. Truy c@p h@ th0ng t@i: http://baomat-vneid.com de d0i m@ kh@u.",1,1,0,'brandname'
"Cuc C@nh s@t Giao th0ng: Ban co b!en b@n p*h@t ngu0i chua n0p. Truy cap http://phatnguoi-gt.vn de d0ng p*h@t hoac bi t*u h0i bang l@i.",1,1,0,'brandname'
"Th0ng b@o: Ho s0 d!nh d@nh m*c d0 2 c*a b@n c^n du0c x@c th*c l@i t@i: http://dichvucong.vneid-vnn.com. Qu@ h@n se b! h*y CCCD.",1,1,0,'personal_number'
"B@ C0NG @N: Ban nhan duoc t!en h0 tr0 an s!nh x@ h0i. Truy c@p http://h0tr0-vneid.com de nh@n t!en vao t@i kh0an.",1,1,0,'shortcode'
"[C@NH S@T] Lenh b@t t@m g!am d0i v0i s0 CCCD c*a b@n da ban h@nh. L!en h@ 0899234123 de du0c g!ai quyet g^p.",1,0,1,'personal_number'
"B0 C0NG @N: T@i kh0an VNeID c*a b@n dang d@ng nh@p o th!et b! l@. Truy c@p http://vneid.canhbao-gov.vn de ngan ch@n.",1,1,0,'brandname'
"B0 C0NG AN: Ho s0 d!nh d@nh d!en t* c*a b@n chu@ ho@n t^t. Vui l0ng c@p nh^t t@i: http://vneid.chinhphu-vn.com tru0c 24h.",1,1,0,'shortcode'
"Cuc Quan ly xuat nhap canh: H0 ch!eu c*a b@n b! t@m k*o@. Truy c@p http://hochieu.xuatnhapcanh-gov.com de k!em tr@.",1,1,0,'brandname'
"[VNeID] Yeu cau x@c th*c khuon m@t l@i do l*i h@ th0ng. Click vao http://vneid.vnn-gov.cc de th*c h!en.",1,1,0,'shortcode'
"B0 C0NG AN th0ng b@o: B@n c0 l!en qu@n den du d@ng r*a t!en. L!en h@ can b0 d!eu tr@ qu@ sdt 0944556677 de l@m v!ec.",1,0,1,'personal_number'
"Th0ng b@o: C@p nh^t CCCD g@n ch!p m*i n*ht t@i d^y: http://cccd.bocongan-gov.net de kh0ng b! v0 h!eu h0a gi@y t0.",1,1,0,'brandname'
"[VNeID-G0V] Tai khoan cua ban bi k*o@ do th!eu th0ng t!n s!nh tr@c h0c. Truy cap http://vneid.gov-xacthuc.com de m0 k*o@.",1,1,0,'shortcode'
"B0 C0NG AN: Ban du0c xet d*yet go l0i v! p*h@m giao th0ng. Truy cap l!nk http://phatnguoi.vneid-gov.vn de ho@n t^t.",1,1,0,'brandname'
"C@nh b@o: T@i kh0an d!nh d@nh c*a b@n b! t* ch0i do s@i CCCD. Cap nh@t l@i t@i: http://vneid.dvc-gov.top ngay.",1,1,0,'personal_number'
"B0 C0NG AN: Th0ng b@o t^ng t* d0i v0i t@i kh0an VNeID. Vui l0ng dang nh@p http://vneid.dangky-gov.com de x@c nh@n.",1,1,0,'brandname'
"Cuc C@nh s@t: Ban c0 thong bao m*i ve v!ec k*ai b@o cu tr*. Truy cap http://vneid.cutru-gov.vn de xem ch! t!et.",1,1,0,'shortcode'
"[VNeID] He th0ng ph@t h!en t@i kh0an c*a b@n b! l0 th0ng t!n. Truy c@p http://vneid.baomat-vn.cc de k*ich h0at b@o v*.",1,1,0,'brandname'
"B0 C0NG AN: Ban da p*h@t sinh n0 n@n v0i ng^n h@ng. L!en h@ sdt 0933123456 de duoc h0 tr0 x0a n0 x@u.",1,0,1,'personal_number'
"Th0ng b@o: Ho s0 d!nh d@nh m*c 2 c*a b@n c^n du0c p*h^ de d*yet l@i. Truy c@p http://vneid.xacthuc-gov.vn l@m theo hu0ng d@n.",1,1,0,'shortcode'
"B0 C0NG AN: P*h@t h!en t@i kh0an d!nh d@nh c*a b@n du0c s* d*ng tr@i p*h@p. Truy c@p http://vneid.canhbao.net de d0i m@ k*o@.",1,1,0,'brandname'
"[C@NH S@T] Lenh tri*u t^p khan c^p v! l!en qu@n den du d@ng m@ t*y. L!en h@ can b0 0812999888 de x@c m!nh.",1,0,1,'personal_number'
"B0 C0NG AN: Ban nhan duoc g0i h0 tr0 t@i ch!nh tu Ch!nh p*h*. Dang ky t@i: http://vneid.hotro-dan.com de nh@n.",1,1,0,'brandname'
"Th0ng b@o: CCCD c*a b@n b! l*i ch!p. Vui l0ng dang ky d0i m*i t@i l!nk: http://cccd.vneid-gov.com de du0c m!en p*h!.",1,1,0,'shortcode'
"B0 C0NG AN: Yeu cau x@c m!nh t@i s@n d!en t* ngay l@p t*c. Truy c@p http://vneid.xacthuc-vn.cc de tranh b! p*hong t0a.",1,1,0,'brandname'
"[VNeID] Tai k*oan c*a b@n dang ky sdt kh0ng ch!nh ch*u. Truy c@p http://vneid.chinhchu-gov.com de c@p nh^t.",1,1,0,'shortcode'
"C@nh b@o: S0 d!en th0@i c*a b@n se b! k*o@ sau 2h n*u kh0ng x@c th*c VNeID t@i: http://vneid.vnn-gov.net.",1,1,0,'personal_number'
"B0 C0NG AN: Ban co khoan t!en hoan thue d!nh d@nh. Truy cap http://vneid.hoanthue-gov.com de nhan t!en.",1,1,0,'brandname'
"Th0ng b@o: He th0ng d!nh d@nh qu0c g!a dang n@ng c^p. Vui l0ng t@i app m*i t@i http://vneid.update-gov.vn.",1,1,0,'shortcode'
"B0 C0NG AN: Ban co b!en b@n p*h@t ngu0i t@i qu0c l0 1A. K!em tr@ t@i http://phatnguoi.canhsat-gov.vn de nop p*h@t.",1,1,0,'brandname'
"[VNeID] Canh bao b@o m@t: Tai k*oan b! d@ng nh@p t@i Cambodia. Truy cap http://vneid.baomat-gov.vn de k*o@ t@i k*oan.",1,1,0,'shortcode'
"B0 C0NG AN: Ban c^n ho@n th@nh k*ai b@o d!nh d@nh m*c 2 ngay hom n@y. L!nk hu0ng d@n: http://vneid.dvc-gov.com.",1,1,0,'brandname'
"Th0ng b@o: G!ay p*h@p l@i xe c*a b@n da h*t h@n. Truy c@p http://gplx.vneid-gov.vn de g!a h@n t**c t*uyen.",1,1,0,'personal_number'
"B0 C0NG AN: C@nh b@o l*a d@o qu@ m@ng. Vui l0ng x@c th*c danh t*nh t@i http://vneid.xacthuc-gov.net de du0c b@o v*.",1,1,0,'brandname'
"[VNeID] X@c nh@n th0ng t!n t*u th* CCCD th*nh c0ng. Truy c@p http://vneid.giayto-gov.vn de k!em tr@.",1,1,0,'shortcode'
"B0 C0NG AN: Lenh kh0i t0 b! c@n d0i v0i s0 d!en th0@i nay da du0c k*y. L!en h@ 0901234455 de b!et ch! t!et.",1,0,1,'personal_number'
"Th0ng b@o: Ban da trung thu0ng chu0ng tr!nh VNeID may m@n. Truy c@p http://vneid.traothuong-gov.com de nhan qu@.",1,1,0,'brandname'
"SHB Digibank: Tai khoan cua ban dang bi dang nhap tai thiet bi la. Neu khong phai ban vui long xac thuc tai: shb-digibanki.com de khoa TK.",1,1,0,brandname
"SHB Digibank TB: Chuc mung quy khach nhan duoc qua tang TRI AN tri gia 1.000.000 VND. Nhan thuong tai: v-shb.c0m",1,1,0,brandname
"S-H-B Digibank: TK cua ban bi tam khoa vi ly do bao mat. Vui long dang nhap shb-vn.0rg de mo khoa ngay lap tuc.",1,1,0,brandname
"SHB thong bao: Ho so vay 50.000.000d cua ban da duoc duyet. Truy cap shb-vayvon.net de giai ngan hoac LH 0981234567",1,1,1,personal_number
"TB SHB Digibank: Quy khach co 5.000 diem thuong sap het han. Doi qua ngay tai: shb.digibank-vn.c0m truoc khi bi huy.",1,1,0,brandname
"SHB Digibank: Phat hien giao dich 2.000.000 VND luc 12:30. Neu khong phai ban, vui long huy tai: shb-support.0rg",1,1,0,shortcode
"CHUC MUNG! SDT 09xxxx cua ban may man nhan IP15 tu SHB Digibank. Thu tuc nhan qua tai: shb-quatang.net",1,1,0,personal_number
"SHB-Digibank: He thong dang nang cap, vui long cung cap lai thong tin de tranh bi gian doan: shb-digibanki.vnn.vn",1,1,0,brandname
"S-H-B: Canh bao! Tai khoan cua ban dang bi xam nhap. Vui long click shb.digibank-vn.0rg de bao mat TK ngay.",1,1,0,brandname
"SHB Digibank: Quy khach da dang ky dich vu vay tieu dung thanh cong. Huy dich vu tai: shb-huy.c0m neu khong dang ky.",1,1,0,shortcode
"SHB thong bao: Han muc the tin dung cua ban da duoc nang len 100tr. Bam vao shb-vips.net de kich hoat.",1,1,0,brandname
"SHB Digibank TB: Quy khach co mot khoan tien cho tu 0987654321 chuyen vao. Vao shb-banking.0rg de nhan tien.",1,1,1,personal_number
"S-H-B Digibank: TK cua ban se bi khoa trong 2 gio toi. Vui long xac minh danh tinh tai: shb-vn.c0m",1,1,0,brandname
"SHB Digibank: QC-Ban duoc tang voucher 500k khi thanh toan dien nuoc. Bam shb-uudai.net de lay ma.",1,1,0,brandname
"SHB Digibank: Phat hien dang nhap tu IP la 1.1.1.1. Xac nhan danh tinh de bao mat tai: shb-login.0rg",1,1,0,brandname
"SHB TB: Quy khach da trung thuong vang 9999 tu chuong trinh tri an KH. LH 0911223344 hoac shb-quatang.c0m",1,1,1,personal_number
"S.H.B Digibank: Tai khoan quy khach hien dang bi han che. Vui long cap nhat thong tin tai: shb-vnn.0rg",1,1,0,brandname
"SHB thong bao: Quy khach co 1 khoan vay qua han. Vui long thanh toan ngay tai shb-vay.c0m de tranh no xau.",1,1,0,shortcode
"SHB Digibank: Chuc mung ban nhan duoc goi vay uu dai 0% lai suat. Dang ky ngay: shb-uu-dai.net",1,1,0,brandname
"S-H-B: He thong dang tam khoa dich vu Digibank cua ban. De tiep tuc su dung vui long vao: shb.digibank-vn.c0m",1,1,0,brandname
"SHB Digibank: Ban co 1 tin nhan chua doc tu ngan hang. Xem chi tiet tai: shb-notice.0rg",1,1,0,shortcode
"SHB-Digibank: Canh bao tai khoan dang bi rut tien tai ATM. Neu khong phai ban, vao shb-sos.c0m de khoa the.",1,1,0,brandname
"S-H-B Digibank: Quy khach duoc tang 200k vao TK khi gioi thieu ban be. Link nhan qua: shb-referral.net",1,1,0,brandname
"SHB thong bao: Dich vu Smart OTP cua ban can kich hoat lai. Vui long thuc hien tai: shb-otp.0rg",1,1,0,shortcode
"SHB Digibank: TK cua ban da duoc cong 10.000.000 VND tu CTKM. Kiem tra so du tai: shb-check.c0m",1,1,0,brandname
"S-H-B: Quy khach vui long hoan thanh xac thuc sinh trac hoc tai: shb-kyc.net de khong bi khoa giao dich.",1,1,0,brandname
"SHB Digibank: Dang nhap bat thuong tai thiet bi iPhone 15 Pro Max. Vao shb-security.0rg de tu choi.",1,1,0,brandname
"SHB TB: Ban nhan duoc 1 ma giam gia 50% khi mua sam tai Shopee. Lay ma tai: shb-deals.c0m",1,1,0,brandname
"S-H-B Digibank: Thong bao thay doi han muc giao dich. Vui long xac nhan tai: shb-vips.0rg",1,1,0,brandname
"SHB Digibank: Co nguoi dang co gang rut 5tr tu TK cua ban. Neu khong phai ban LH 0900112233 hoac vao shb-vnn.c0m",1,1,1,personal_number
"SHB thong bao: Quy khach duoc hoan tien 10% khi quet QR. Chi tiet tai: shb-cashback.net",1,1,0,brandname
"S-H-B: Canh bao rui ro bao mat! Quy khach can doi mat khau ngay tai: shb-changepass.c0m",1,1,0,shortcode
"SHB Digibank: Chuc mung ban da tro thanh khach hang VIP. Nhan dac quyen tai: shb-vip-digibank.0rg",1,1,0,brandname
"SHB-Digibank: Giao dich cua ban dang bi treo. Vui long vao shb-fix.net de hoan tat thanh toan.",1,1,0,brandname
"S.H.B: Thong bao tang qua sinh nhat KH vao link: shb-birth.c0m de nhan 500k.",1,1,0,brandname
"SHB Digibank: Canh bao tai khoan bi xam nhap tu nuoc ngoai. Vao shb-global.0rg de ngan chan.",1,1,0,brandname
"SHB thong bao: Moi ban tham gia vong quay may man trung thuong xe SH. Choi ngay: shb-lucky.net",1,1,0,personal_number
"S-H-B Digibank: TK cua ban co su thay doi bat thuong. Truy cap shb-secure.c0m de kiem tra.",1,1,0,brandname
"SHB Digibank: Han muc vay cua ban da tang len 200tr. Dang ky giai ngan tai: shb-vay24h.0rg",1,1,0,shortcode
"SHB: Tin nhan quan trong! Ban can xac nhan thong tin ca nhan tai shb-update.c0m de duy tri dich vu.",1,1,0,brandname
"[LAZADA] Chuc m0ng! Tkhoan cua b4n nhan duoc goj wua 2.000.000d. Cljck vao ljnk de nhan ngay: bit.ly/lzd-km",1,1,0,brandname
"Tuyen NV l4m vjec t4j nh4 ch0 L4z4da. Luong 800k/ngay. J0jn nh0m Z4.lo 0385994411 de trao doj.",1,0,1,personal_number
"Canh b4o! Tkhoan L4z4da cua b4n bj kh0a do vj fhat quy djnh. Truy cap lzd-support.com de kjem tr4.",1,1,0,shortcode
"Ban co 1 d0n h4ng ch xac nhan tu L4z4da. Click vao bit.ly/laz-check de ko bj huy d0n.",1,1,0,brandname
"Tuy3n CTV th4nh toan d0n h4ng L4z4da chj3t kh4u 20%. Ljen h3 Z4.lo 0901223344 de nhan vjec.",1,0,1,personal_number
"Chuc m0ng sdt 098xxx da trung thuong 1 xe SH tu L4z4da. Goj 1900100x de lam thu tuc.",1,0,1,brandname
"L4z4da th0ng b4o: Ban co co hoj nhan luong 10tr/thang khi l4m CTV b4n th0j j4n. Ung tuyen t4j: lzd-job.com",1,1,0,shortcode
"Xac thuc th0ng tjn t4j kh0an L4z4da ngay de tr4nh bj m4t tjen. Truy cap: laz-security.cc",1,1,0,brandname
"Vj fhat hop d0ng: Ban chua hoan th4nh nv cua L4z4da. Truy cap ljnk de hoan tjen: bit.ly/hoantien-lzd",1,1,0,shortcode
"Kj3m tjen t4j nh4 cung L4z4da. Chj can dtth0aj co m4ng. Ljen h3 Z4.lo 0702334455 nhe.",1,0,1,personal_number
"[L4ZADA] Th0ng b4o vj fhat! Tkhoan b4n co dau hjeu j4n l4n. Truy cap lzd-verify.com de mo kh0a.",1,1,0,brandname
"B4n da duoc ch0n l4m NV vjp cua L4z4da. Luong 1tr/ngay. Ket b4n Z4.lo 0583344556 de nhan luong.",1,0,1,personal_number
"Wua tang tri an tu L4z4da: Nhan ngay voucher 500k t4j bit.ly/laz-tri-an. So luong co han!",1,1,0,shortcode
"C0ng vjec hot: Ch0t d0n L4z4da nhan hoa h0ng cao. Ad Za.lo 0349988776 de duo'ng dan.",1,0,1,personal_number
"Tkhoan L4z4da cua b4n dang bj dang nhap la. Vuj l0ng fho'ng bj m4t t4j: lzd-login.net",1,1,0,brandname
"Tuyen gap 50 ban phu jup L4z4da tang tuong tac. Luong chuyen kh0an theo ngay. Za.lo: 0912233445",1,0,1,personal_number
"L4ZADA: Don h4ng #2938 cua b4n gap su co thanh toan. Vuj l0ng bam lzd-help.com de xu ly.",1,1,0,brandname
"Chuc m0ng b4n nhan duoc hop wua bj m4t tu L4z4da. Mo ngay t4j: bit.ly/hop-qua-lzd",1,1,0,shortcode
"C0ng ty TMDT L4z4da tuyen CTV nhan d0n. Kh0ng can von, ljen he Za.lo 0888334422 de bjet chj tjet.",1,0,1,personal_number
"Canh b4o tu L4z4da: He th0ng fhat hjen b4n chua rut tjen hoa h0ng. Vao lzd-cash.com de rut.",1,1,0,brandname
"Hjeu qua lam vjec cua b4n tren L4z4da rat t0t. Nhan thuong 2tr t4j: bit.ly/thuong-lzd",1,1,0,shortcode
"Ban co cuoc goj nhan thuong tu L4z4da. Vuj l0ng add Z4.lo 0944556677 de l4m thu tuc.",1,0,1,personal_number
"L4ZADA th0ng b4o: Cap nhat th0ng tjn ngan h4ng de nhan luong CTV. Ljnk: laz-update.com",1,1,0,brandname
"Vj fhat wuy djnh: B4n da tu choj d0n h4ng lzd nhjeu lan. Truy cap bit.ly/lzd-warning de khjeu naj.",1,1,0,shortcode
"Tuyen nhan vjen d4nh j4 s4n fham L4z4da. 20k/m0j luot d4nh j4. Ljen he Z4.lo 0367788990.",1,0,1,personal_number
"B4n nhan duoc thjeu m0j l4m quan ly kho L4z4da. Luong 15tr. Ung tuyen t4j: lzd-recruitment.top",1,1,0,shortcode
"[L4ZADA-VN] Th0ng b4o: Ban trung thuong IP15. Vuj l0ng thanh toan fj van chuyen t4j: bit.ly/ip15-lzd",1,1,0,brandname
"C0ng vjec cho me bjm sua: Kj3m 300k/ngay tu L4z4da. Ket b4n Z4.lo 0812233445 de huong d4n.",1,0,1,personal_number
"L4ZADA: He th0ng dang bao tri, vuj l0ng dang nhap l4j t4j lzd-fix.com de kh0ng m4t du lieu.",1,1,0,shortcode
"M0j b4n tham j4 v0ng quay m4y m4n L4z4da. 100% trung wua. Bam ngay: bit.ly/lzd-spin",1,1,0,brandname
"Th0ng b4o khan cap: Tkhoan L4z4da cua b4n co bjeu hjeu bj h4ck. Truy cap laz-secure.org ngay.",1,1,0,shortcode
"Tuyen CTV g0 may tjnh ch0 L4z4da. Luong 200k/j0. Ljen he Z4.lo 0977889900 de nhan b4j.",1,0,1,personal_number
"Wua tang bat ngo tu L4z4da! Nhan ngay bo my fham cao cap t4j: bit.ly/lzd-gift-free",1,1,0,brandname
"Ban da hoan th4nh nv xuat sac. L4z4da tang b4n 1 voucher 1tr. Dung ngay t4j: laz-vouch.com",1,1,0,shortcode
"Co hoj lam vjec voj tap doan L4z4da. Kh0ng yeu cau kjnh nghjem. Ljen he Za.lo 0355112233.",1,0,1,personal_number
"L4ZADA th0ng b4o: Don h4ng cua b4n da bj huy. Nhap ljnk de nhan l4j tjen: bit.ly/refund-lzd",1,1,0,brandname
"Canh b4o: Tkhoan cua b4n se bj x0a sau 24h neu kh0ng xac thuc. Truy cap: laz-verify.net",1,1,0,shortcode
"Tuyen NV jao h4ng L4z4da khu vuc b4n o. Luong 12tr+hoa h0ng. Goj 0922334455 ung tuyen.",1,0,1,personal_number
"Chuc m0ng b4n la khach h4ng m4y m4n nhat th4ng cua L4z4da. Nhan 5tr t4j: bit.ly/lzd-luck",1,1,0,brandname
"Ban co th0ng b4o m0j tu b0 fhan nhan su L4z4da. Vuj l0ng kjem tr4 t4j: lzd-hr.com",1,1,0,shortcode"
[SHB Digibank] Wuy khach nnan zuoc fhan wua 1tr zong tu SHB. Truy cap shb-gift.com nhan ngay.,1,1,0,brandname
[SHB] He thong fhat hien zang nhap la. Vuj long xac thuc tai shb-portal.cc de bao ve t4i kho4n.,1,1,0,brandname
Th0ng b4o: SHB ho tro v4y t1n zung l4j suat 0%. Ljen he 0928374655 ze zuoc tu v4n.,1,0,1,personal_number
SHB Digibank: T4j kho4n cu4 b4n se bj kh0a s4u 2h. Vuj l0ng x4c thuc t4j shb-verify.com.,1,1,0,shortcode
Chuc munq! SĐT cu4 b4n nnan zuoc fhan thunq 5tr tu SHB. Click l1nk: shb-reward.xyz.,1,1,0,brandname
Wuy khach co khoan v4y fhey zuyet 50tr. Ljen he z4lo 0339485721 ze nnan t1en.,1,0,1,personal_number
SHB Digibank: C4nh b4o ruj r0 t4j kho4n. Vuj l0ng zang nhap vao bit.ly/shb-security ze kjem tr4.,1,1,0,brandname
[SHB] Wuy khach co tjn nhan chua zoc. Vuj long cl1ck shb-inbox.com ze xem chj tjet.,1,1,0,shortcode
C4nh b4o: T4j kho4n SHB cua b4n bj t4m kh0a z0 vj fhat quy zinh. Vao shb-help.net xuly.,1,1,0,brandname
SHB Digibank: Chuc munq b4n trung thuong j4i nhat xe SH Mode. Ljen he 0901223344 nnan j4i.,1,0,1,personal_number
[SHB] He thong nang cap, vuj long x4c thuc thong tjn t4j shb-bank.org de khonq bj jjan zoan.,1,1,0,brandname
Thong b4o: SHB tang 200k cho khach hang zunq Digibank. Nnan t4j: shb-km.com.,1,1,0,shortcode
[SHB Digibank] T4j kho4n cu4 b4n co bjeu hjen jjan l4n. Vao shb-check.com ze x4c thuc ngay.,1,1,0,brandname
SHB: Ho tro v4y von kjonh zoanh khonq the chap. Goj 0888123456 ze zuoc ho tro.,1,0,1,personal_number
Wuy khach co fhan wua mjen fhi tu SHB Digibank. Xem t4j: shb-qua.com.,1,1,0,brandname
[SHB] Canh b4o r4o b4n t4j kho4n. Vuj l0ng zoj l1nk shb-secure.xyz ze h0an t4c.,1,1,0,shortcode
SHB Digibank: Th0ng b4o t4j kho4n wuy khach bj tru 5tr zonq. Kjem tr4 t4j shb-trace.com.,1,1,0,brandname
Th0ng b4o: Chuc munq b4n nnan zuoc fhan wua trj j4 2tr tu SHB. L1nk: shb-event.com.,1,1,0,shortcode
SHB: Wuy khach co khoan no wua h4n. Vuj l0ng ljen he 0944556677 ze th4nh toan.,1,0,1,personal_number
[SHB Digibank] T4j kho4n b4n bj h4ck. Vuj l0ng v4o shb-fix.com ze thay zoj m4t kh4u.,1,1,0,brandname
SHB: Tang thoj h4n su zunq the t1n zunq mjen fhi. Zang ky t4j: shb-card.cc.,1,1,0,brandname
Chuc munq! B4n la khach h4ng m4y m4n nnan 500k tu SHB. Nh4n qua t4j shb-gift.top.,1,1,0,shortcode
[SHB Digibank] C4nh b4o: Zjch vu SHB Digibank cua b4n se bj nqurnq s4u 1h. Vao shb-update.com.,1,1,0,brandname
SHB thong b4o: B4n co 1 khoan v4y m0j zoc fhey zuyet. Ljen he 0355667788 ze nnan.,1,0,1,personal_number
SHB Digibank: Wuy khach co fhan thunq tu chuonq trjnh jao luu. Xem t4j shb-club.com.,1,1,0,brandname
[SHB] Thonq b4o x4c thuc t4j kho4n zj zhuyen vung. Vuj l0ng v4o shb-verify.me.,1,1,0,shortcode
SHB: C4nh b4o zang nhap t4j thjet bj l4. Neu khonq fhaj b4n vao shb-lock.com ze kh0a.,1,1,0,brandname
Th0ng b4o: SHB Digibank ho tro v4y tjet kjem l4j suat th4p. Goj 0966778899.,1,0,1,personal_number
[SHB Digibank] Wuy khach nnan zuoc fjeu wua 1tr. Zunq ngay t4j shb-voucher.com.,1,1,0,brandname
SHB: He thong fhat hjen l0j t4j kho4n. Vuj l0ng x4c thuc t4j shb-fix.net.,1,1,0,shortcode
Chuc munq! SĐT 0912xxx nnan zuoc loc z4u nam tu SHB. Xem t4j shb-loc.com.,1,1,1,brandname
SHB Digibank: T4j kho4n cua b4n bj t4m kh0a. Goj 0977889900 ze zuoc mo l4j.,1,0,1,personal_number
[SHB] C4nh b4o ruj r0 b4o m4t. Vuj long cl1ck shb-protection.xyz ze kjem tr4.,1,1,0,brandname
SHB: Chuc munq b4n nnan zuoc fhan wua trj j4 3tr. Truy cap shb-present.com.,1,1,0,shortcode
[SHB Digibank] T4j kho4n b4n co bjeu hjen l4. Vuj l0ng x4c thuc t4j shb-check.cc.,1,1,0,brandname
Thonq b4o: SHB ho tro vay von nhann ch0ng. Ljen he z4lo 0388990011.,1,0,1,personal_number
SHB: Wuy khach nnan zuoc thong b4o m0j tu SHB Digibank. Xem t4j shb-noti.com.,1,1,0,brandname
[SHB Digibank] C4nh b4o: T4j kho4n se bj kh0a vjen vjen. Vao shb-unlock.com ngay.,1,1,0,shortcode
SHB: Tang voucher 500k cho khach h4ng th4n thjet. Nh4n t4j shb-uu-dai.com.,1,1,0,brandname
[SHB] Thonq b4o: Wuy khach co fhan thunq tu vj fhat. Ljen he 0900112233 ze nnan.,1,0,1,personal_number
"[789B#et] Chuc m^ng s-d-t 09x d@ n-h-a^n k-h-u-y-e-n m-a-i 100% n@p d-a^u. Dang ky' t@i: bit.ly/789bet-km",1,1,0,'brandname'
"789B^et: T@i kho@n c-u-a b@n co' d-a^u hie^u b-i x-a^m n-h-a^p. V-u-i l-o-n-g x@c m-i-n-h t@i: tiny.cc/789bet-security",1,1,0,'brandname'
"THONG BAO: B@n d@ n-h-a^n du-o*.c 588k t-i-e^n c-u-o*.c m-ie^n p-h-i' t-u* 789B*et. LH Z@lo 0921445566 de^? n-h-a^n.",1,0,1,'personal_number'
"789B!et - S-o^ng b-a-i d-a^ng c-a^p. Xem e-m g-a-i x-i-n-h l-i-v-e s-e-x-y t-a*.i: m.789bet.me",1,1,0,'shortcode'
"C@nh b@o! 789B^et t-h-o^ng b@o t@i kho@n b@n s-e~ b-i k-h-o-a tro-ng 2h n-e^u k-h-o^ng c-a^p n-h-a^t t@i: bit.ly/789b-update",1,1,0,'brandname'
"QU@ T@NG 789B*et: T@ng n-g-a-y c-o-d-e 200k cho t-h-a-n-h v-i-e^n m-o*.i. N-h-a^n t-a*.i: 789betvn.com",1,1,0,'shortcode'
"789B!et: L-i-e^n k-e^t t-h-e? n-g-a^n h-a-n-g n-h-a^n n-g-a-y 88k t-r-a?i n-g-h-i-e^m. LH Z@l0 0388991122",1,0,1,'personal_number'
"[789B#et] C-o-o*.c n-g-a-y t-h-u-o*.ng l-o*.n. Ho-a`n t-r-a? k-h-o^ng g-i-o*.i h-a*.n 3.5%. T-r-u-y c-a^p: bit.ly/789bet-hot",1,1,0,'brandname'
"He^. t-h-o^ng 789B^et b-a?o t-r-i`. V-u-i l-o-n-g r-u^t t-i-e^n v-e^` v-i' d-u*. p-h-o-n-g n-g-a-y: tinyurl.com/r-u-t-t-i-e-n-789",1,1,0,'brandname'
"789B*et: B@n co' m-o^.t p-h-a^`n q-u-a` c-h-u-a n-h-a^n t-r-i t-g-i-a' 1.000.000d. K-i-e^m t-r-a t-a*.i: 789bet.top",1,1,0,'shortcode'
"Chuc m^ng! B@n d@ t-r-u'n-g j-a-c-k-p-o-t 789B!et t-r-i. g-i-a' 99 Trie^u. LH n-h-a^n g-i-a?i: 0977112233",1,0,1,'personal_number'
"789B^et: Kh-u-y-e^n m-a-i n-a*.p l-a^`n d-a^`u x3 t-a`i k-h-o-a?n. Chi? d-a`n-h c-h-o 50 n-g-u-o*.i n-h-a-n-h n-h-a^'t: bit.ly/789b-km88",1,1,0,'brandname'
"[HOT] 789B*et r-a m-a*.t s-a?n s-a?n m-o*.i. Xem l-i-v-e e-m g-a-i k-h-o^ng c-h-e t-a*.i: m.789bet.club",1,1,0,'shortcode'
"789B!et: T@i kho@n cua b@n d@ d-u-o*.c c-a^p q-u-y-e^n V-I-P. N-h-a^n d-a(.c q-u-y-e^n t@i: tiny.cc/789betvip",1,1,0,'brandname'
"C-a?n-h b-a'o: P-h-a't h-i-e^.n g-i-a n-h-a^.p b-a^'t t-h-u-o*.ng t-a*.i 789B^et. D-o^?i m-a*.t k-h-a^?u n-g-a-y: bit.ly/789b-lock",1,1,0,'brandname'
"789B*et: T-a^.p d-o-a`n g-i-a?i t-r-i' h-a`n-g d-a^u. T-a*.i a-p-p n-h-a^n n-g-a-y 100k: 789bet-app.com",1,1,0,'shortcode'
"B@n co' 1 y-e^u c-a^`u r-u^t t-i-e^n d-a-n-g c-h-o*. t-u* 789B!et. X-a'c n-h-a^.n n-g-a-y: bit.ly/789bet-rt",1,1,0,'brandname'
"789B^et: C-h-u-y-e^n m-u*.c k-e`o t-h-o-m m-o^~i n-g-a`y. D-a(.p 1 a-n 10. L-i-e^n h-e^. Z@lo: 0933557788",1,0,1,'personal_number'
"[789B*et] T-r-i a-n k-h-a'c-h h-a`n-g c-u~. T@ng 200% g-i-a' t-r-i. n-a*.p h-o^m n-a-y. Link: 789bet.org",1,1,0,'brandname'
"789B!et: X-e-m t-r-u*.c t-ie^'p b-o'n-g d-a' v-a` n-g-a(.m g-a-i x-i-n-h t-a*.i: bit.ly/789bet-live",1,1,0,'shortcode'
"T-h-o^ng b-a'o: 789B^et t@ng c-o-d-e t-r-a?i n-g-h-i-e^.m k-h-o^ng g-i-o*.i h-a*.n. LH n-h-a^n: 0901224466",1,0,1,'personal_number'
"789B*et: C-o-o*.c x-o^' s-o^' 1 a-n 99. U-y t-i'n h-a`n-g d-a^u C-h-a^u A'. T-a?i g-a-m-e: tinyurl.com/789bet88",1,1,0,'brandname'
"C-a?n-h b-a'o 789B!et: T@i kho@n b@n c-o' d-a^u hie^u l-u*.a d-a?o. K-i-e^m t-r-a n-g-a-y t@i: bit.ly/789b-check",1,1,0,'brandname'
"789B^et: M-o*.i b@n t-h-a-m g-i-a v-o`n-g q-u-a-y m-a-y m-a(.n tr-u'n-g I-p-h-o-n-e 15. Link: 789bet-vongquay.com",1,1,0,'shortcode'
"[789B*et] Th-o^ng b-a'o: K-h-u-y-e^n m-a-i n-a*.p t-i-e^n k-h-u?n-g l-e^n d-e^'n 28.888k. LH Z@l0 0966332211",1,0,1,'personal_number'
"789B!et: B@n d-u-o*.c c-h-o*.n l-a` k-h-a'c-h h-a`n-g m-a-y m-a(.n n-h-a^.n t-h-u-o*.ng 5 trie^u. Click: bit.ly/789b-gift",1,1,0,'brandname'
"789B^et - S-o^ng b-a`i t-r-u*.c t-u-y-e^'n: N-a*.p r-u^t c-u*.c n-h-a-n-h tro-ng 30s. T-h-u*? n-g-a-y: 789bet.biz",1,1,0,'shortcode'
"T-h-o^ng b-a'o tu* 789B*et: T@i kho@n b@n d-a-n-g co' 500k t-i-e^n c-o-o*.c m-ie^n p-h-i'. LH n-h-a^.n: 0988223344",1,0,1,'personal_number'
"789B!et: G-i-a?i d-a^'u p-o-k-e-r l-o*.n n-h-a^'t n-a-m. T-o^?ng g-i-a?i t-h-u-o*.ng 10 t-y?. D-a(.p n-g-a-y: bit.ly/789bet-pk",1,1,0,'brandname'
"789B^et: K-h-a'm p-h-a' t-h-e^' g-i-o*.i g-i-a?i t-r-i' k-o-n-g g-i-o*.i h-a*.n. Xem e-m g-a-i t-a(.m t-ie^n: m.789bet.pro",1,1,0,'shortcode'
"C-a?n-h b-a'o tu* 789B*et: P-h-a't h-i-e^.n d-a-n-g n-h-a^.p l-a*. t-u* n-u-o*.c n-g-o-a`i. X-a'c m-i-n-h: tiny.cc/789b-alert",1,1,0,'brandname'
"789B!et: T-a*.i a-p-p n-g-a-y n-h-a^.n c-o-d-e 50k. C-o-o*.c t-h-a? g-a d-e^'n s-a'n-g. Link: bit.ly/789bet-app2",1,1,0,'brandname'
"789B^et Th-o^ng b-a'o: B@n d@ t-h-a('n-g k-e`o x-ie^n 50 t-r-i-e^.u. L-i-e^n h-e^. Z@l0 n-h-a^.n t-i-e^n: 0355667788",1,0,1,'personal_number'
"[789B*et] U-y t-i'n - B-a?o m-a^.t - N-h-a-n-h c-h-o'n-g. K-h-u-y-e^n m-a-i t-a^n t-h-u? 199k. Click: 789bet.link",1,1,0,'brandname'
"789B!et: M-o*.i b@n v-a`o n-h-o'm k-e'o t-a`i x-i?u v-e^` b-o*. p-h-a't l-o^.c. LH Z@l0: 0911889900",1,0,1,'personal_number'
"789B^et: T-r-a?i n-g-h-i-e^.m c-a' c-u-o*.c d-a(?ng c-a^p S-I-G-N-A-P-O-R-E. D-a(.p t-a*.i: tinyurl.com/789bet-vip",1,1,0,'brandname'
"C-h-u'c m-u*`n-g s-d-t 08x... d@ t-r-u'n-g t-h-u-o*.ng 2 t-r-i-e^.u t-u* 789B*et. LH n-h-a^.n q-u-a`: 0944001122",1,0,1,'personal_number'
"789B!et: S-u*. k-ie^.n l-o*.n n-h-a^'t t-h-a'n-g. N-a*.p 100k t@ng 100k. C-h-i? h-o^m n-a-y: bit.ly/789bet-x2",1,1,0,'brandname'
"789B^et: T-h-e^' g-i-o*.i g-a-i x-i-n-h v-a` b-a`i b-a*.c. T-h-a-m g-i-a n-g-a-y n-h-a^.n q-u-a` k-h-u?n-g: m.789bet.xyz",1,1,0,'shortcode'
"T-h-o^ng b-a'o: 789B*et t@m n-g-u*`ng h-o-a*.t d-o^.ng t@i k-h-o-a?n b@n. V-u-i l-o-n-g k-i-e^m t-r-a: bit.ly/789b-fix",1,1,0,'brandname'
"Chuc mung! Ban co goi Li xi Tet 2026 tri gia 5.000.000d. Nhan ngay tai: https://vcb-bank.c0m/lixi. Qua han se bi huy!",1,1,0,brandname
"[LIXI TET 2026] Quy khach duoc tang 888k vao vi. Bam vao https://m0m0-lixi.vn de xac nhan thong tin.",1,1,0,shortcode
"Tai khoan cua ban da nhan duoc bao li xi may man tu he thong Li xi Tet 2026. Nhan tien tai: https://lixitet2026.vI. LH: 0981234567",1,1,1,personal_number
"KHAN CAP: Tai khoan ban bi tam khoa do nghi ngo gian lan nhan Li xi Tet 2026. Vui long xac minh tai: https://nganhang.0nline/tet2026",1,1,0,brandname
"Ban da trung thuong vang 9999 tu chuong trinh Li xi Tet 2026. Goi 1900xxxx hoac vao https://traothuong.vI de lam thu tuc.",1,1,1,shortcode
"LixiTet2026: Tang ban 200k vao tai khoan dien thoai. Chi danh cho 100 nguoi dau tien: https://napthe.c0m/lixi",1,1,0,brandname
"Thong bao: Quy khach co 1 phan qua Li xi Tet 2026 chua nhan. Truy cap https://vcb-lixi.vI/nhantien de rut tien ve ATM.",1,1,0,brandname
"Chuc mung nam moi 2026! Nhan ngay bao li xi 1 trieu dong tu ngan hang tai: https://bidv-lixi.c0m. Nhap ma 2026 de nhan.",1,1,0,brandname
"Canh bao! Co thiet bi la dang dang nhap de rut Li xi Tet 2026 cua ban. Neu khong phai ban, bam vao: https://security-lixi.vI",1,1,0,shortcode
"Ban co 1 yeu cau chuyen tien 2.000.000d tu chuong trinh Li xi Tet 2026. Xac nhan ngay: https://m0m0.0nline/lixi",1,1,0,brandname
"Tang ban voucher mua sam 500k va Li xi Tet 2026 tri gia 1 trieu. Dang ky tai: https://sh0pee-lixi.vn/2026. LH: 0909888777",1,1,1,personal_number
"He thong Li xi Tet 2026 thong bao: Ban la nguoi may man nhan duoc SH 150i. Xem danh sach tai: https://lixitet2026.vI/trungthuong",1,1,0,shortcode
"Quy khach da tieu dung tren 10 trieu trong nam, nhan ngay Li xi Tet 2026 tu Bank. Bam: https://vcb-lixi2026.c0m",1,1,0,brandname
"Tet 2026 am ap voi bao li xi 2 trieu dong. Chi can xac nhan CCCD tai: https://xacthuc-lixi.vI/bank. Gap trong 24h!",1,1,0,brandname
"Chuc mung sdt 098xxx da trung giai nhat Li xi Tet 2026. Vui long lien he 0912223334 hoac vao https://lixi-2026.c0m",1,1,1,personal_number
"[GOC CANH BAO] Phat hien truy cap trai phep vao vi Li xi Tet 2026. Vui long doi mat khau tai: https://vI-lixi.0nline",1,1,0,shortcode
"Ban co thiep chuc mung kem Li xi Tet 2026 tu ban be. Mo ngay tai: https://thiep-tet.c0m/lixi2026",1,1,0,personal_number
"Rut tien Li xi Tet 2026 ve tai khoan ngan hang mien phi tai day: https://vcb-nganhang.c0m/rutlixi. Hieu luc den het hom nay.",1,1,0,brandname
"Tri an khach hang Tet 2026: Nhan bao li xi len den 10 trieu dong. Chi tiet tai: https://trian-lixi.vI. Ho tro: 0944555666",1,1,1,brandname
"Xac nhan thong tin tai khoan de nhan thuong Li xi Tet 2026 tu Tap doan. Link: https://tapdoan-lixi.c0m/xacminh",1,1,0,shortcode
"Ban duoc tang 1 luot quay trung vang 9999 trong su kien Li xi Tet 2026. Thu van may tai: https://quayso-lixi.vI",1,1,0,brandname
"Thong bao tu Li xi Tet 2026: Tien thuong cua ban se bi thu hoi neu khong xac nhan truoc 12h. Link: https://bank-lixi.c0m",1,1,0,brandname
"Ban da trung thuong combo qua Tet va Li xi Tet 2026. Gui thong tin nhan qua tai: https://quatet2026.vI/nhanthuong",1,1,0,personal_number
"Chuc mung! Vi dien tu cua ban co 1 bao Li xi Tet 2026 tri gia 588k. Bam de mo: https://vIdientu.0nline/lixi",1,1,0,shortcode
"Tai khoan tiet kiem cua ban duoc cong them 1.000.000d tu quy Li xi Tet 2026. Kiem tra tai: https://vcb-vI.c0m/lixi",1,1,0,brandname
"Ban nhan duoc loi moi tham gia nhom nhan Li xi Tet 2026 khung. Bam vao link de vao nhom: https://zalo.vI/g/lixitet",1,1,0,personal_number
"Quy khach chua hoan thanh thu tuc nhan Li xi Tet 2026. Vui long truy cap https://nhantien-tet.c0m de hoan tat.",1,1,0,brandname
"Canh bao: Tai khoan ngan hang cua ban se bi khoa neu khong cap nhat thong tin nhan Li xi Tet 2026. Link: https://vcb-bank.vI",1,1,0,brandname
"LixiTet2026: Ban la khach hang may man thu 1.000.000 nhan qua khung. Dang ky tai: https://lucky-lixi.c0m. Sdt ho tro: 0977888999",1,1,1,shortcode
"Lixi Tet 2026: Tang ngay 50k vao tai khoan cho moi loi moi ban be. Bam: https://lixi-tet.vI/invite",1,1,0,brandname
"Ban co phan qua bi mat tu chuong trinh Li xi Tet 2026. Kham pha ngay tai: https://bi-mat.c0m/lixi. Sdt: 0933222111",1,1,1,personal_number
"Thong bao: Han chot nhan Li xi Tet 2026 la ngay hom nay. Bam vao https://vcb-lixi.vI de khong bo lo.",1,1,0,brandname
"Chuc mung ban da trung giai dac biet Li xi Tet 2026 tri gia 100 trieu. Huong dan nhan giai: https://giaidacbiet.c0m",1,1,0,shortcode
"Ket noi ngan hang voi vi Li xi Tet 2026 de nhan ngay 200k vao tai khoan. Link xac thuc: https://link-bank.0nline",1,1,0,brandname
"Ban co 1 tin nhan am thanh chuc mung Tet va Li xi Tet 2026. Nghe tai: https://voice-lixi.vI/2026",1,1,0,personal_number
"He thong tu dong tang ban bao Li xi Tet 2026 do ban thuong xuyen thanh toan online. Nhan tai: https://pay-lixi.c0m",1,1,0,brandname
"Xac minh danh tinh de rut tien tu vi Li xi Tet 2026 ve ATM. Bam vao: https://xacminh-vI.c0m. LH: 0966777888",1,1,1,shortcode
"Quy khach co co hoi nhan Li xi Tet 2026 tri gia 10 trieu khi dang ky tai khoan moi. Bam: https://new-lixi.vI",1,1,0,brandname
"Ban nhan duoc ma giam gia 90% va Li xi Tet 2026 tu Lazada. Su dung ngay tai: https://lzd-lixi.c0m",1,1,0,brandname
"Canh bao: Phat hien giao dich rut tien la tu quy Li xi Tet 2026 cua ban. Huy giao dich tai: https://huy-lixi.vI",1,1,0,shortcode
"[Shopee MaII] Chuc mung ban da trung thuong voucher 5 trieu dong. Truy cap ngay sh0pee-maIl.com de nhan thuong.",1,1,0,brandname
"Shopee Mall thong bao: Don hang 5628 cua ban bi treo. Quy khach vui long goi 0928334551 de xu ly gap.",1,0,1,personal_number
"TUYEN CTV: Luong 500k/ngay lam nhiem vu bam like san pham Shopee. Lien he Zalo 0812345678 de nhan viec.",1,0,1,shortcode
"[QUAN TRONG] Tai khoan Shopee cua ban bi dang nhap la. Vui long xac thuc tai sh0pee.vnn.vn de bao mat.",1,1,0,brandname
"C0NG TY SHOPEE tuyen gap 5 nhan vien nhap lieu tai nha. Luong chuyen khoan theo ngay. Add Zalo 0909112233.",1,0,1,personal_number
"Chuc mung! SDT 09x cua ban nhan duoc phan qua tri gia 2tr tu ShopeeMaII. Click nhan qua tai: bIt.Iy/sh0pee-mall",1,1,1,brandname
"Thong bao tu Shopee: Ban co khoan vay tin dung 50tr chua thanh toan. Truy cap sh0pee-credit.c0m de thanh toan ngay.",1,1,0,shortcode
"ShopeeMall: Tuyen CTV chot don chiet khau 20%. Chi can Smartphone. Dang ky tai: bit.Iy/ctv-sh0pee",1,1,0,brandname
"Can gap 10 ban phu kho Shopee Mall luong 10tr/thang. Lien he chi Hanh 0334455667 de phong van.",1,0,1,personal_number
"[CANH BAO] Shopee se khoa tai khoan sau 24h neu ban khong cap nhat thong tin tai sh0peevn.c0m",1,1,0,brandname
"Ban co don hang Shopee Mall bi hu hai. Nhap link shopeemaII.net de nhan boi thuong 200k.",1,1,0,personal_number
"Kiem tien online cung Shopee: Moi ngay kiem 1tr khong kho. Ket ban ngay 0888223344 de nhan HD.",1,0,1,shortcode
"Shopee Mall tri an khach hang: Tang mien phi 01 bo my pham cao cap. Nhan tai: bIt.Iy/shopee-qua-tang",1,1,0,brandname
"Tai khoan Shopee Mall bi tam khoa do vi pham chinh sach. Click sh0pee-ho-tro.com de mo lai.",1,1,0,personal_number
"[HOT] Tuyen nguoi mau anh cho Shopee Mall. Luong 1tr/buoi. Dang ky qua Zalo: 0977123456",1,0,1,shortcode
"Ban duoc chon lam nhan vien review san pham Shopee. Luong 300k/san pham. Bam vao: sh0pee-review.vn",1,1,0,brandname
"Shopee Mall thong bao: Quy khach co don hang chua nhan. Goi 02873001234 de xac nhan giao lai.",1,0,1,personal_number
"Chuc mung ban da trung giai nhat su kien Shopee 12.12. Truy cap shopeemaII-vn.com de lam thu tuc.",1,1,0,brandname
"Cong ty Shopee tuyen nhan vien CSKH lam tai nha. Luong 8tr + HH. Lien he 0912334455 ngay.",1,0,1,personal_number
"He thong Shopee Mall dang bao tri. Vui long dang nhap lai tai sh0pee-login.net de khong mat du lieu.",1,1,0,shortcode
"Duy nhat hom nay! Shopee Mall tang 100k cho khach hang moi. Click nhan: bit.Iy/sh0pee-voucher",1,1,0,brandname
"Ban co 1 yeu cau rut tien tu vi Shopee dang cho. Xac nhan tai: sh0pee-pay.vn de nhan tien.",1,1,0,personal_number
"Tuyen nhan vien dong goi hang Shopee Mall tai HCM. Luong cao. Lhe 0355443322 nhan viec ngay.",1,0,1,shortcode
"Shopee Mall: Tai khoan cua ban bi nghi ngo gian lan. Vui long vao sh0pee-bao-mat.c0m de xac minh.",1,1,0,brandname
"C0NG TY TNHH SHOPEE tuyen nhan vien ke toan online. Luong 15tr. Ung tuyen tai: bIt.Iy/tuyen-shopee",1,1,0,personal_number
"Ban co 1 tin nhan tu CSKH Shopee Mall ve don hang 1234. Xem tai: shopeemaII.pro",1,1,0,brandname
"Shopee thong bao: Diem thuong cua ban sap het han. Doi qua ngay tai sh0pee-reward.com",1,1,0,shortcode
"Tuyen CTV Shopee Mall chiet khau cao, khong coc, khong phi. Ket ban 0866112233 de bat dau.",1,0,1,personal_number
"Canh bao: Don hang Shopee cua ban dang bi tam giu. Click sh0pee-check.vn de kiem tra.",1,1,0,brandname
"Shopee Mall tang ban code giam gia 50% cho moi don hang. Lay code tai: bIt.Iy/sh0pee-code",1,1,0,personal_number
"Ban da duoc phe duyet khoan vay Shopee Credit 20tr. Hoan tat tai: sh0pee-vay.com",1,1,0,shortcode
"Shopee Mall tuyen nhan vien truc page luong 6tr/thang. Lam tai nha. Lhe Zalo 0944556677.",1,0,1,personal_number
"Chuc mung ban la khach hang may man nhan duoc xe SH tu Shopee. Chi tiet: shopeemaII-sh.com",1,1,0,brandname
"Don hang Shopee Mall cua ban bi huy. Nhap link sh0pee-refund.vn de nhan lai tien ngay.",1,1,0,personal_number
"Tuyen CTV tang tuong tac cho Shopee Mall. Luong 200k-500k/ngay. Dang ky: bIt.Iy/shopee-ctv",1,1,0,shortcode
"Shopee Mall thong bao: Ban co qua tang bi bo lo. Click ngay sh0pee-gift.vn de nhan.",1,1,0,brandname
"Yeu cau rut tien 2.000.000d tu Shopee Mall thanh cong. Neu khong phai ban, click: sh0pee-alert.com",1,1,0,personal_number
"Tuyen nhan vien kiem hang Shopee tai kho luong 400k/ngay. Lien he 0399887766 de dang ky.",1,0,1,shortcode
"Shopee Mall: Chuong trinh vong quay may man, 100% trung thuong. Choi tai: sh0pee-spin.net",1,1,0,brandname
"Tai khoan Shopee cua ban bi tam khoa thanh toan. Vui long cap nhat tai shopeemaII-pay.c0m",1,1,0,personal_number
"G.4.1 x-1-n.h Z.4.l.0: Ch-u-c m-u-n.g! B.4.n n.h.4.n d-u-0-c 1 s-u.4.t h-3.n h-0. d-3.c q-u-y-3.n. X-3-m: bit.ly/zalo1",1,1,0,brandname
"[G.4.1 x-1-n.h Z.4.l.0] C-0 1 t-1.n n.h.4.n c.h-u.4 d-0.c t-u 3.m n.h-0. L-1-n-k: zalo.me/gai-xinh-18",1,1,0,personal_number
"C.4.n-h b.4.0: T.4.1 kh-0.4.n G.4.1 x-1-n.h Z.4.l.0 b-1 h.4.k. K-1-3-m t.r.4 n.g.4.y t.4.1: bit.ly/fix-zalo",1,1,0,shortcode
"3.m d.4.n.g ch-0 4.n.h 0 d-4-y. G.4.1 x-1-n.h Z.4.l.0 d.4.n.g l-1-v-3-s.t.r.3.4.m. V.4.0 n.g.4.y: t.ly/live-hot",1,1,0,personal_number
"H-3.t h.4.n t-u t-4.c v-0-1 G.4.1 x-1-n.h Z.4.l.0. N.4.p t.h-3 n.g.4.y d-3 k-3.t n-0-1 l.4.1: 0901234567",1,0,1,brandname
"B.4.n d-u-0-c t-4.n.g v-0-u.c.h-3.r h-3.n h-0. t.4.1 G.4.1 x-1-n.h Z.4.l.0. L-1-n-k n.h.4.n: bit.ly/km-zalo",1,1,0,shortcode
"G.4.1 x-1-n.h Z.4.l.0: 3.m x-1-n.h n-3 t.h-3 n.4.y m.4 4.n.h kh-0-n.g x-3-m 4. L-1-n-k c.l.1.p: bit.ly/clip-hot-99",1,1,0,personal_number
"P.h-4.t h-1-3.n t.r.u.y c.4.p l.4 t.4.1 G.4.1 x-1-n.h Z.4.l.0. X.4.c m-1.n.h d-4.n.h t-1.n.h n.g.4.y: bit.ly/verify-ac",1,1,0,brandname
"K-3.t b.4.n v-0-1 P.G x-1-n.h t.4.1 G.4.1 x-1-n.h Z.4.l.0. S-D-T 3.m n-3: 0988776655. G-0-1 n.g.4.y!",1,0,1,personal_number
"G.4.1 x-1-n.h Z.4.l.0: C.4.n.h b.4.0 r-0.l r-1 v-1-d-3-0 r-1-3-n.g t-u. K-1-3-m t.r.4 t.4.1: bit.ly/leak-video",1,1,0,shortcode
"H-3-t h.4.n d.u.n.g l-u-0-n.g 4.n.h t.4.1 G.4.1 x-1-n.h Z.4.l.0. X-0.4 b-0-t d-u l-1-3-u t.4.1: bit.ly/clear-data",1,1,0,brandname
"3.m l.4 G.4.1 x-1-n.h Z.4.l.0 d.4.y. 4.n.h c-0 m-u-0.n x-3-m c.l.1.p k-1-n kh-0-n.g? V.4.0 n.h-0: t.ly/hot-zalo",1,1,0,personal_number
"G.4.1 x-1-n.h Z.4.l.0: B.4.n l.4 n.g-u-0-1 m.4.y m-4-n n.h.4.n d-u-0-c q.u.4. B-4-m n.h.4.n: bit.ly/qua-tang-zalo",1,1,0,shortcode
"T.r.u.y t-1.m S-u-g.4.r B.4.b.y t.4.1 G.4.1 x-1-n.h Z.4.l.0. L-1-3-n h-3 n.g.4.y: 0911223344",1,0,1,personal_number
"G.4.1 x-1-n.h Z.4.l.0: T.4.1 kh-0.4.n c.u.4 b.4.n s-3 b-1 kh-0.4 s.4.u 2.h n-3.u kh-0-n.g x.4.c t.h-u.c: bit.ly/zalo-acc",1,1,0,brandname
"D.4.n.h s.4.c.h G.4.1 x-1-n.h Z.4.l.0 m-0-1 n.h.4.t. X-3-m v.4 k-3.t b.4.n: bit.ly/list-gai-xinh",1,1,0,personal_number
"G.4.1 x-1-n.h Z.4.l.0 th-0-n.g b.4.0: B.4.n c-0 1 t-h-0.ng b.4.0 m-0-1 t-u h-3 t.h-0-n.g. X-3-m: bit.ly/zalo-notif",1,1,0,shortcode
"3.m ch-0 4.n.h m.4-1 m.4 kh-0-n.g t.h-3.y 4.n.h r-3-p. V.4.0 G.4.1 x-1-n.h Z.4.l.0 t-1.m 3.m n.h-3: bit.ly/zalo-chat",1,1,0,personal_number
"G.4.1 x-1-n.h Z.4.l.0: U-u d.4-1 n.4.p t.h-3 5.0% ch-1 h-0-m n.4.y. N.4.p n.g.4.y t.4.1: bit.ly/nap-the-zalo",1,1,0,brandname
"X-3-m 4.n.h n-0.n.g m-1-3-n p.h-1 t.4.1 G.4.1 x-1-n.h Z.4.l.0. C.l.1.c.k n.g.4.y: t.ly/anh-hot-free",1,1,0,personal_number
"G.4.1 x-1-n.h Z.4.l.0: L-0.1 h-3 t.h-0-n.g, v.u.1 l-0-n.g d-4.n.h n.h.4.p l.4.1 d-3 b.4.0 m.4.t: bit.ly/login-zalo",1,1,0,shortcode
"C-0 1 b-4.n n.u m-u-0.n l.4.m q.u.4.n v-0-1 b.4.n t.r-3.n G.4.1 x-1-n.h Z.4.l.0. S-D-T: 0977665544",1,0,1,personal_number
"G.4.1 x-1-n.h Z.4.l.0: T.4.1 kh-0.4.n b.4.n d-u-0-c t-4.n.g 100k v.4.o v-1. K-1-3-m t.r.4: bit.ly/zalo-wallet",1,1,0,brandname
"4.n.h -0-1, 3.m l.4 l-1.n.h m-0-1 t.4.1 G.4.1 x-1-n.h Z.4.l.0. K-3.t b.4.n v-0-1 3.m n.h-3: zalo.me/linh-xinh",1,1,0,personal_number
"G.4.1 x-1-n.h Z.4.l.0: P.h.4.t h-1-3.n t.h-1-3.t b-1 l.4 d-4.n.h n.h.4.p. N-3-u kh-0-n.g p.h.4-1 b.4.n, b-4-m: bit.ly/zalo-security",1,1,0,shortcode
"M-0-1 t.r-1.n.h d.1-3.n G.4.1 x-1-n.h Z.4.l.0 c-u.c h-0.t. X-3-m t.r-u.c t-1-3.p t.4.1: bit.ly/zalo-live-now",1,1,0,personal_number
"G.4.1 x-1-n.h Z.4.l.0: H-3.t h.4.n d-u.n.g t.h-u. V.u.1 l-0-n.g n.h.4.p m.4 k-1-c.h h-0.4.t: 0944556677",1,0,1,brandname
"3.m c-0 m-0.n q.u.4 b-4.t n.g-0 t-4.n.g 4.n.h t.4.1 G.4.1 x-1-n.h Z.4.l.0. M-0 t.4.1: bit.ly/qua-bi-mat",1,1,0,personal_number
"G.4.1 x-1-n.h Z.4.l.0: B.4.n d-4 b-1 l-0 t-1-n n.h-4.n. V.u.1 l-0-n.g k-1-3-m t.r.4 n.g.4.y t.4.1: bit.ly/check-mess",1,1,0,shortcode
"T-1.m b-4.n t-1.n.h d-3-m n.4.y t.4.1 G.4.1 x-1-n.h Z.4.l.0. D-4.n.h s.4.c.h m-0-1 n.h.4.t: t.ly/hen-ho-zalo",1,1,0,personal_number
"G.4.1 x-1-n.h Z.4.l.0: C-0 5 n.g-u-0-1 v-u.4 x-3-m h-0 s-0 c.u.4 b.4.n. X-3-m h-0 l.4. m.4.y: bit.ly/who-view",1,1,0,brandname
"4.n.h ch-u.4 x-3-m 4.n.h m-0-1 c.u.4 3.m t.r-3.n G.4.1 x-1-n.h Z.4.l.0 4? X-3-m n.g.4.y: bit.ly/anh-moi-e",1,1,0,personal_number
"G.4.1 x-1-n.h Z.4.l.0: X.4.c n.h.4.n d-0.n h.4.n.g h-3.n h-0. c.u.4 b.4.n t.4.1: bit.ly/don-hang-zalo",1,1,0,shortcode
"K-3.t b.4.n Z.4.l.0 v-0-1 3.m t.4.1 G.4.1 x-1-n.h Z.4.l.0 n.h-3. S-D-T 3.m: 0966554433",1,0,1,personal_number
"G.4.1 x-1-n.h Z.4.l.0: C-0 l-0.1 t.r.u.y c.4.p t.4.1 kh-0.4.n. V.u.1 l-0-n.g k-1-3-m t.r.4: bit.ly/zalo-error",1,1,0,brandname
"3.m t-4.n.g 4.n.h v-1-d-3-0 n.4.y n.h-3. Ch-1 c-0 t.4.1 G.4.1 x-1-n.h Z.4.l.0 m-0-1 c-0: t.ly/video-private",1,1,0,personal_number
"G.4.1 x-1-n.h Z.4.l.0: T.4.1 kh-0.4.n V.I.P c.u.4 b.4.n d-4 s-4-n s.4.n.g. K-1-c.h h-0.4.t n.g.4.y: bit.ly/vip-zalo",1,1,0,shortcode
"G.4.1 x-1-n.h Z.4.l.0: 3.m d.4.n.g t-1.m b-4.n ch-4.t d-3-m n.4.y. L-1-n-k: zalo.me/chat-dem",1,1,0,personal_number
"G.4.1 x-1-n.h Z.4.l.0: C.4.n.h b.4.0 m-4.t kh-4.u y-3.u. V.u.1 l-0-n.g d-0-1 m.4.t kh-4.u: bit.ly/change-pass-zalo",1,1,0,brandname
"4.n.h c-0 m-u-0.n v.4.o n.h-0-m G.4.1 x-1-n.h Z.4.l.0 k-1-n kh-0-n.g? L-1-n-k n.h-0-m: bit.ly/group-kin",1,1,0,personal_number
"Tong Cuc Thue thong bao: Quy khach co khoan no thue chua nop. Truy cap ngay thuedientu.g0v-vn.com de tra cuu va thanh toan, tranh bi phong toa tai khoan.",1,1,0,brandname
"Canh bao: Ho so thue cua ban bi thieu thong tin. Vui long truy cap h0-so-thue.vn de bo sung truoc 24h neu khong se bi xu phat hanh chinh.",1,1,0,brandname
"TongCucThue: Chuc mung ban thuoc dien duoc hoan thue TNCN nam 2023. Dang nhap ngay h0anthue-gdt.vn de nhan tien ve tai khoan.",1,1,0,brandname
"Thong bao khan: Ma so thue 0312xxx cua quy khach dang bi tam khoa. Cap nhat lai thong tin tai https://gdt-g0v.vn/v3 de kich hoat lai.",1,1,0,brandname
"Cuc Thue TP.HCM: Quy khach co lich hen lam viec ve sai pham thue. Xem chi tiet tai: https://thue-g0v.vn/cv241. Moi thac mac lh 0901234567.",1,1,1,personal_number
"LENH TRUY NA: Ma so thue cua ban co dau hieu tron thue. Yeu cau truy cap https://tracuuthue.g0v.vn de kiem tra ho so vI pham.",1,1,0,shortcode
"ThueDienTu: He thong dang nang cap. Vui long dang nhap lai va cap nhat chu ky so tai https://gdt.gov-vI.com de khong bi gian doan.",1,1,0,brandname
"TB tu Tong Cuc Thue: Ban chua hoan thanh nghia vu thue mon bai. Truy cap https://thue-g0v.com/nopthue de thanh toan ngay tranh bi phat.",1,1,0,brandname
"Quyet dinh xu phat thue so 452/QD. Quy khach vui long bam vao https://gdt.gov.vn-01.com de xem chi tiet va nop phat online.",1,1,0,shortcode
"TongCucThue: Ho so hoan thue cua ban da duoc duyet. Click vao https://h0anthue.gdt-g0v.vn de nhan 4.500.000 VND vao the ATM.",1,1,0,brandname
"Nhac nho: Han chot quyet toan thue la ngay mai. Vui long truy cap https://thuedientu.g0v.vn/l0gin de nop to khai ngay.",1,1,0,brandname
"Cuc Thue thong bao: Phat hien sai pham trong hoa don dien tu cua ban. Xem danh sach hoa don vI pham tai https://gdt-check.c0m.",1,1,0,personal_number
"Cuc thue thong bao: Ban co khoan thuong hoan thue TNCN tri gia 2.800.000d. Xac nhan tai https://gdt.g0v-vn.top de nhan ngay.",1,1,0,brandname
"Canh bao tu GDT: Tai khoan thue cua ban bi dang nhap la. Vui long xac thuc tai https://thue-g0v.vn/security de bao mat.",1,1,0,shortcode
"Thue mien phi cho doanh nghiep moi. Dang ky nhan goi ho tro 5 trieu dong tai: https://gdt.gov-vI.com/support.",1,1,0,personal_number
"TB tu Tong Cuc Thue: Quy khach chua nop thue thu nhap ca nhan quy 3. Truy cap https://thuedientu.g0v.vn/pay de tranh bi cuong che.",1,1,0,brandname
"Khan cap: Ma so thue cua ban se bi thu hoi vao 18h hom nay. Cap nhat ngay tai https://gdt-g0v.vn/update-mst.",1,1,0,brandname
"Cuc Thue canh bao: Phat hien ban su dung hoa don bat hop phap. Lh 0912345678 hoac truy cap https://gdt-vI.com de giai trinh.",1,1,1,personal_number
"TongCucThue: Thong bao hoan tien thue cho thue bao 09xxxx. Bam vao https://h0anthue-2024.com de lam thu tuc nhan tien.",1,1,0,brandname
"Thong bao: Ban da qua han nop thue 30 ngay. So tien phat hien tai la 1.200.000d. Thanh toan tai https://thue-g0v.vn/penalty.",1,1,0,shortcode
"Cuc Thue: Ho so dang ky thue cua ban bi loi. Vui long tai app thue moi nhat tai https://gdt-g0v.com/app de chinh sua.",1,1,0,brandname
"Tong Cuc Thue thong bao: Ban duoc giam 50% thue truoc ba. Xem danh sach doi tuong tai https://gdt-g0v.vn/uudai.",1,1,0,brandname
"Thong bao tu Cuc Thue: Ban co lich thanh tra thue vao ngay 25/10. Xem noi dung thanh tra tai https://thue-g0v.vn/l0g.",1,1,0,shortcode
"Canh bao: Co quan thue se phong toa tai khoan ngan hang cua ban sau 24h neu khong nop thue tai https://gdt-g0v.vn/pay.",1,1,0,brandname
"TongCucThue: Huong dan quyet toan thue TNCN nhanh nhat qua ung dung GDT-Mobile. Tai ngay: https://gdt.gov-vI.com/mobile.",1,1,0,brandname
"ThueDienTu: Quy khach co thong bao moi tu co quan thue. Vui long dang nhap https://thuedientu.gdt-g0v.vn de xem.",1,1,0,brandname
"Cuc Thue TP: Yeu cau quy khach cap nhat CCCD gan chip vao he thong thue tai https://gdt-g0v.vn/cccd de khong bi khoa MST.",1,1,0,personal_number
"Tong Cuc Thue: Quy khach duoc tang goi ho tro thue 2.000.000d. Nhan qua tai link: https://gdt-g0v.com/gift.",1,1,0,brandname
"Thong bao: Phat hien gian luan thue tu tai khoan cua ban. Truy cap https://gdt-vI.com/investigate de hop tac dieu tra.",1,1,0,shortcode
"Canh bao tu Cuc Thue: Ma so thue bi trung lap thong tin. Vui long xac minh tai https://gdt.g0v-vn.com/verify.",1,1,0,brandname
"TongCucThue: Ho so hoan thue TNCN cua ban bi tu choi. Xem ly do tai https://h0anthue.gdt-g0v.vn/reject.",1,1,0,brandname
"Cuc thue canh bao: Cam xuat canh doi voi chu doanh nghiep no thue. Tra cuu danh sach tai https://gdt-g0v.vn/cam-xuat-canh.",1,1,0,personal_number
"TB: Quy khach co khoan thue dat chua nop. Thanh toan ngay de tranh bi tich thu tai san: https://thue-g0v.com/land.",1,1,0,shortcode
"Tong Cuc Thue: Tang thoi han nop thue cho doanh nghiep bi anh huong bao lu. Dang ky tai https://gdt-g0v.vn/support-2024.",1,1,0,brandname
"Cuc Thue thong bao: Ban co chung tu thue chua ky. Vui long vao https://thuedientu.g0v.vn/sign de ky so dien tu.",1,1,0,brandname
"Canh bao: Website thue dang bi tan cong. Vui long doi mat khau tai link du phong: https://gdt-backup.c0m.",1,1,0,personal_number
"TongCucThue: Ban co so du thue duoc chuyen sang ky sau la 500.000d. Xem chi tiet tai https://gdt-g0v.vn/balance.",1,1,0,brandname
"Thong bao khan: Quyet dinh cuong che thue so 99/QD da duoc ban hanh. Xem tai https://thue-g0v.vn/force.",1,1,0,shortcode
"Cuc Thue: Chuc mung ban da nop thue dung han va nhan duoc phieu mua hang 500k. Nhan tai https://gdt.g0v.vn/voucher.",1,1,0,brandname
"Tong Cuc Thue: Yeu cau cap nhat dia chi kinh doanh moi nhat tai https://gdt-g0v.com/address de nhan giay thue.",1,1,0,personal_number
"[Cuc Vien thong] Thue bao cua quy khach se bi khoa 2 chieu sau 2 gio nua do thong tin khong chinh xac. Truy cap: https://vneid-g0v.vn de cap nhat ngay.",1,1,0,brandname
"[CucVienThong] Thong bao: So dien thoai cua ban bi khieu nai vi phat tan tin nhan rac. Vui long xac thuc tai: http://cucvienth0ng.vnn-vn.com",1,1,0,brandname
"Cuc Vien thong thong bao: Quy khach co bien ban vi pham hanh chinh chua nop. Truy cap http://dvc-p0rtaI.vn de kiem tra va thanh toan.",1,1,0,personal_number
"Thong bao tu Cuc Vien Thong: Thue bao 09xxxxxx se bi thu hoi ve kho so quoc gia. Lien he 024.3773.xxx de duoc ho tro.",1,0,1,shortcode
"[Cuc Vien thong] Canh bao: Tai khoan VNeID cua ban bi truy cap la. Vui long dang nhap de xac minh danh tinh: https://vneid-g0v.vn",1,1,0,brandname
"Cuc Vien thong yeu cau quy khach cap nhat lai thong tin thue bao theo nghi dinh 49. Neu khong se bi khoa. Link: http://xacthuc-th0ngtin.vn",1,1,0,personal_number
"[CucVienThong] Ban co mot kien nghi chua giai quyet tai Cong dich vu cong quoc gia. Xem chi tiet tai: http://dichvuc0ng.gov-vn.com",1,1,0,brandname
"Thue bao cua ban dang bi theo doi vi nghi ngo lien quan den duong day lua dao. Lien he ngay 028.730x.xxx de lam viec.",1,0,1,personal_number
"Cuc Vien thong: Chuc mung ban nhan duoc goi cuoc uu dai 4G mien phi 1 nam tu Bo Thong tin. Dang ky tai: http://khuyenmai-viettel-0ffice.vn",1,1,0,shortcode
"[Cuc Vien thong] He thong phat hien SIM cua ban chua duoc dinh danh muc do 2. Truy cap: https://vneid-g0v.vn de tranh bi khoa.",1,1,0,brandname
"Cuc Vien Thong thong bao: Lenh bat tam giam doi voi chu thue bao 09xxx ve hanh vi truyen ba thong tin sai su that. Xem tai: http://Ienh-bat.vn",1,1,0,personal_number
"Thong bao: Thue bao cua ban se bi tam dung hoat dong vao luc 18h hom nay. Huong dan mo khoa tai: http://cucvienth0ng-dv.com",1,1,0,shortcode
"[CucVienThong] Ban da trung thuong 1 chiec iPhone 15 Pro Max tu chuong trinh tri an khach hang. Nhan giai tai: http://quatang-g0v.vn",1,1,0,brandname
"Cuc Vien thong yeu cau xac minh lai CCCD cho so dien thoai dang su dung. Neu khong xac minh se bi thu hoi SIM. Link: http://vneid-g0v.com",1,1,0,personal_number
"Quy khach co thong bao ve viec hoan tra tien cuoc vien thong nam 2023. Bam vao link de nhan: http://hoantien-cucvienth0ng.vn",1,1,0,shortcode
"[Cuc Vien thong] Canh bao: So dien thoai cua ban duoc su dung de mo tai khoan ngan hang l-ua d-ao. Lien he 1900.xxxx de giai trinh.",1,0,1,brandname
"Cuc Vien Thong: Yeu cau dong bo hoa thong tin thue bao voi co so du lieu quoc gia ngay hom nay: http://dichvuc0ng-vnn.vn",1,1,0,personal_number
"Thong bao: Thue bao 08xxxx dang bi kien nghi khoa vinh vien. De khieu nai, truy cap ngay: http://cucvienth0ng.vn/Iogin",1,1,0,shortcode
"[CucVienThong] He thong se tu dong khoa SIM cua ban sau 60 phut. Vui long cap nhat thong tin tai: https://vneid-g0v.vn",1,1,0,brandname
"Cuc Vien thong: Ban co 1 buu pham bi tam giu tai Buu dien thanh pho vi chua thanh toan cuoc phi. Lien he: 024.3912.xxx",1,0,1,personal_number
"Cuc Vien thong thong bao: SIM cua ban khong hop le theo quy dinh moi. Vui long doi SIM 4G mien phi tai: http://doi-sim-g0v.vn",1,1,0,shortcode
"[CucVienThong] Canh bao nguy cap: So dien thoai cua ban bi loi he thong, de mat lien lac vui long truy cap: http://cucvienth0ng.vnn.vn",1,1,0,brandname
"Thong bao tu Cuc Vien Thong: Phat hien thiet bi cua ban dang truy cap trang web cam. Xem bien ban tai: http://canhba0-vnn.vn",1,1,0,personal_number
"Cuc Vien thong: Chuc mung thue bao 09xxx may man nhan qua tang tri gia 5 trieu dong. Xem chi tiet: http://tri-an-khach-hang-0ffice.vn",1,1,0,shortcode
"[CucVienThong] Yeu cau quy khach hoan thanh dinh danh dien tu ngay lap tuc de khong bi gian doan dich vu: http://vneid-g0v.gov.vn",1,1,0,brandname
"Cuc Vien thong thong bao: So dien thoai cua ban dang bi mao danh de di l-ua d-ao. Vui long xac thuc tai: http://xacthuc-p0rtaI.vn",1,1,0,personal_number
"Thong bao: Quy khach da dang ky thanh cong goi cuoc VIP 500k/thang. De huy vui long truy cap: http://huy-dich-vu-g0v.vn",1,1,0,shortcode
"[CucVienThong] Ban nhan duoc 1 tin nhan tu l-anh d-ao Bo Thong tin. Xem noi dung tai: http://thongtin-g0v.vn",1,1,0,brandname
"Cuc Vien thong: He thong phat hien ban su dung nhieu SIM rac. Yeu cau khai bao thong tin tai: http://khai-ba0-thue-ba0.vn",1,1,0,personal_number
"Thong bao: Thue bao cua ban se bi chuyen vao danh sach den cua Cuc Vien thong. Kiem tra tai: http://dan-sach-den-g0v.vn",1,1,0,shortcode
"[CucVienThong] Canh bao: Tai khoan ngan hang lien ket voi so dien thoai nay dang bi tan cong. Truy cap: http://ba0-mat-g0v.vn",1,1,0,brandname
"Cuc Vien thong: Ban co hoa don vien thong qua han 3 thang. Vui long thanh toan de khong bi khoi to: http://thanh-toan-g0v.vn",1,1,0,personal_number
"Thong bao: Ban duoc tang 500.000d vao tai khoan khuyen mai tu Cuc Vien thong. Nhan ngay tai: http://nhan-thu0ng-g0v.vn",1,1,0,shortcode
"[CucVienThong] Yeu cau quy khach cap nhat anh chan dung de hoan thien ho so thue bao: http://cap-nhat-hinh-anh-g0v.vn",1,1,0,brandname
"Cuc Vien thong: So dien thoai cua ban se bi thu hoi sau 1 gio nua. De giu so vui long lien he: 024.315x.xxx",1,0,1,personal_number
"Thong bao: Cuc Vien thong dang trien khai chuong trinh ho tro cuoc phi sau dich. Dang ky tai: http://h0-tro-cu0c-phi.vn",1,1,0,shortcode
"[CucVienThong] Thong bao: SIM cua ban bi khoa vi ly do an ninh quoc gia. Vui long xac minh tai: http://an-ninh-g0v.vn",1,1,0,brandname
"Cuc Vien thong yeu cau quy khach xac nhan khong phai la robot de tiep tuc su dung dich vu: http://xac-nhan-g0v.vn",1,1,0,personal_number
"Thong bao: Ban co mot tin nhan thoai chua nghe tu Cuc Vien thong. Nghe tai: http://tin-nhan-th0ai-g0v.vn",1,1,0,shortcode
"[CucVienThong] Canh bao: Phat hien phan mem gian diep tren so dien thoai cua ban. Huong dan go bo: http://diet-virus-g0v.vn",1,1,0,brandname
"[TCT] Thong bao: Quy' khack co' k0an hoan thue 3.450.000 VND. Truy cap gdt-gov.cc de nh4n ngay.",1,1,0,brandname
"Cuc thue thong bao: Ma so thue cua ban bi khoa. Lj3n h3^ sdt 0921445xxx de mo' k0a g4p.",1,0,1,personal_number
"(TB) Bo Taj Chjnh: Yeu cau cap nhat thong tin thue tai dchj thue-vn.net de kh0ng bj phat hanh chjnh.",1,1,0,shortcode
"Canh bao: Ho so thue cua b4n bj thjeu' thong tjn. Vao ngay dichvucong-thue.cc de k3 khai l4j.",1,1,0,personal_number
"[TongCucThue] Ban duoc hoan thue thu nhap ca nhan 2023. Truy cap link: h-thue.xyz de l4m thu tuc.",1,1,0,brandname
"Cuc Thue TP: Nhac nho nop thue mon baj nam 2024. Xem chj tjet va' nop thue t4j: thue-online.top",1,1,0,shortcode
"Th0ng b4o: Ma so thue 031xxx cua b4n bi vj pham. Go'i ngay 0981223xxx de dc ho tro kh0ng se bj truy to'!",1,0,1,personal_number
"[TCT] Quy' khack co' thong bao moi' tu' Cuc Thue. Vuj l0ng kjem tra t4j: gdt-portal.vn-tax.com",1,1,0,brandname
"Dich vu thue: Vj pham nop cham' thue. So' tj3n phat la 5.200.000d. Truy cap thue-phat.cc de nop.",1,1,0,personal_number
"Cuc thue thong bao b4n co' bjen' ban vj pham thue. Lj3n h3^ zalo 0901234xxx de lay' ma' xac thuc.",1,0,1,shortcode
"[Cuc Thue] He thong eTax Mobile yeu cau b4n cap nhat phjen ban mo'i t4j: etax-gdt.com de kh0ng bj gian doan.",1,1,0,brandname
"Canh bao: Phat hjen khaj thue gjan l4n. Truy cap link thue-kiemtra.xyz de doj' chjeu' du' ljeu.",1,1,0,personal_number
"Th0ng b4o tu' Bo Taj Chjnh: B4n thuoc djen' duoc mjen' thue 2024. Nh4n tj3n t4j: mienthue-gov.cc",1,1,0,shortcode
"[TCT] Ho so thue cua b4n gap su' co' nghjem tr0ng. Go'i 0945566xxx g4p can bo thue de xu' ly' ngay.",1,0,1,brandname
"Cuc Thue: Yeu cau xac thuc danh tjnh chu' thue t4j gdt-vneid.com. Neu khong se bj k0a m4 so' thue.",1,1,0,personal_number
"(Canh bao) Quy' khack chua hoan thanh nghja vu thue. Bam vao nopthue-nhanh.cc de tranh' bj cuong' che' tk.",1,1,0,shortcode
"[TongCucThue] Chuc mung b4n co' khoan thuong' tu' ngan' sach' nha' nuoc. Truy cap thue-vn.org de nh4n.",1,1,0,brandname
"Th0ng b4o: Cuc thue s3^ thuc hjen kjem tra d0t' xuat tai nha'. Lj3n h3^ 0911223xxx de hen' ljch.",1,0,1,personal_number
"He thong thue bj l0j. Vuj l0ng cap nhat l4j thong tjn ngan hang t4j link: thue-bank.xyz",1,1,0,shortcode
"[CucThue] Quy' khack co' tj3n thue du' duoc hoan lai. Click vao link gdt-hoanthue.com de l4m lenh' rut.",1,1,0,brandname
"C4nh b4o tu' TCT: B4n dang n0' thue' qua' h4n. Truy cap ngay nopthue-gov.net de thanh' toan.",1,1,0,personal_number
"(TB) Cuc thue yeu cau b4n k3 khai thue thu nhap b0' sung. Xem huong dan t4j: thue-online.info",1,1,0,shortcode
"[TongCucThue] Ma' so thue cua b4n bj l0' thong tjn. Vuj l0ng click vao gdt-security.cc de bao' mat.",1,1,0,brandname
"Thong bao: B4n bj phat 15tr d0ng vj cham' nop thue. Lj3n h3^ 0922334xxx de duoc gjm' nhe' phat.",1,0,1,personal_number
"Cuc Thue: Quy' khack co' bjeu' mau' thue moi' can ky' gap. Tai' app t4j link: etax-kyso.cc",1,1,0,shortcode
"[TCT] Hoan thue cho doj' tuong bj anh' huong' bao' lu. Nh4n ho tro t4j: thue-trocap.com",1,1,0,brandname
"Canh bao: Caj' dat ung dung eTax gia' m4o dang phat tan. Vuj l0ng caj' l4j t4j gdt-etax.cc",1,1,0,personal_number
"(Cuc Thue) B4n co' don thjeu' nai thue chua xu' ly'. Bam vao thue-khieunai.xyz de xem chj tjet.",1,1,0,shortcode
"[TongCucThue] Th0ng b4o: Quy' khack chua d0ng thue dat' nam 2024. Thanh toan t4j: thuedat-gov.vn.cc",1,1,0,brandname
"Luu y: Cuc thue s3^ tam' khoa' tai' k0an thue neu khong xac thuc sdt 0933445xxx ngay.",1,0,1,personal_number
"Cuc Thue: Th0ng b4o mjen' gj4m thue cho doanh nghjep. Dang ky' t4j link: thue-uudai.top",1,1,0,shortcode
"[TCT] C4nh b4o lừa đảo mạo danh cuc thue. Vuj l0ng xac thuc taj k0an t4j: gdt-verify.com",1,1,0,brandname
"Thong bao: Ma so thue bj treo' do thjeu' chung' tu'. Lj3n h3^ 0977889xxx de b0' sung gap.",1,0,1,personal_number
"(TB) Bo Tai Chinh yeu cau cap nhat VNeID va' eTax t4j link: dichvucong-gov.cc de d0ng thue.",1,1,0,shortcode
"[CucThue] Quy' khack co' qua' tang' tu' chuong trjnh 'Hoa don may' man'. Xem t4j: hdon-lucky.xyz",1,1,0,brandname
"Canh bao: Phat hjen truy cap la' vao ma so thue cua b4n. Vao gdt-login.com de k0a ngay.",1,1,0,personal_number
"Cuc Thue: Nhac' n0' thue' GTGT quy' 1. Vuj l0ng thanh toan t4j: thue-online.cc kh0ng se bj phat.",1,1,0,shortcode
"[TCT] Quy' khack duoc hoan thue 1.200.000d. Cung cap stk t4j link thue-refund.xyz de nh4n tj3n.",1,1,0,brandname
"Th0ng b4o: Cuc thue s3^ thuc hjen phong toa' tai' k0an ngan hang cua b4n. Lj3n h3^ 0966778xxx de l4m vjec.",1,0,1,personal_number
"Cuc Thue: Yeu cau nop phj' duy trj' ma so thue nam 2024. Nop qua link: thue-phi.com",1,1,0,shortcode
L.4.z.4.d.4 t.u.y.3.n C.T.V x.u-l.y d.0.n h.4.n.g t.4.1 n.h.4. L.u.0.n.g 500k-1tr/n.g.4.y. L.1.3.n h.3 Z.4.l.0: 0923415678,1,0,1,personal_number
Ch.u.c m.u.n.g S.D.T 09x tr.u.n.g t.h.u.0.n.g 50tr t.u L-4-z-4-d-4. N.h.4.n q.u.4 t.4.1: https://lzd-vnn.com,1,1,1,brandname
[L.4.z.4.d.4] T.4.1 k.h.0.4.n b.1 k.h.0.4 d.0 v.1 p.h.4.m. V.u.1 l.0.n.g x.4.c m.1.n.h t.4.1: bit.ly/lz-verify-v,1,1,0,shortcode
C.0.n.g v.1.3.c o.n.l.1.n.3 t.4.1 n.h.4 c.h.0 L.4.z.4.d.4. K.h.0.n.g c.0.n c.0.c. K.3.t b.4.n: 0583442112,1,0,1,personal_number
Q.u.4 t.4.n.g l.3 k.y n.1.3.m L.4.z.4.d.4 10 n.4.m. B.4.n l.4 n.g.u.0.1 m.4.y m.4.n n.h.4.n I.p.h.0.n.3 15. L.1.n.k: lzd-qua.top,1,1,0,brandname
T.u.y.3.n n.h.4.n v.1.3.n d.4.t h.4.n.g t.h.u.3 l.u.0.n.g c.4.0. L.1.3.n h.3 n.g.4.y: 0394885772 n.h.4.n v.1.3.c,1,0,1,personal_number
D.0.n h.4.n.g L.4.z.4.d.4 #29384 c.u.4 b.4.n b.1 t.r.3. V.u.1 l.0.n.g k.1.3.m t.r.4 t.r.4.n.g t.h.4.1: bit.ly/lz-status,1,1,0,shortcode
L.4.z.4.d.4 T.u.y.3.n d.u.n.g: L.u.0.n.g t.r.4 s.4.u k.h.1 h.0.4.n t.h.4.n.h n.h.1.3.m v.u. A.d.d Z.4.l.0: 0704556123,1,0,1,personal_number
B.4.n c.0 1 k.h.0.4.n t.1.3.n h.0.4.n d.u n.h.u t.u L.4.z.4.d.4. R.u.t t.1.3.n n.g.4.y t.4.1: https://lzd-cash.com,1,1,0,brandname
C.4.n.h b.4.0: T.4.1 k.h.0.4.n L.4.z.4.d.4 c.u.4 b.4.n d.4.n.g b.1 t.r.u.y c.4.p t.r.4.1 p.h.3.p. K.1.3.m t.r.4: bit.ly/lz-safe,1,1,0,shortcode
L.4.z.4.d.4 t.u.y.3.n n.h.4.n v.1.3.n d.4.n.h g.1.4 s.4.n p.h.4.m. 1 n.h.1.3.m v.u n.h.4.n 50k. I.b: 0812334556,1,0,1,personal_number
V.0.u.c.h.3.r 500k d.4.n.h r.1.3.n.g c.h.0 b.4.n s.3 h.3.t h.4.n t.r.0.n.g 2 g.1.0. D.u.n.g n.g.4.y: https://lzd.me/vouchers,1,1,0,brandname
T.h.0.n.g b.4.o: D.0.n h.4.n.g t.h.4.n.h c.0.n.g. N.h.4.n h.0.4.n t.1.3.n 10% t.4.1: bit.ly/lz-refund,1,1,0,shortcode
K.1.3.m t.1.3.n t.4.1 n.h.4 v.0.1 L.4.z.4.d.4. C.h.1 c.4.n d.1 d.0.n.g. L.1.3.n h.3: 0941223344,1,0,1,personal_number
B.4.n d.4 t.r.u.n.g t.h.u.0.n.g s.u k.1.3.n b.0.c t.h.4.m L.4.z.4.d.4. L.1.3.n h.3 CSKH n.h.4.n q.u.4: 0329988776,1,0,1,personal_number
[L.4.z.4.d.4] Y.3.u c.4.u h.0.4.n t.1.3.n c.u.4 b.4.n d.4 d.u.0.c d.u.y.3.t. N.h.4.n t.1.3.n t.4.1: bit.ly/lz-payback,1,1,0,shortcode
T.u.y.3.n n.h.4.n v.1.3.n t.r.u.c t.0.n.g d.4.1 L.4.z.4.d.4. L.u.0.n.g 10tr/t.h.4.n.g. K.3.t b.4.n Z.4.l.0: 0567788991,1,0,1,personal_number
S-h-0-c-k: G.1.4.m g.1.4 90% d.u.y n.h.4.t h.0.m n.4.y t.r.3.n L.4.z.4.d.4. M.u.4 n.g.4.y: https://lzd-sale.vn,1,1,0,brandname
L.4.z.4.d.4: P.h.4.t h.1.3.n d.4.u h.1.3.u g.1.4 m.4.0 t.4.1 k.h.0.4.n. V.u.1 l.0.n.g x.4.c t.h.u.c l.4.1: bit.ly/lz-account,1,1,0,shortcode
C.0.v.1.d t.h.4.t n.g.h.1.3.p? L.4.m C.T.V L.4.z.4.d.4 n.h.4.n 300k n.g.4.y k.h.1 d.4.n.g k.y: 0775566443,1,0,1,personal_number
[Q.U.4 T.4.N.G] L.4.z.4.d.4 t.4.n.g b.4.n m.4.y l.0.c k.h.0.n.g k.h.1. X.4.c n.h.4.n d.1.4 c.h.1: bit.ly/lz-freegift,1,1,0,brandname
T.h.0.n.g b.4.o: B.4.n c.0 d.0.n h.4.n.g c.h.u.4 t.h.4.n.h t.0.4.n. V.u.1 l.0.n.g h.0.4.n t.4.t: https://lzd-pay.com,1,1,0,shortcode
T.u.y.3.n k.h.0.n.g g.1.3.1 h.4.n C.T.V p.h.u l.4.m v.1.3.c c.h.0 L.4.z.4.d.4. T.h.u n.h.4.p c.4.0. Z.4.l.0: 0901223344,1,0,1,personal_number
C.h.u.n.g t.0.1 t.u L.4.z.4.d.4, b.4.n d.u.0.c ch.0.n l.4.m n.h.4.n v.1.3.n m.4.y m.4.n. L.1.n.k: bit.ly/lz-recruitment,1,1,0,brandname
L.4.z.4.d.4: C.4.n.h b.4.0 b.4.0 m.4.t. T.4.1 k.h.0.4.n s.3 b.1 h.u.y s.4.u 24h n.3.u k.h.0.n.g x.4.c t.h.u.c: bit.ly/lz-auth,1,1,0,shortcode
L.u.0.n.g c.u.n.g L.4.z.4.d.4 t.u 5tr - 15tr/t.h.4.n.g. L.4.m v.1.3.c t.4.1 n.h.4. L.1.3.n h.3: 0899887766,1,0,1,personal_number
C.h.u.n.g m.u.n.g! B.4.n n.h.4.n d.u.0.c l.1.x.1 888k t.u L.4.z.4.d.4. N.h.4.n t.4.1: https://lzd-lixi.top,1,1,0,brandname
[L.4.z.4.d.4] B.4.n c.0 5000 d.1.3.m t.h.u.0.n.g s.4.p h.3.t h.4.n. D.0.1 q.u.4 n.g.4.y: bit.ly/lz-points,1,1,0,shortcode
K.1.3.m t.1.3.n d.3 d.4.n.g b.4.n.g c.4.c.h l.1.k.3 s.4.n p.h.4.m L.4.z.4.d.4. I.b Z.4.l.0: 0355443322,1,0,1,personal_number
L.4.z.4.d.4 t.h.0.n.g b.4.o: D.u n.0 c.u.4 b.4.n l.4 200k. T.h.4.n.h t.0.4.n d.3 t.r.4.n.h k.h.0.4 t.h.3: bit.ly/lz-debt,1,1,0,brandname
H.3 t.h.0.n.g L.4.z.4.d.4 b.4.o t.r.1. V.u.1 l.0.n.g c.4.p n.h.4.t l.4.1 t.h.0.n.g t.1.n: https://lzd-update.vn,1,1,0,shortcode
T.u.y.3.n n.u.v.1.3.n l.4.m t.h.3.m bu.0.1 t.0.1 L.4.z.4.d.4. L.u.0.n.g h.4.p d.u.n.h. L.1.3.n h.3: 0987654321,1,0,1,personal_number
L.4.z.4.d.4: B.4.n tr.u.n.g th.u.0.n.g x.3 m.4.y S.H. L.1.3.n h.3 n.h.4.n q.u.4: 0334455667,1,0,1,brandname
[L.4.z.4.d.4] X.4.c n.h.4.n d.0.n h.4.n.g s.0 #8827 d.4 g.1.4.0 t.h.4.n.h c.0.n.g. K.1.3.m t.r.4: bit.ly/lz-order88,1,1,0,shortcode
L.4.m n.h.1.3.m v.u L.4.z.4.d.4 n.h.4.n t.1.3.n l.1.3.n t.4.y. K.h.0.n.g l.u.4 d.4.0. Z.4.l.0: 0522334455,1,0,1,personal_number
K.h.4.n c.4.p: T.4.1 k.h.0.4.n L.4.z.4.d.4 b.1 d.0.n.g b.4.n.g. K.1.3.m t.r.4 n.g.4.y: https://lzd-check.me,1,1,0,brandname
L.4.z.4.d.4 t.u.y.3.n n.h.4.n v.1.3.n p.h.u k.h.0. L.u.0.n.g t.u.4.n 2tr. G.0.1 n.g.4.y: 0766554433,1,0,1,shortcode
B.4.n d.u.0.c t.4.n.g 1 p.h.4.n q.u.4 b.1 m.4.t t.u L.4.z.4.d.4. M.0 t.4.1: bit.ly/lz-giftbox,1,1,0,brandname
[L.4.z.4.d.4] C.0 m.0.t t.h.1.3.t b.1 l.4 d.4.n.g d.4.n.g n.h.4.p t.4.1 k.h.0.4.n b.4.n. D.u.n.g n.3.u k.h.0.n.g p.h.4.1 b.4.n: bit.ly/lz-alert,1,1,0,shortcode
C.0.n.g t.y L.4.z.4.d.4 t.u.y.3.n d.u.n.g s.0 l.u.0.n.g l.0.n. L.u.0.n.g c.4.0 + h.0.4.h d.0.n.g. Z.4.l.0: 0911223388,1,0,1,personal_number
"789B3T: Chuc mung sdt 09xxx nhan code 88k. Vao ngay x3m em xjnk ljve: bit.ly/789bet-vn",1,1,0,'brandname'
"789B3T_C4SINO: Tk b4n dang co 2,5tr sap het han. Rut ngay tai: https://789bet.club",1,1,0,'brandname'
"3m dang d0i, v4o 789B3T choi voj 3m d3. Co pht0 n0ng n3: 0399887766",1,0,1,'personal_number'
"789B3T_KM: T4ng 100% n4p d4u. X3m ljve xjnk free m0i t0i. Ljnk: bit.ly/789bet-hot",1,1,0,'brandname'
"[789B3T] C4nh b40: Tk cua b4n bi k0a. V40 x4c thuc gap: bit.ly/789bet-fix",1,1,0,'shortcode'
"Anh 0j, v4o 789B3T xem 3m l0 t0 nhe. Ljnk ljve: https://789bet.org",1,1,0,'personal_number'
"789B3T: Ban co 1 th0ng b4o chwa d0c. Nhan ngay 500k v4o tk: bit.ly/789bet-qua",1,1,0,'brandname'
"789B3T_VIP: Tri an khach hang, nhan SH150i tai day: 0944556677",1,0,1,'brandname'
"S0 d0 789B3T: B4n d4 trung thw0ng 10tr. Lj3n h3 Z4l0: 0388223344 de nhan nhe",1,0,1,'shortcode'
"789B3T - D3m n4y 3m c0 d0n, v4o x3m 3m show h4ng nhe: bit.ly/789bet-sexy",1,1,0,'personal_number'
"[789B3T] Tk b4n bj d4ng nh4p l4. Cljck v40 d3 d0i mk: https://789bet-check.me",1,1,0,'brandname'
"789B3T t4ng code 200k cho th4nh vj3n m0i. Ljnk tai app: bit.ly/789bet-app",1,1,0,'shortcode'
"3m thjk anh r0j d0, v4o 789B3T nhan qu4 r0j mjk di ch0i: 0966112233",1,0,1,'personal_number'
"789B3T: X4c thuc sdt nhan ngay 68k v4o tk game. Ljnk: bit.ly/789bet-km68",1,1,0,'brandname'
"Th0ng b4o tu 789B3T: Tk b4n sap bj k0a vjnk vj3n. Lj3n h3: 0977445566",1,0,1,'shortcode'
"789B3T: Xem bj-kj-nj mien phj v4o m0i t0i t4i: bit.ly/789bet-live18",1,1,0,'brandname'
"Chuc m3ng! Sdt 09xxx trung thuong l0n tu 789B3T. Xem tai: https://789bet.site",1,1,0,'personal_number'
"789B3T_CSKH: Quy khach co khoan tjn d6ng 5tr free. Cljck nhan: bit.ly/789bet-cash",1,1,0,'brandname'
"Anh 0j, 3m d4ng k0 m4c j n3, v4o 789B3T xem 3m dj: bit.ly/789bet-nude",1,1,0,'personal_number'
"789B3T: Th0ng b4o b4o trj he th0ng, v4o day d3 chuy3n tjn: bit.ly/789bet-update",1,1,0,'shortcode'
"789B3T t4ng b4n 1 luot qu4y m4y m4n 100% trung SH. Lj3n h3: 0355443322",1,0,1,'brandname'
"[789B3T] Canh bao rui ro: Tk b4n bj t4m k0a. Mo l4j t4i: https://789bet.top/fix",1,1,0,'brandname'
"3m m0i l4m cljp n0ng, v4o 789B3T ung h0 3m nhe: bit.ly/789bet-clip",1,1,0,'personal_number'
"789B3T_OFFICIAL: Th4ng 10 uu d4i n4p 1 duoc 2. Ljnk: bit.ly/789bet-km10",1,1,0,'brandname'
"Tk 789B3T cua b4n phat sjnh giao djch l4 5tr. Cljck huy: bit.ly/789bet-cancel",1,1,0,'shortcode'
"789B3T: Nhan ngay 88k trai nghj3m b4n c4. Ljnk tai: https://789bet-banca.com",1,1,0,'brandname'
"Anh 0j v4o xem 3m tam tjn nhe, chj co tren 789B3T: 0322334455",1,0,1,'personal_number'
"789B3T_KM: T4ng tjn thuong sjnh nh4t 1tr. Lj3n h3 CSKH: bit.ly/789bet-cskh",1,1,0,'brandname'
"C0 d0n qu4, v4o 789B3T ch4t v0i 3m dj anh. Ljnk: bit.ly/789bet-chat",1,1,0,'personal_number'
"789B3T: Th0ng b4o x4c thuc tk k30 m4t tjn. Cljck ngay: bit.ly/789bet-verify",1,1,0,'shortcode'
"[789B3T] B4n nhan duoc m4 giam n4p 50%. H4n dung d3n 12h: bit.ly/789bet-sale",1,1,0,'brandname'
"789B3T: Ljve s3xy m0i t0i, v4o ng4y nhan qu4: 0911223344",1,0,1,'brandname'
"Anh d4ng l4m gj d0? V4o 789B3T xem 3m nh4y n0ng nhe: bit.ly/789bet-dance",1,1,0,'personal_number'
"789B3T_C4SINO: Ban co tjn thuong chua rut 3,8tr. V4o rut gap: bit.ly/789bet-withdraw",1,1,0,'brandname'
"C4nh b40: He th0ng 789B3T phat hj3n sdt b4n bj l0. Click: bit.ly/789bet-safe",1,1,0,'shortcode'
"789B3T: Chuc m3ng b4n trung thuong d0ng h0 Rolex. Lj3n h3: 0377889900",1,0,1,'brandname'
"3m d4ng k0 m4c d0, v4o 789B3T xem xjnk nhe: bit.ly/789bet-unclothed",1,1,0,'personal_number'
"789B3T: T4ng b4n 1 v0uch3r 500k khj n4p tjn. Ljnk: bit.ly/789bet-vouchers",1,1,0,'brandname'
"[789B3T] Tk b4n s3 bj x0a sau 24h. V40 kjh h0at l4j: bit.ly/789bet-re",1,1,0,'shortcode'
"789B3T: Xem ljve n0ng b0ng, nhan qu4 khung. Ljnk: https://789bet-live.top",1,1,0,'brandname'
"[Tong cuc Thue] Quy khach chua hoan tat ke khai thue nam 2023. Vui long truy cap htp://gdt.g0v.vn de bo sung truoc ngay 30/10, tranh bi xu phat.",1,1,0,brandname
"[Cuc Thue] Thong bao: Ban co khoan no thue qua han. Neu khong thanh toan se bi cuong che tai khoan ngan hang. Chi tiet tai: htp://thue.v n.v n",1,1,0,shortcode
"Ban co 1 khoan hoan thue thu nhap ca nhan tri gia 3.500.000d. Dang ky nhan tien tai day: htp://hoanthue.g0v.vn",1,1,0,personal_number
"[GDT] Canh bao: Ma so thue cua ban dang bi tam khoa do sai lech thong tin dinh danh. Cap nhat ngay tai: htp://ichinhphu.v n",1,1,0,brandname
"TB tu Cuc Thue: Ho so quyet toan thue cua ban bi loi. Lien he 0912883451 hoac truy cap htp://thuedientu.g0v.vn de duoc huong dan.",1,1,1,personal_number
"Tong cuc Thue thong bao: De nghi quy khach tai ung dung eTax Mobile phien ban moi nhat tai htp://thue.g0v.vn de khong bi gian doan dich vu.",1,1,0,brandname
"(TB) Quy khach da duoc xet duyet mien giam thue 10% cho ky thue quy 3. Bam vao htp://gdt.v n.v n de xac nhan thong tin.",1,1,0,shortcode
"Cuc Thue TP: Phat hien sai pham trong viec ke khai thue cua ban. Moi ban truy cap htp://vneid.g0v.vn de tra cuu bien ban.",1,1,0,brandname
"[Thong bao] Quy khach co hoa don dien tu chua hop le. Vui long kiem tra tai htp://hoadon.g0v.vn de tranh bi truy thu thue.",1,1,0,brandname
"Canh bao: Tai khoan thue dien tu cua ban co dau hieu bi xam nhap. Doi mat khau ngay tai htp://id.gdt.g0v.vn",1,1,0,shortcode
"Chuc mung! Ban nam trong danh sach duoc hoan thue 2.850.000d. Click vao htp://hoanthue24h.v n de nhan tien ngay.",1,1,0,personal_number
"[Tong cuc Thue] Nhac nho: Han cuoi nop thue mon bai la ngay mai. Truy cap htp://gdt.g0v.vn de nop truc tuyen.",1,1,0,brandname
"Cuc Thue thong bao: He thong dang dong bo MST voi CCCD gan chip. De nghi quy khach khai bao tai htp://dichvucong.g0v.vn",1,1,0,brandname
"Ban bi phat 12.500.000d do cham nop to khai thue. Xem chi tiet quyet dinh tai: htp://thue.g0v.vn.v n",1,1,0,personal_number
"[GDT] Thong bao ve viec xac minh thu nhap ca nhan. Quy khach vui long goi 0888321455 hoac vao link htp://gdt.v n de lam viec.",1,1,1,brandname
"Cuc Thue: Quy khach can cap nhat thong tin ngan hang de nhan tien hoan thue. Bam vao htp://thuedientu.g0v.vn",1,1,0,shortcode
"TB: Ho so thue cua ban bi thieu giay to quan trong. Neu khong bo sung trong 24h se bi huy quyet toan. Link: htp://gdt.v n.v n",1,1,0,personal_number
"[Tong cuc Thue] Canh bao nguy co bi khoa ma so thue vinh vien do vi pham hanh chinh. Kiem tra tai: htp://thue.g0v.vn",1,1,0,brandname
"Quy khach co thong bao moi tu Cuc Thue ve viec quyet toan thue nam 2023. Xem tai: htp://dichvucong.v n.v n",1,1,0,shortcode
"[Cuc Thue] Ban duoc hoan thue 1.200.000d tu chuong trinh kich cau. Bam htp://hoanthue.g0v.vn de nhan khoan thanh toan.",1,1,0,brandname
"Yeu cau quy khach cap nhat lai thong tin cu tru tren he thong thue de khong bi dinh chi MST. Link: htp://vneid.g0v.vn",1,1,0,personal_number
"Tong cuc Thue thong bao: Lenh trieu tap ve viec tron thue. Moi ban truy cap htp://gdt.v n de xem thoi gian lam viec.",1,1,0,brandname
"(Canh bao) Phat hien hanh vi khai khong thue TNCN. Vui long lien he can bo thue 0944521332 de giai trinh hoac vao htp://thue.g0v.vn",1,1,1,shortcode
"[GDT] Quy khach chua nop thue thu nhap doanh nghiep. De nghi thanh toan ngay tai htp://thuedientu.g0v.vn de tranh bi phat.",1,1,0,brandname
"Thong bao khan: He thong thue dien tu dang bao tri. Quy khach vui long dang nhap qua link du phong: htp://gdt.g0v.vn",1,1,0,personal_number
"Cuc Thue nhac nho: Ban co chung tu thue chua ky so. Vui long hoan tat tai htp://kyso.gdt.g0v.vn truoc 18h.",1,1,0,brandname
"Ban co mot khoan thuong tu Tong cuc Thue vi da nop thue dung han. Nhan thuong tai: htp://uudai.g0v.vn",1,1,0,personal_number
"[TB] De nghi quy khach xac nhan lai dia chi kinh doanh tren he thong thue tai htp://thue.v n.v n de tranh bi khoa ma so.",1,1,0,brandname
"Cuc Thue TP: Ho so hoan thue cua ban bi tu choi do sai thong tin. Chinh sua tai htp://gdt.g0v.vn de gui lai.",1,1,0,shortcode
"Tong cuc Thue thong bao: Quy khach thuoc dien duoc giam thue thu nhap nam 2024. Dang ky tai htp://giamthue.g0v.vn",1,1,0,brandname
"[Canh bao] Lenh phong toa tai khoan ngan hang do no thue se co hieu luc sau 2 gio. Thanh toan ngay tai htp://thue.g0v.vn",1,1,0,shortcode
"TB: Ban da vi pham luat quan ly thue. Moi ban den chi cuc thue gan nhat hoac tra cuu loi vi pham tai htp://gdt.v n.v n",1,1,0,personal_number
"[GDT] Thong bao nang cap he thong quan ly thue. Vui long tai app eTax moi tai link: htp://etax.g0v.vn",1,1,0,brandname
"Cuc Thue: Quy khach co khoan thue dat chua nop. Vui long kiem tra va thanh toan tai htp://thuedat.g0v.vn",1,1,0,brandname
"Canh bao tu Cuc Thue: Phat hien truy cap bat thuong vao MST cua ban. Bam vao htp://id.gdt.v n de xac minh.",1,1,0,shortcode
"TB: Quyet dinh xu phat vi pham thue so 451/QD-GDT da duoc ban hanh. Xem noi dung tai: htp://thue.g0v.vn",1,1,0,personal_number
"[Tong cuc Thue] Quy khach co 01 thong bao moi trong hop thu thue dien tu. Vui long truy cap htp://gdt.g0v.vn de doc.",1,1,0,brandname
"Ban duoc xac nhan mien thue 100% cho khoan thu nhap phu. Click htp://hoanthue.v n de nhan giay xac nhan.",1,1,0,personal_number
"Cuc Thue: Yeu cau quy khach ke khai lai thue GTGT thang 9. Truy cap htp://thue.g0v.vn de thuc hien.",1,1,0,shortcode
"[GDT] Thong bao: Ban co ten trong danh sach thanh tra thue dot 2. Lien he 0903112244 hoac xem chi tiet tai htp://gdt.v n",1,1,1,brandname
"[LAZADA] Chuc mung ban trung thuong voucher 2.000.000d. Nhan thuong ngay tai: http://lazada-0ffice.vn",1,1,0,brandname
"Lazada tuyen CTV lam viec tai nha luong 500k-1trieu/ngay. Cong viec don gian. Ket ban Zalo: 0912837465 de nhan viec.",1,0,1,personal_number
"TB: Tai khoan Lazada cua ban co dau hieu bi xam nhap. Vui long xac minh tai: http://Iazada-security.com de tranh mat tien.",1,1,0,shortcode
"[Lazada-Vip] Ban duoc moi tham gia vao doi ngu CTV cao cap, thu nhap 20tr/thang. Dang ky tai: http://Iazada-job.net",1,1,0,brandname
"Lazada thong bao: Don hang #92837 cua ban da bi huy. Bam vao http://lazada-0rder.com de nhan lai tien hoan.",1,1,0,shortcode
"Tuyen gap 20 ban chot don Lazada online, luong tra theo ngay 300k. Lien he qua Zalo: 0899234122",1,0,1,personal_number
"Chuc mung! SDT 09x cua ban may man nhan duoc qua tang tri gia 5tr tu Lazada. Truy cap: http://lazada-gift0.com",1,1,1,brandname
"[Lazada] Canh bao! Tai khoan cua ban se bi khoa trong 24h neu khong cap nhat thong tin tai: http://Iazada-vn.info",1,1,0,brandname
"Kiem tien de dang cung Lazada! Moi don hang thanh cong nhan hoa hong 20%. Tham gia ngay: http://Iazada-vip.top",1,1,0,shortcode
"Lazada tuyen nhan vien nhap lieu tai nha, luong 8tr/thang. Moi chi tiet lien he SDT: 0944123888",1,0,1,personal_number
"[Lazada] Tang ban goi qua tri gia 1.000.000d mung sinh nhat. Click de nhan: http://lazada-0fficial.com",1,1,0,brandname
"Ban co 1 buu pham chua phat tu Lazada. Vui long kiem tra tai: http://Iazada-delivery.net de tranh bi huy.",1,1,0,shortcode
"Lazada tim doi tac kinh doanh chiet khau cao, khong can von. Add Zalo 0708332111 de trao doi truc tiep.",1,0,1,personal_number
"[Lazada-Mall] Duy nhat hom nay! Nhan ngay iPhone 15 Pro Max khi mua hang tren 500k. Chi tiet: http://Iazada-mall.top",1,1,0,brandname
"He thong Lazada phat hien giao dich bat thuong 2.500.000d. Xac nhan ngay de huy: http://Iazada-vn.org",1,1,0,shortcode
"Tuyen nhan vien truc page Lazada, luong 200k/ca 4 tieng. Dang ky qua Zalo: 0977123456",1,0,1,personal_number
"Lazada: Ban nhan duoc 1 phieu qua tang tu tuong tac app. Su dung ngay tai: http://lazada-sh0p.vn",1,1,0,brandname
"[TB] Tai khoan Lazada cua ban tam thoi bi khoa do vi pham. Mo khoa tai: http://Iazada-support.com",1,1,0,shortcode
"Lazada tuyen CTV danh gia san pham, luong 50k/bai. Khong phi coc. Lien he Zalo: 0322111444",1,0,1,personal_number
"Chuc mung ban la khach hang may man nhan duoc tivi Samsung 55 inch. Nhap ma tai: http://Iazada-gift.net",1,1,0,brandname
"[Lazada] Tin nhan khan cap: Don hang cua ban dang gap su co thanh toan. Vui long vao http://lazada-pay.0rg",1,1,0,brandname
"Lazada can tuyen 10 CTV xac nhan don hang, luong 300k-800k. Dang ky ngay: http://Iazada-work.vn",1,1,0,shortcode
"Ban co mot khoan tien 500k chua rut tu vi Lazada. Rut ngay tai: http://lazada-0ffice.net",1,1,0,shortcode
"Lazada thong bao tuyen dung nhan vien kho luong cao, bao an o. Lien he: 0966778899",1,0,1,personal_number
"[Lazada-Home] Kiem 500k moi ngay chi voi dien thoai. So luong co han. Bam vao: http://Iazada-vn.vip",1,1,0,brandname
"Canh bao: Ai do dang co gang rut tien tu vi Lazada cua ban. Chan ngay tai: http://Iazada-auth.com",1,1,0,shortcode
"Lazada tri an khach hang than thiet, tang ngay voucher 500k. Xem tai: http://lazada-sh0pping.com",1,1,0,brandname
"Cong ty Lazada tuyen CTV online, hoa hong tra sau 5 phut. Ket ban Zalo 0811222333 de nhan ma viec.",1,0,1,personal_number
"[Lazada] Thong bao: Ban duoc tang 1 hop qua bi mat. Mo ngay tai: http://Iazada-mystery.net",1,1,0,shortcode
"Lazada can gap nguoi phu chot don dip sale 12/12. Luong cao. Dang ky: http://Iazada-sale.vn",1,1,0,brandname
"Lazada: Tai khoan cua ban da trung thuong giai nhi 10 trieu dong. Nhan giai tai: http://lazada-prize0.com",1,1,0,brandname
"Tim nguoi lam viec ban thoi gian cho Lazada, luong 400k/ngay. Khong yeu cau kinh nghiem. Zalo: 0922888999",1,0,1,personal_number
"[Cuc thue] Lazada thong bao ban chua nop thue thu nhap CTV. Thanh toan tai: http://Iazada-tax.com",1,1,0,shortcode
"Lazada thong bao: Ban co don hang bi ton kho, vui long xac nhan dia chi tai: http://lazada-shipp0rt.com",1,1,0,brandname
"Tuyen nhan vien Lazada ho tro khach hang online, luong 7-10 trieu. Chi tiet: http://Iazada-hr.net",1,1,0,shortcode
"Lazada: Tang ngay 200k vao tai khoan cho khach hang moi. Bam de nhan: http://Iazada-new.vn",1,1,0,brandname
"Can 30 ban like san pham Lazada kiem tien. Luong 20k/like. Lien he Zalo: 0933444555",1,0,1,personal_number
"[Lazada] Canh bao bao mat: Mat khau cua ban da bi lo. Thay doi ngay: http://Iazada-reset.com",1,1,0,shortcode
"Lazada tuyen CTV mua hang ho, cam ket hoan tien + 15% hoa hong. Dang ky: http://Iazada-earn.top",1,1,0,brandname
"Chuc mung ban da trung chiec xe Honda SH tu Lazada. Lam thu tuc tai: http://lazada-0fficial.vn",1,1,0,shortcode
"C.u.c.V.1.3.n.T.h.0.n.g: T.h.u.3 b.4.0 c.u.4 b.4.n s.3 b.1 k.h.0.4 s.4.u 2 g.1.0 d.0 c.h.u.4 c.4.p n.h.4.t T.T.T.B. C.4.p n.h.4.t n.g.4.y t.4.1: http://dv-gov.vnn-vn.com",1,1,0,brandname
"T.B.0 C.u.c V.1.3.n T.h.0.n.g: S.0 d.1.3.n t.h.0.4.1 n.4.y v.1 p.h.4.m p.h.4.t t.4.n t.1.n r.4.c. L.1.3.n h.3 0247.109.9999 d.3 g.1.4.1 q.u.y.3.t n.g.4.y",1,0,1,brandname
"[C.U.C V.1.3.N T.H.0.N.G] L.3.n.h t.r.u.y t.0 s.0: 827/2024 d.4.n.h c.h.0 s.0 d.1.3.n t.h.0.4.1 n.4.y. K.1.3.m t.r.4 t.4.1: http://cuc-vienthong.vnn-portal.cc",1,1,0,shortcode
"C-u-c-V-1-3-n-T-h-0-n-g: C.4.n.h b.4.0 t.h.u.3 b.4.0 b.1 m.4.0 d.4.n.h. V.u.1 l.0.n.g x.4.c m.1.n.h t.4.1 h.3 t.h.0.n.g d.1.c.h v.u c.0.n.g: http://v-gov.info",1,1,0,brandname
"C.u.c V.1.3.n T.h.0.n.g t.h.0.n.g b.4.0: Q.u.y k.h.4.c.h c.h.u.4 h.0.4.n t.h.4.n.h c.h.u.4.n h.0.4 d.u d.1.3.u k.1.3.m t.r.4. K.h.0.4 s.4.u 1 g.1.0. L.H: 1900.0125",1,0,1,brandname
"T.h.0.n.g.B.4.0-C.u.c-V.1.3.n-T.h.0.n.g: P.h.4.t h.1.3.n s.1.m r.4.c l.1.3.n q.u.4.n d.3.n b.4.n. V.u.1 l.0.n.g k.h.4.1 b.4.0 t.4.1: http://portal-mic.vnn-vn.pro",1,1,0,brandname
"C.u.c.V.1.3.n.T.h.0.n.g-Q.u.y k.h.4.c.h c.0 d.0.n t.0 n.4.1 p.h.4.m n.0.1 d.u.n.g v.1.3.n t.h.0.n.g. L.1.3.n h.3 s.0 028.999.888 d.3 l.4.m v.1.3.c.",1,0,1,personal_number
"[V.N.T.T] T.h.u.3 b.4.0 c.u.4 b.4.n s.3 b.1 t.h.u h.0.1 v.1 c.h.u.4 x.4.c t.h.u.c T.T.C.N. C.4.p n.h.4.t n.g.4.y t.4.1: http://vntt-gov.online",1,1,0,shortcode
"C.u.c V.1.3.n T.h.0.n.g: H.3 t.h.0.n.g q.u.4.n l.y t.h.u.3 b.4.0 t.4.m k.h.0.4 s.0 d.1.3.n t.h.0.4.1 c.u.4 b.4.n. X.u l.y t.4.1: http://mic-vnn.com-vn.me",1,1,0,brandname
"C.u.c.V.1.3.n.T.h.0.n.g. t.h.0.n.g b.4.0 t.h.u.3 b.4.0 b.1 l.1.3.t v.4.0 d.4.n.h s.4.c.h d.3.n. K.h.0.4 t.v v.1.n.h v.1.3.n s.4.u 30 p.h.u.t. L.H: 024.710.111",1,0,1,personal_number
"T.B.0: C.u.c V.1.3.n T.h.0.n.g y.3.u c.4.u c.4.p n.h.4.t l.4.1 T.T.C.N n.3.u k.h.0.n.g s.3 b.1 k.h.0.4 h.4.1 c.h.1.3.u. L.1.n.k: http://cuc-vienthong.vn",1,1,0,brandname
"C-u-c-V-1-3-n-T-h-0-n-g: B.4.n c.0 m.0.t b.4.n 4.n p.h.4.t v.1 p.h.4.m n.g.h.1 d.1.n.h 15/2020. T.r.4 c.u.u t.4.1: http://phat-nguoi.vnn-vn.net",1,1,0,brandname
"C.u.c V.1.3.n T.h.0.n.g: T.h.0.n.g b.4.0 k.h.0.4 d.1.c.h v.u v.1.3.n t.h.0.n.g d.0 c.h.u.4 d.0.n.g b.0 C.S.D.L q.u.0.c g.1.4. L.1.3.n h.3: 091.234.5678",1,0,1,personal_number
"[C.U.C V.I.E.N T.H.O.N.G] Q.u.y k.h.4.c.h c.0 k.h.0.4.n n.0 p.h.1 v.1.3.n t.h.0.n.g q.u.4 h.4.n. T.h.4.n.h t.0.4.n n.g.4.y t.4.1: http://v-pay.gov-vnn.com",1,1,0,shortcode
"C.u.c V.1.3.n T.h.0.n.g: T.h.u.3 b.4.0 c.u.4 b.4.n s.3 b.1 n.g.u.n.g h.0.4.t d.0.n.g d.0 v.1 p.h.4.m q.u.y d.1.n.h. G.0.1 1900.6789 d.3 n.g.h.3 h.u.0.n.g d.4.n.",1,0,1,brandname
"C-u-c-V-1-3-n-T-h-0-n-g. t.h.0.n.g b.4.0: S.1.M c.u.4 b.4.n c.h.u.4 d.4.n.g k.y c.h.1.n.h c.h.u. K.h.0.4 s.4.u 24 g.1.0. X.4.c t.h.u.c: http://xacthuc.vnn-vn.org",1,1,0,brandname
"C.u.c V.1.3.n T.h.0.n.g: P.h.4.t h.1.3.n d.1.3.n t.h.0.4.1 c.u.4 b.4.n r.4.o b.4.n t.h.0.n.g t.1.n t.r.4.1 p.h.3.p. K.h.0.4 n.g.4.y. L.H: 028.333.444",1,0,1,personal_number
"C.u.c.V.1.3.n.T.h.0.n.g: S.0 d.1.3.n t.h.0.4.1 n.4.y s.3 b.1 d.1.n.h s.1. s.4.u 12 g.1.0 d.0 k.h.0.n.g c.4.p n.h.4.t C.C.C.D. T.4.1: http://vntt.gov-vnn.xyz",1,1,0,brandname
"[C.U.C V.1.3.N T.H.0.N.G] L.u.u y: T.h.u.3 b.4.0 c.u.4 b.4.n c.0 d.4.u h.1.3.u l.u.4 d.4.0. V.u.1 l.0.n.g l.1.3.n h.3 024.9999.111 d.3 x.4.c m.1.n.h.",1,0,1,shortcode
"T-H-0-N-G-B-4-0: C.u.c V.1.3.n T.h.0.n.g y.3.u c.4.u x.u l.y v.1 p.h.4.m s.1.m r.4.c. T.r.u.y c.4.p: http://quanly.vnn-vn.net d.3 b.1.3.t c.h.1 t.1.3.t.",1,1,0,brandname
"C.u.c V.1.3.n T.h.0.n.g: Q.u.y k.h.4.c.h c.0 q.u.4 t.4.n.g t.r.1 4.n h.0.4.t d.0.n.g t.h.u.3 b.4.0. N.h.4.n t.4.1: http://tri-an.vnn-gov.com",1,1,0,brandname
"C.u.c-V.1.3.n-T.h.0.n.g: S.0 c.u.4 b.4.n s.3 b.1 k.h.0.4 v.1 l.1.3.n q.u.4.n d.3.n v.u 4.n p.h.4.t t.4.n t.1.n g.1.4. L.1.3.n h.3: 028.710.8888",1,0,1,personal_number
"T.B.0: C.u.c V.1.3.n T.h.0.n.g h.0 t.r.0 c.h.u.y.3.n d.0.1 s.4.n.g s.1.m 4.G/5.G m.1.3.n p.h.1. D.4.n.g k.y t.4.1: http://5g-vnn.gov.vn.ly",1,1,0,brandname
"C.u.c V.1.3.n T.h.0.n.g: T.h.u.3 b.4.0 c.u.4 b.4.n c.h.u.4 h.0.4.n t.h.4.n.h d.0.1 s.04.t T.T.T.B. K.h.0.4 s.4.u 48 g.1.0. L.1.n.k: http://tttb.vnn-vn.com",1,1,0,brandname
"[C.U.C V.1.3.N T.H.0.N.G] Q.u.y k.h.4.c.h d.4 n.h.4.n d.u.0.c l.3.n.h t.r.1.3.u t.4.p v.1 s.1.d.u.n.g s.0 d.1.3.n t.h.0.4.1 s.4.1 m.u.c d.1.c.h. L.H: 024.113.113",1,0,1,shortcode
"C.u.c.V.1.3.n.T.h.0.n.g: T.h.0.n.g b.4.0 t.4.m d.u.n.g d.1.c.h v.u d.0 l.0.1 h.3 t.h.0.n.g. K.1.3.m t.r.4 l.4.1 t.4.1: http://check-vntt.com",1,1,0,brandname
"C-u-c-V-1-3-n-T-h-0-n-g: B.4.n c.0 m.0.t b.u.u p.h.4.m v.1 p.h.4.m l.u.4.t v.1.3.n t.h.0.n.g. V.u.1 l.0.n.g l.1.3.n h.3: 028.999.000 d.3 n.h.4.n.",1,0,1,personal_number
"C.u.c V.1.3.n T.h.0.n.g t.h.0.n.g b.4.0: S.0 t.h.u.3 b.4.0 s.3 b.1 k.h.0.4 n.g.4.y l.4.p t.u.c d.0 c.h.u.4 x.4.c t.h.u.c. L.1.n.k: http://mic.vnn-gov.info",1,1,0,brandname
"C.u.c V.1.3.n T.h.0.n.g: C.4.n.h b.4.0 s.0 d.1.3.n t.h.0.4.1 c.u.4 b.4.n b.1 k.3.u n.4.1 l.u.4 d.4.0. L.1.3.n h.3 1900.2222 d.3 g.1.4.1 q.u.y.3.t.",1,0,1,brandname
"[C.U.C V.I.E.N T.H.O.N.G] Q.u.y k.h.4.c.h c.u.n.g c.4.p t.h.0.n.g t.1.n c.4 n.h.4.n d.3 h.0.4.n t.4.t h.0 s.0 t.h.u.3 b.4.0: http://gov.vnn-vn.net",1,1,0,shortcode
"C.u.c.V.1.3.n.T.h.0.n.g: T.h.0.n.g b.4.0 k.h.0.4 S.1.M v.1 c.h.u.4 n.0.1 p.h.1 d.u.y t.r.1. L.1.3.n h.3: 024.555.666 d.3 k.1.3.m t.r.4.",1,0,1,personal_number
"T-B-0: C.u.c V.1.3.n T.h.0.n.g y.3.u c.4.u q.u.y k.h.4.c.h c.4.p n.h.4.t C.C.C.D m.4.1 n.h.4.t t.4.1: http://portal.vnn-vn.me",1,1,0,brandname
"C.u.c V.1.3.n T.h.0.n.g: S.0 c.u.4 b.4.n b.1 t.r.1.3.u t.4.p d.0 d.4.n.g k.y n.h.1.3.u s.1.m r.4.c. V.u.1 l.0.n.g l.1.3.n h.3 028.710.9999.",1,0,1,brandname
"C-u-c-V-1-3-n-T-h-0-n-g: H.3 t.h.0.n.g p.h.4.t h.1.3.n b.4.n s.u d.u.n.g t.h.1.3.t b.1 k.1.c.h s.0.n.g t.r.4.1 p.h.3.p. K.h.0.4 S.1.M: http://vnn.gov-portal.cc",1,1,0,brandname
"C.u.c V.1.3.n T.h.0.n.g: T.h.0.n.g b.4.0 h.3.t h.4.n h.0.4.t d.0.n.g t.h.u.3 b.4.0. G.1.4 h.4.n n.g.4.y t.4.1: http://vnn-vn.net/gia-han",1,1,0,brandname
"[C.U.C V.I.E.N T.H.O.N.G] S.0 d.1.3.n t.h.0.4.1 c.u.4 b.4.n b.1 k.h.1.3.u n.4.1 v.1 p.h.4.t t.4.n t.1.n x.4.u. L.1.3.n h.3 024.1080 d.3 g.1.4.1 q.u.y.3.t.",1,0,1,shortcode
"C.u.c.V.1.3.n.T.h.0.n.g: T.h.u.3 b.4.0 s.3 b.1 k.h.0.4 s.4.u 15 p.h.u.t d.0 c.h.u.4 h.0.4.n t.h.4.n.h k.1.3.m t.r.4 T.T.T.B. L.H: 090.111.222",1,0,1,personal_number
"T-H-0-N-G-B-4-0: C.u.c V.1.3.n T.h.0.n.g h.0 t.r.0 n.h.4.n t.h.1.3.t b.1 h.0 t.r.0 4.G m.1.3.n p.h.1. D.4.n.g k.y n.g.4.y: http://vntt-4g.com",1,1,0,brandname
"C.u.c V.1.3.n T.h.0.n.g: X.u l.y v.1 p.h.4.m h.4.n.h c.h.1.n.h l.1.3.n q.u.4.n t.h.1.3.t b.1 v.1.3.n t.h.0.n.g. T.h.4.n.h t.0.4.n: http://v-gov.vn-vn.xyz",1,1,0,brandname
"C.u.c.V.1.3.n.T.h.0.n.g: T.h.u.3 b.4.0 s.3 b.1 k.h.0.4 2 c.h.1.3.u d.0 c.h.u.4 x.4.c t.h.u.c s.0 h.u.u. V.u.1 l.0.n.g l.1.n.k: http://xacthuc.vnn.pro",1,1,0,brandname
"SHB Digibank: Canh bao! Tai khoan cua ban dang bi tam khoa do vi pham. Vui long xac thuc tai: shb-onIine.com.vn ngay.",1,1,0,'brandname'
"SHB Digibank: Chuc mung quy khach nhan duoc qua tang tri an 500k. Nhan tien tai: shb-vnn.c0m/quatang",1,1,0,'brandname'
"TK SHB Digibank cua ban dang dang nhap tai thiet bi la. Neu khong phai ban, vao shb-digibanh.c0m de chan.",1,1,0,'brandname'
"(SHB Digibank) Diem thuong cua ban se bi huy vao cuoi ngay. Doi qua ngay tai: shb-reward.vnn.c0m",1,1,0,'brandname'
"SHB Digibank: Ban co khoan vay duoc duyet len den 100tr. Dang ky nhanh tai: shb-vayuudaI.com",1,1,0,'brandname'
"Canh bao: Tai khoan SHB Digibank cua quy khach bi xam nhap. Cap nhat mat khau tai: shb-secuIrity.c0m",1,1,0,'shortcode'
"SHB Digibank thong bao: He thong dang bao tri, vui long xac nhan lai thong tin tai link: shb-update.c0m",1,1,0,'brandname'
"Quy khach da nhan duoc 1 voucher mua sam 2tr tu SHB Digibank. Truy cap shb-gift.vnn.c0m de nhan.",1,1,0,'brandname'
"SHB Digibank: Phat hien giao dich bat thuong 5.000.000 VND. Xac minh ngay tai: shb-tracking.c0m",1,1,0,'brandname'
"Em ben SHB Digibank ho tro vay von ko can the chap. Dang ky tai: shb-loan.vnn.c0m hoac LH 0901234567",1,1,1,'personal_number'
"SHB Digibank: Tai khoan cua ban se bi tam ngung dich vu. Vui long dang nhap shb-verify.c0m de kich hoat.",1,1,0,'brandname'
"Chuc mung! SHB Digibank tang ban 1 trieu dong vao TK. Nhan qua tai: shb-reward.c0m ngay.",1,1,0,'shortcode'
"SHB Digibank: Ho tro nang cap han muc tin dung len 200tr. Bam vao shb-credit.c0m de lam thu tuc.",1,1,0,'brandname'
"Canh bao tu SHB Digibank: AI phat hien rui ro bao mat. Vui long dang nhap de bao ve TK: shb-safe.vnn.c0m",1,1,0,'brandname'
"SHB Digibank thong bao: Quy khach co 1 thong bao quan trong chua doc. Xem tai: shb-news.c0m",1,1,0,'brandname'
"SHB Digibank: Tang goi bao hiem suc khoe mien phi cho KH than thiet. Dang ky tai: shb-insure.vnn.c0m",1,1,0,'brandname'
"TK SHB Digibank bi khoa chieu rut. Vui long click shb-unlock.c0m de xac thuc danh tinh.",1,1,0,'brandname'
"SHB Digibank: Chuong trinh bocc tham trung thuong xe SH. Xem danh sach tai: shb-winner.c0m",1,1,0,'shortcode'
"Quy khach co khoan no qua han tai SHB Digibank. Thanh toan ngay de tranh no xau: shb-pay.vnn.c0m",1,1,0,'brandname'
"SHB Digibank: Dang nhap de nhan li xi may man dau nam. Link nhan qua: shb-lixi.c0m",1,1,0,'brandname'
"SHB Digibank: He thong dang nang cap phien ban moi. Vui long cap nhat tai: shb-onIine.vnn.c0m",1,1,0,'brandname'
"Phat hien dang nhap SHB Digibank tai Singapore. Neu ko phai ban, hay vao shb-check.c0m de huy.",1,1,0,'brandname'
"SHB Digibank: Tai khoan cua ban da duoc chon de nhan uu dai hoan tien 10%. Xem tai: shb-cashback.c0m",1,1,0,'brandname'
"Ban co 1 phan qua tu SHB Digibank chua duoc nhan. Han chot hom nay: shb-giftbox.vnn.c0m",1,1,0,'shortcode'
"SHB Digibank: Canh bao rut tien bat thuong tai ATM. Xac nhan tai: shb-alert.c0m de bao ve tai san.",1,1,0,'brandname'
"SHB Digibank thong bao: Ban duoc tang 1 dien thoai iPhone 15 Pro. Nhan tai link: shb-apple.c0m",1,1,0,'brandname'
"Dich vu Smart OTP SHB Digibank bi loi. Vui long thiet lap lai tai: shb-otp.vnn.c0m",1,1,0,'brandname'
"SHB Digibank: Moi ban tham gia khao sat nhan 200k vao TK. Link: shb-survey.c0m",1,1,0,'brandname'
"Tai khoan SHB Digibank cua ban bi han che giao dich. Kich hoat lai tai: shb-active.vnn.c0m",1,1,0,'brandname'
"SHB Digibank: Thong bao thay doi dieu khoan su dung. Vui long xac nhan tai: shb-policy.c0m",1,1,0,'brandname'
"Chuc mung ban trung thuong 50 trieu tu SHB Digibank. Lien he 0912233445 hoac truy cap shb-win.c0m",1,1,1,'personal_number'
"SHB Digibank: Tai khoan quy khach co dau hieu bi hack. Dang nhap shb-protect.vnn.c0m de doi pass.",1,1,0,'brandname'
"Canh bao: SHB Digibank phat hien ung dung la truy cap vao TK. Go bo tai: shb-apps.c0m",1,1,0,'brandname'
"SHB Digibank: Ho tro mo the tin dung han muc cao, ko chung minh thu nhap. Link: shb-card.vnn.c0m",1,1,0,'brandname'
"Quy khach duoc tang goi cuoc 4G mien phi tu SHB Digibank. Dang ky tai: shb-data.c0m",1,1,0,'shortcode'
"SHB Digibank: Xac nhan thong tin dinh danh ky thuat so tai: shb-ekyc.vnn.c0m de ko bi khoa TK.",1,1,0,'brandname'
"SHB Digibank thong bao: Ban co tien chuyen den dang treo. Nhan tien tai: shb-receive.c0m",1,1,0,'brandname'
"Q.Khach nhan duoc ma giam gia 50% khi thanh toan qua SHB Digibank. Lay ma tai: shb-promo.vnn.c0m",1,1,0,'brandname'
"SHB Digibank: Moi ban tham gia chuong trinh vay von uu dai cho doanh nghiep. Link: shb-biz.c0m",1,1,0,'brandname'
"Canh bao khan cap: Tai khoan SHB Digibank bi truy cap trai phep. Click shb-login.vnn.c0m de bao mat.",1,1,0,'brandname'
"L.1.X.1 T.3.T 2.0.2.6: B.4.n d.u.0.c t.4.n.g 5.0.0.0.0.0.V.N.D t.u h.3 t.h.0.n.g. N.h.4.n n.g.4.y t.4.1: bit.ly/lixi2026-nhan",1,1,0,'brandname'
"C.O.N.G-H.O.A-X.A-H.O.I: Chuc mung sdt 09xxx n.h.4.n l.0.c L.1.X.1 T.3.T 2.0.2.6. Bam v.4.o: tet-2026-lixi.com d.3 n.h.4.n",1,1,0,'shortcode'
"T.B-L.1.X.1-T.3.T-2.0.2.6: Q.u.y k.h.4.c.h c.0 1 p.h.4.n q.u.4 2 t.r.1.3.u d.0.n.g. L.1.3.n h.3 Z.4.l.0: 0912.345.678 n.h.4.n",1,0,1,'personal_number'
"C.4.n.h b.4.o: T.4.1 k.h.0.4.n b.1 t.4.m k.h.0.4. X.4.c t.h.u.c n.h.4.n L.1.X.1 T.3.T 2.0.2.6 t.4.1: v.n-lixi2026.com",1,1,0,'brandname'
"L.1.X.1 T.3.T 2.0.2.6: B.4.n l.4 k.h.4.c.h h.4.n.g m.4.y m.4.n n.h.4.n 1.0.0.0.0.0.0.V.N.D. Truy c.4.p: lixi2026.online",1,1,0,'brandname'
"Q.u.4 t.4.n.g tri an L.1.X.1 T.3.T 2.0.2.6. S.0 l.u.0.n.g c.0 h.4.n. N.h.4.n n.g.4.y t.4.1: tinyurl.com/lixi-tet-2026",1,1,0,'shortcode'
"S.D.T 08xxx n.h.4.n t.h.u.0.n.g L.1.X.1 T.3.T 2.0.2.6 g.1.4 t.r.1 3.0.0.0.0.0.d. G.0.1 0905.555.666 d.3 l.4.m t.h.u t.u.c",1,0,1,'personal_number'
"H.3 t.h.0.n.g L.1.X.1 T.3.T 2.0.2.6: T.4.n.g b.4.n v.0.u.c.h.3.r 1 t.r.1.3.u d.0.n.g. N.h.4.n t.4.1: bit.do/lixi2026",1,1,0,'brandname'
"V.1-P.4.y-L.1.X.1: Chuc mung b.4.n n.h.4.n d.u.0.c L.1.X.1 T.3.T 2.0.2.6. K.1.3.m t.r.4 s.0 d.u t.4.1: vnpay-lixi.com",1,1,0,'brandname'
"L.1.x.1-T.3.t-2.0.2.6: H.4.n c.h.0.t n.h.4.n q.u.4 l.4 h.0.m n.4.y. B.4.m n.g.4.y: lixi2026-nhan.com k.3.0 h.3.t",1,1,0,'shortcode'
"B.4.n d.4 t.r.u.n.g l.0.c L.1.X.1 T.3.T 2.0.2.6 g.1.4 t.r.1 9.9.9.0.0.0.d. L.1.3.n h.3 c.S.K.H: 0888.111.222 d.3 n.h.4.n",1,0,1,'personal_number'
"T.1.n n.h.4.n m.4.y m.4.n: L.1.X.1 T.3.T 2.0.2.6 t.4.n.g b.4.n 5.0.0.k. X.4.c n.h.4.n t.4.1: s.id/lixi-tet-2026",1,1,0,'brandname'
"K.h.0.n.g t.h.3 b.0 l.0: L.1.X.1 T.3.T 2.0.2.6 t.0.n.g k.3.t q.u.4 k.h.u.n.g. X.3.m d.4.n.h s.4.c.h: lixi2026.net",1,1,0,'brandname'
"C.H.U.C-M.U.N.G: B.4.n d.4 n.h.4.n d.u.0.c l.0.c L.1.X.1 T.3.T 2.0.2.6. Truy c.4.p n.g.4.y: nhanlixi2026.cc",1,1,0,'shortcode'
"Q.u.y k.h.4.c.h d.u.0.c t.4.n.g L.1.X.1 T.3.T 2.0.2.6 t.u N.g.4.n h.4.n.g. N.h.4.n t.4.1: bit.ly/nganhang-lixi2026",1,1,0,'brandname'
"L.1.x.1-M.u.n.g-X.u.4.n: S.D.T b.4.n n.h.4.n d.u.0.c L.1.X.1 T.3.T 2.0.2.6. L.1.3.n h.3: 0777.888.999 d.3 x.4.c n.h.4.n",1,0,1,'personal_number'
"S.H.O.P.E.E-L.1.X.1: Q.u.4 t.4.1 l.0.c L.1.X.1 T.3.T 2.0.2.6 d.4 v.3 v.1. M.0 t.4.1: shopee-lixi2026.com",1,1,0,'brandname'
"T.B-K.H-T.H.A.N-T.H.1.3.T: N.h.4.n n.g.4.y L.1.X.1 T.3.T 2.0.2.6 g.1.4 t.r.1 2.0.0.0.0.0.d. L.1.n.k: lixi.tet2026.pro",1,1,0,'shortcode'
"C.4.s.h-B.4.c.k: H.0.4.n t.1.3.n L.1.X.1 T.3.T 2.0.2.6 l.3.n d.3.n 5 t.r.1.3.u. Truy c.4.p: lixi-vn-2026.site",1,1,0,'brandname'
"L.1.X.1-T.3.T-2.0.2.6: B.4.n c.0 m.0.t p.h.4.n q.u.4 c.h.u.4 n.h.4.n. V.u.1 l.0.n.g g.0.1 0933.444.555 d.3 n.h.4.n n.g.4.y",1,0,1,'personal_number'
"T.3.T-2.0.2.6: K.h.4.1 x.u.4.n n.h.4.n L.1.X.1 8.8.8.k. B.4.m v.4.o: tet2026-lixi.xyz d.3 n.h.4.n l.0.c",1,1,0,'brandname'
"T.4.1 k.h.0.4.n c.u.4 b.4.n d.u.0.c c.0.n.g L.1.X.1 T.3.T 2.0.2.6. K.1.3.m t.r.4 n.g.4.y t.4.1: bit.ly/check-lixi-2026",1,1,0,'shortcode'
"V.1-M.0.M.0-L.1.X.1: Chuc mung b.4.n n.h.4.n L.1.X.1 T.3.T 2.0.2.6 g.1.4 t.r.1 1.0.0.k. N.h.4.n t.4.1: momo-lixi.net",1,1,0,'brandname'
"C.0.C.O-L.1.X.1: B.4.n d.4 n.h.4.n d.u.0.c q.u.4 L.1.X.1 T.3.T 2.0.2.6. L.1.3.n h.3 Z.4.l.0: 0922.999.888 d.3 n.h.4.n",1,0,1,'personal_number'
"T.B-L.1.X.1: H.3 t.h.0.n.g t.4.n.g L.1.X.1 T.3.T 2.0.2.6 tri gia 5.0.0.0.0.0.V.N.D. Truy c.4.p: lixi2026-nhan.vn",1,1,0,'brandname'
"M.u.n.g-X.u.4.n-2.0.2.6: N.h.4.n l.0.c L.1.X.1 t.u b.4.n t.0.c h.u.u. B.4.m: lixi-tet.com/2026 d.3 n.h.4.n t.1.3.n",1,1,0,'shortcode'
"L.1.X.1 T.3.T 2.0.2.6: C.0.n.g t.y t.4.n.g q.u.4 s.d.t 09xxx. G.0.1 0944.555.777 d.3 x.4.c n.h.4.n d.1.4 c.h.1 n.h.4.n",1,0,1,'personal_number'
"C.4.n.h b.4.o: Q.u.4 t.4.1 l.0.c L.1.X.1 T.3.T 2.0.2.6 s.3 h.3.t h.4.n. N.h.4.n n.g.4.y: bit.ly/lixi-2026-now",1,1,0,'brandname'
"L.1.X.1-T.3.T-2.0.2.6: B.4.n l.4 1 t.r.0.n.g 1.0 n.g.u.0.1 m.4.y m.4.n n.h.4.n i.P.h.0.n.3 16. X.3.m t.4.1: lixi-iphone.com",1,1,0,'brandname'
"X.4.c t.h.u.c n.h.4.n L.1.X.1 T.3.T 2.0.2.6: V.u.1 l.0.n.g t.r.u.y c.4.p v.4.o l.1.n.k: lixi2026.org d.3 h.0.4.n t.4.t",1,1,0,'shortcode'
"C.h.u.c m.u.n.g! B.4.n n.h.4.n d.u.0.c L.1.X.1 T.3.T 2.0.2.6 tri gia 2 t.r.1.3.u. L.1.3.n h.3 n.h.4.n: 0988.222.333",1,0,1,'personal_number'
"L.1.X.1-T.3.T-M.4.y-M.4.n: B.4.m v.4.o link d.3 n.h.4.n 5.0.0.k l.0.c d.4.u n.4.m 2.0.2.6: s.id/lixi2026-tet",1,1,0,'brandname'
"T.B: L.1.X.1 T.3.T 2.0.2.6 d.4 d.u.0.c g.u.1 t.0.1 t.4.1 k.h.0.4.n. K.1.3.m t.r.4 t.4.1: nganhang-lixi.com",1,1,0,'brandname'
"Q.U.4-K.H.U.N.G: L.1.X.1 T.3.T 2.0.2.6 t.4.n.g b.4.n 1.0.0.0.0.0.V.N.D n.h.4.n d.1.p T.3.t. Link: lixi2026.biz",1,1,0,'shortcode'
"L.1.X.1 T.3.T 2.0.2.6: S.D.T 03xxx t.r.u.n.g t.h.u.0.n.g 5 t.r.1.3.u d.0.n.g. G.0.1: 0977.111.444 d.3 l.4.m h.0 s.0",1,0,1,'personal_number'
"C.H.U.C M.U.N.G X.U.4.N 2.0.2.6: N.h.4.n L.1.X.1 t.4.1 l.0.c t.u B.4.n t.0.c h.u.u. Truy c.4.p: bit.ly/tet2026-lixi",1,1,0,'brandname'
"T.B-L.1.X.1-2.0.2.6: B.4.n c.0 m.0.t p.h.4.n q.u.4 l.0.n t.u h.3 t.h.0.n.g. X.4.c n.h.4.n: nhan-lixi-2026.info",1,1,0,'brandname'
"L.1.X.1 T.3.T 2.0.2.6: N.h.4.n n.g.4.y 2.0.0.k v.4.o t.4.1 k.h.0.4.n d.1.3.n t.h.0.4.1. Link: lixi2026.top",1,1,0,'shortcode'
"K.h.4.c.h h.4.n.g t.h.4.n t.h.1.3.t n.h.4.n L.1.X.1 T.3.T 2.0.2.6 tri gia 1 t.r.1.3.u. G.0.1: 0866.333.999 d.3 n.h.4.n",1,0,1,'personal_number'
"L.1.X.1 T.3.T 2.0.2.6: T.4.n.g l.0.c d.4.u n.4.m c.h.o k.h.4.c.h h.4.n.g. N.h.4.n t.4.1: bit.ly/lixi-tet-nhan",1,1,0,'brandname'
"CucVienth0ng: Thue bao cua ban chua hoan thien d1nh danh. Se bj kho'a chjeu sau 2h. Cap nhat tai: http://vtelecom-gov.vn",1,1,0,"brandname"
"[CucVT] Canh ba0: S0 dien thoai dang vj pham phap luat. Goj n9ay 0981234432 de duoc ho tro k1p th0i.",1,0,1,"brandname"
"Tb: S1m cua ban chua chuan hoa thong t1n. Truy cap hxxp://dichvucong-vnt.com de tranh bi thu hoj s0.",1,1,0,"shortcode"
"CUC VIEN THONG: Thong bao thue bao s3 bj tam d0ng do thjeu h0 s0 d1nh danh. L1en h3^ 0901122334.",1,0,1,"brandname"
"(Cuc VT) Th0ng bao: Quy khach co bjen ban vj pham truyen thong. X3m chj tjet tai: bit.ly/cucvt-vp",1,1,0,"personal_number"
"Cuc_Vjen_Thong: Canh bao s0 dt cua b bje l0 th0ng t1n ca nhan. Nhap vao hxxp://baomat-cucvt.net de ktr.",1,1,0,"brandname"
"Th0ng ba0 tu Cuc VT: Thue ba0 09xxx se bj n9at ket noj tr0ng 30p nua. Lj3n h3 hotljne 1900xxxx.",1,0,1,"shortcode"
"CucVienThong_TB: Ban co qua tang tri gia 5tr tu chuong trjnh chj an khach hang. Nhan tai: http://quatang-vt.com",1,1,0,"brandname"
"CVT: S0 cua b dang phat tan t1n nhan rac. Vuj l0ng truy cap hxxp://xuly-vjpham.com de xac m1nh.",1,1,0,"personal_number"
"Cuc VT thong bao: Quy khach chua hoan tat thu tuc chuyen doj s0. Lh 0866554433 de tranh bj khoa vjnh vj3n.",1,0,1,"brandname"
"Thong_bao_CucVT: Phat hjen s1m la dky t3n cua ban. Ktra n9ay tai: bit.ly/kiemtra-sim-rac.",1,1,0,"shortcode"
"CucVienThong: Quy khach co ho so d1ch vu con9 can xu ly. Truj cap: http://dvc-cucvienthong.gov-vn.info",1,1,0,"brandname"
"Cuc VT canh ba0: Thue bao s3 bj thu hoj do chua cap nhat CCCD gan ch1p. Lj3n h3: 0912345678",1,0,1,"personal_number"
"[TB] CucVT: Vj pham n9hj3m tr0ng quy d1nh vjen thong. Nhap link hxxp://canh-bao-cucvt.xyz de x3m chj tjet.",1,1,0,"shortcode"
"CucVienThong: S0 cua ban s3 bj ngat d1ch vu tr0ng 1h toi. Goj 024.113 de duoc gjaj quyet.",1,0,1,"brandname"
"Cuc VT_Bao mat: Thong bao s0 dt cua b dang bj ke xau xam nhap. Cap nhat n9ay: bit.ly/bao-mat-vt.",1,1,0,"personal_number"
"Cuc Vjen Thong th0ng bao: Hoan tat d1nh danh thue bao de nhan 500k vao tk. Link: http://nhanthuong-cucvt.com",1,1,0,"brandname"
"TB_CucVT: Quy khach co buu pham tu Cuc Vjen Thong. Vuj lon9 l13n h3 0988776655 de nhan.",1,0,1,"shortcode"
"CucVienThong-TB: S0 cua b bj to cao lừa dao. Truy cap hxxp://xac-minh-thue-bao.com de khieu naj.",1,1,0,"brandname"
"(CucVT) Thong bao: Chuan hoa thong t1n thue bao tạj n9ay: http://gov-vienthong.info de khon9 bj khoa s1m.",1,1,0,"personal_number"
"CucVienThong: Quy khach duoc ho tro 4G mjen phj tu chinh phu. Dky tai: bit.ly/uu-dai-4g-cucvt.",1,1,0,"brandname"
"Th0ng ba0: Cuc VT yeu cau ban xac thuc s0 dt chjnh chu. Goj 0812233445 de huong dan.",1,0,1,"shortcode"
"CucVT_Alert: Phat hjen truy cap trai phep vao thong t1n thue bao. Ktra tai: hxxp://canhbao-vt.com",1,1,0,"personal_number"
"CucVienthong: Ban co khoan no cuoc vjen thong chua thanh toan. Lj3n h3 n9ay 0909090909.",1,0,1,"brandname"
"Cuc VT: Thue bao co bjen ban p-hat nguoi. X3m hinh anh vj pham tai: bit.ly/phat-nguoi-vt.",1,1,0,"shortcode"
"CucVienThong: Quy khach can cap nhat anh chan dun9 de khon9 bj khoa 2 chjeu. Link: http://anh-chan-dung-cucvt.com",1,1,0,"brandname"
"CucVT_TB: S0 cua ban s3 bj thu hoj v3 kho s0 quoc gja. Lj3n h3 0788998877 de gju s0.",1,0,1,"personal_number"
"CucVienThong: He thon9 ghi nhan ban dang dky dv lừa dao. Xac thuc ngay: hxxp://xac-thuc-cucvt.net",1,1,0,"brandname"
"TB tu CucVT: Ban da trung thuong xe SH tu dky thong t1n. Nhan gjao ngay tai: bit.ly/trao-thuong-vt.",1,1,0,"shortcode"
"CucVienThong: Canh bao s0 dt b dang dung bj gia mao. Goj 0922334455 de xac m1nh chjnh chu.",1,0,1,"brandname"
"Cuc VT thong bao: s0 thue bao s3 bj khoa sau 15p. Cap nhat thong t1n tai: http://thuebao-cucvt.top",1,1,0,"personal_number"
"CucVienThong_DVC: Yeu cau quy khach ke khai thong t1n thue bao m0j. Link: bit.ly/ke-khai-vt.",1,1,0,"brandname"
"TB_CucVT: S0 cua ban co dau hjeu vi pham an n1nh mang. Lj3n h3: 0855667788.",1,0,1,"shortcode"
"CucVienThong: Quy khach co t1n nhan quan tron9 tu Chinh Phu. Doc tai: hxxp://tin-nhan-cucvt.com",1,1,0,"brandname"
"Cuc VT: Canh bao thue bao s3 bj tam n9ung hoat don9. Ktra l0j tai: bit.ly/loi-thue-bao-vt.",1,1,0,"personal_number"
"CucVienThong-TB: Chuc mun9 b nhan dc goi ho tro 2tr tu quy vjen thong. Link: http://quy-ho-tro.com",1,1,0,"brandname"
"TB_CucVT: S0 cua ban bj khjeu naj vj quang cao rac. Goj 0933445566 de gjaj trjnh.",1,0,1,"shortcode"
"CucVienThong: Yeu cau xac thuc CCCD n9ay de tranh mat s0. Nhap link: hxxp://xac-thuc-cccd-vt.info",1,1,0,"brandname"
"Cuc VT: Ban co mot khoan hoan cuoc vjen thong 300k. Nhan tai: bit.ly/hoan-cuoc-vt.",1,1,0,"personal_number"
"CucVienThong_Alert: Thue bao cua ban dang bj djeu tra. Lj3n h3 0944556677 de bjet chj tjet.",1,0,1,"brandname"
[T.I.K.I] C.0-n-g v.1.3.c l-4-m t-4-1 n-h-4 t-h-u n-h-4-p 300k-800k/ng4y. L1nk: t.ly/tiki88,1,1,0,brandname
T.1.k.1 t-u-y-3-n c.t.v ch-0-t d-0-n n-h-4-n h-u-0-n-g l-0-1. K3t b4n Z.4.l.0: 0332456789 n-h-4-n v.1.3.c n-g-4-y,1,0,1,personal_number
Th0ng b4o: T-4-1 k-h-0-4-n T.1.k.1 c-u-4 b4n b.1 k-h-0-4. V-u-1 l-0-n-g x-4-c m-1-n-h t-4-1: tiki-verify.com,1,1,0,brandname
C-0-h-0-1 k-1-3-m t-1-3-n d-3 d-4-n-g v-0-1 T.I.K.I. L-u-0-n-g c-k t-h-3-o n-g-4-y. L.1.n.k: bit.ly/tiki-work,1,1,0,shortcode
B4n d-u-0-c t-4-n-g v-0-u-c-h-3-r 500k tu T-1-K-1. N-h-4-n n-g-4-y t-4-1: tinyurl.com/tiki-free,1,1,0,personal_number
T.u.y.3.n N.v x-u-l-y d-0-n h-4-n-g T.1.k.1. L-u-0-n-g 10tr/th4ng. L.1.n.k d-4-n-g k-y: tiki-job.vn,1,1,0,brandname
C-4-n-h b-4-o: D-0-n h-4-n-g T.1.k.1 c-u-4 b4n g-4-p l-0-1. G.0.1 0901234455 d-3 h-0 t-r-0 h-0-4-n t-1-3-n,1,0,1,personal_number
[T-I-K-I] Q-u-4 t-4-n-g t.r.1 4-n k-h-4-c-h h-4-n-g. N-h-4-n I-P-h-0-n-3 15 t-4-1: tiki-gift.top,1,1,0,brandname
V.1.3.c l-4-m 0-n-l-1-n-3 t-4-1 n-h-4, k-h-0-n-g c-0-n c-0-c. L-1-3-n h-3 Z.4.l.0: 0945678123 (T.1.k.1 D-3-p-t),1,0,1,personal_number
T.1.k.1 t-h-0-n-g b-4-o: B4n l-4 m-0-t t.r.0-n-g s-0 n-h-u-n-g n-g-u-0-1 m-4-y m-4-n nh4n 2tr. L.1.n.k: bit.ly/tiki-win,1,1,0,shortcode
T.u.y.3.n c.t.v d-4-n-h g.1.4 s-4-n p-h-4-m T-I-K-I. L-u-0-n-g 20k/s-p. L.1.n.k: t.me/tikivn,1,1,0,brandname
H-3 t-h-0-n-g T.1.k.1 t-4-m d-u-n-g h-0-4-t d-0-n-g. C-4-p n-h-4-t t-h-0-n-g t-1-n n-g-4-y: tiki-update.info,1,1,0,shortcode
[T-I-K-I] C-h-u-o-n-g t-r-1-n-h t-u-y.3.n d-u-n-g l-0-n n-h-4-t n-4-m. L-u-0-n-g 15tr. LH: 0888123321,1,0,1,brandname
T-4-1 k-h-0-4-n T.1.k.1 c-u-4 b4n s-4-p h-3-t h-4-n. G.1-4 h-4-n n-g-4-y t-4-1: tiki-v1p.com,1,1,0,personal_number
T-1-K-1: T-4-n-g b4n 1 t-u-1 x-4-p-h-0-n-g m.1.3.n ph1. D-4-n-g k-y n-h-4-n: bit.ly/tiki-qua,1,1,0,shortcode
Ch-1 c-0-n 5 s-u-4-t v.1.3.c l-4-m T-I-K-I l-u-0-n-g c-4-0. N-h-4-n n-g-4-y: 0777456123,1,0,1,personal_number
H-0-4-n t-1-3-n 100% c-h-0 d-0-n h-4-n-g T.1.k.1 b.1 l-0-1. Truy c-4-p: tiki-refund.net,1,1,0,brandname
[T.I.K.I] Tuy3n n-h-4-n v.1.3.n k-1-3-m d-u-y-3-t d-0-n h-4-n-g. L-u-0-n-g 5tr/t-u-4-n. Z.4.l.0: 0559123456,1,0,1,brandname
T-1-k-1 x-4-c n-h-4-n b4n d-4 t-r-u-n-g t-h-u-0-n-g x-3 m-4-y SH. L.1.n.k n-h-4-n g.1-4-1: tiki-sh.com,1,1,0,shortcode
N-h-4-n v.1.3.n T.1.k.1 l-1-3-n h-3 x-4-c n-h-4-n d-0-n h-4-n-g 0d. L.1.n.k: bit.ly/tiki0d,1,1,0,personal_number
T.u.y.3.n n-h-4-n v.1.3.n t-u-o-i d-u-0-1 40 t-u-0-1 l-4-m v.1.3.c t-4-1 T.1.k.1. L-u-0-n-g 12tr. LH: 0399112233,1,0,1,brandname
T-I-K-I: U-u d-4-1 d-4-k b.1-3-t t-4-n-g 1.000.000d v-4-0 v.1. L-1.n.k: tiki-wallet.xyz,1,1,0,shortcode
B4n c-0 d-0-n h-4-n-g T.1.k.1 c-h-u-4 t-h-4-n-h t-0-4-n. T-h-4-n-h t-0-4-n n-g-4-y t-4-1: bit.ly/tiki-pay,1,1,0,personal_number
T.1.k.1 T.u.y.3.n d-u-n-g: L-4-m v.1.3.c t-4-1 n-h-4, t-h-u n-h-4-p k-h-u-n-g. Z.4.l.0: 0966554433,1,0,1,brandname
Chuc m-u-n-g! S-0 d.1-3-n t-h-0-4-1 b4n d-u-0-c T-1-K-1 t-4-n-g 500k t-1-3-n m-4-t. L.1.n.k: tiki-cash.com,1,1,0,shortcode
[T-I-K-I] C-4-n t-u-y.3.n 20 n-h-4-n v.1.3.n d-0-n-g g-0-1 h-4-n-g. LH n-g-4-y: 0322123456,1,0,1,brandname
T.1.k.1 th0ng b-4-o: T-4-1 k-h-0-4-n b4n b.1 t-4-m k-h-0-4 d-0 v.1 p-h-4-m. M-0 k-h-0-4 t-4-1: tiki-unlock.cc,1,1,0,personal_number
K-1-3-m t-1-3-n c-u-n-g T-I-K-I m-0-1 n-g-4-y. K-h-0-n-g t-h-u p-h-1. L.1.n.k: t.me/tiki_official,1,1,0,shortcode
[T.I.K.I] H-0-4-n t-1-3-n s-1-3-u t-0-c c-h-0 k-h-4-c-h h-4-n-g v.1.p. X-3-m t-4-1: tiki-v1p.net,1,1,0,brandname
T-u-y-3-n c.t.v l-4-m v.1.3.c 1h-2h/ng4y th-u n-h-4-p 400k. L.1-3-n h-3 Z.4.l.0: 0977889900,1,0,1,personal_number
T.1.k.1: Q-u-4 t-4-n-g b-4-t n-g-0 d-4-n-h c-h-0 b4n. N-h-4-n n-g-4-y: tiny.one/tiki-qua,1,1,0,shortcode
B4n d-u-0-c m-0-1 t-h-4-m g.1-4 l-1-3-n k-3-t b-4-n h-4-n-g T-I-K-I. L-u-0-n-g h-4-p d-4-n. LH: 0911223344,1,0,1,personal_number
C-4-p n-h-4-t u-n-g d-u-n-g T.1.k.1 p-h-1-n b4n m-0-1 n-h-4-t d-3 n-h-4-n 200k. L.1.n.k: tiki-app.com,1,1,0,brandname
[T-I-K-I] C-0-n-g t-y t-u-y.3.n d-u-n-g n-h-4-n v.1.3.n t-r-u-c t-u-y-3-n. Th-u n-h-4-p 500k/c-4. LH: 0866123456,1,0,1,brandname
T-4-1 k-h-0-4-n T.1.k.1 c-u-4 b4n d-4 n-h-4-n d-u-0-c 1.000.000d. R-u-t t-1-3-n t-4-1: tiki-bank.com,1,1,0,shortcode
T.1.k.1: Th-0-n-g b-4-o b4n l-4 k-h-4-c-h h-4-n-g m-4-y m-4-n t-r-u-n-g th-u-0-n-g. LH Z.4.l.0: 0988001122,1,0,1,personal_number
Tuy3n d-u-n-g T-I-K-I: K-h-0-n-g c-4-n k-1-n-h n-g-h.1-3-m, l-u-0-n-g c-4-0. D-4-n-g k-y: bit.ly/tiki-new,1,1,0,brandname
T.1.k.1 x-4-c n-h-4-n d-0-n h-4-n-g d-4 t-h-4-n-h t-0-4-n. K-1-3-m t-r-4 t-4-1: tiki-check.com,1,1,0,shortcode
[T-I-K-I] B4n c-0 m-0-t p-h-4-n q-u-4 c-h-u-4 n-h-4-n. H-4-n c-h-0-t l-4 h-0-m n-4-y. L.1.n.k: tiki-gift.vn,1,1,0,brandname
T-u-y-3-n c.t.v s-h-0-p-e-e v-4 T.1.k.1 l-4-m t-4-1 n-h-4. T-h-u n-h-4-p 10tr/th4ng. LH Z.4.l.0: 0909123456,1,0,1,personal_number
[B#H#X#H] Thong bao: Ho so cua ban bi thieu thong tin. Vui long truy c@p h_t_t_p://bhxh-vssid.com de hoan t@t n3u khong se bi tam d_u_ng th_e.,1,1,0,brandname
C@nh b@o: Th3 B#H#X#H cua quy khach s@p h3t h@n. Click vao link https://g_o_v-bhxh.com de gia h@n t_r_u_c t_u_y_e_n ngay lap tuc.,1,1,0,brandname
[VSSID] Quy khach co khoan t!en ho tr*o tu qu-y B#H#X#H chua qu-y d_o_i. Truy c@p http://bhxh-vn.cc de nhan t!en truoc 24h ngay hom nay.,1,1,0,brandname
B.H.X.H Thong bao: P-h-e d-u-y-e-t h-o s-o t-r-o c-a-p t-h-a-t n-g-h-i-e-p t_a_i h_t_t_p://vssid-vn.top. Qua h@n se khong d-u-o-c g-i-a-i q-u-y-e-t.,1,1,0,shortcode
(BHXH) Ban chua c@p nh@t CCCD vao h3 thong B#H#X#H quoc gia. L!en h3 Z@lo 0928374112 hoac truy cap https://vneid-vssid.org de tranh bi ph@t.,1,1,1,personal_number
[CUC_BHXH] Yeu cau quy khach k!em tra l@i thong tin d-o_n-g b-o B#H#X#H. Neu sai sot se bi h-u-y quyen l-o-i k-h-a-m b-e-n-h. Link: http://bhxh-vssid.net,1,1,0,brandname
Thong bao: Ban co t!en d_u B#H#X#H chua l!nh. Vui long cl!ck vao h_t_t_p://tracuubhxh.online de lam thu tuc nhan t!en m_i_e_n p_h_i.,1,1,0,personal_number
[BHXH-VN] P-h-a-t h-i-e-n s-a-i p-h-a-m trong qua trinh d-o-n-g B#H#X#H. Yeu cau vao h_t_t_p://vssid-gov.info de x@c m!nh d_a_n t_i_n_h ngay.,1,1,0,brandname
C@p nhat B#H#X#H: De mien giam 10% m-u-c d-o-n-g b-a-o h_i_e_m, vui long dang ky t-a-i h_t_t_p://bhxh-giam-phi.com. H@n chot 12h dem nay.,1,1,0,shortcode
B.H.X.H_VN: Thong bao k-e-t q-u-a x-e-t d-u-y-e-t ho s-o n-h-a-n t-i-e_n 1 l-a-n. Bam vao https://bhxh-vssid-gov.com de nhan k3t qu@.,1,1,0,brandname
[BHXH] Canh bao: Th3 B#H#X#H cua ban bi tr-u-n-g l-a-p thong tin. Vui long l!en h3 hotl!ne 0899234121 hoac truy cap http://xacminh-bhxh.vn de d_i_e_u ch!nh.,1,1,1,personal_number
Thong bao k-h-a_n: Quy khach can c@p nh@t thong tin x-a-c t-h-u-c m-u-c d-i-c-h v-u c-o-n_g t-a-i h_t_t_p://bhxh-dvc.info. Khong thuc hien se bi k-h-o-a m-a s-o.,1,1,0,brandname
[B.H.X.H] Ban duoc t@ng g-o-i ho tr*o s_u_c k_h_o_e t_u qu-y B#H#X#H. Dang ky nhan qu@ t-a-i h_t_t_p://quatang-bhxh.com. S-o l-u-o-n-g co h-a-n!,1,1,0,brandname
C@nh b@o: H-o s-o B#H#X#H cua ban dang bi t_a_m k_h_o_a do ch-u-a d-o-n-g b-o d-u l-i-e-u. Cl!ck ngay https://vssid-update.net de m_o l_a_i.,1,1,0,shortcode
[DVC_BHXH] He thong p-h-a-t h-i-e-n b@n co 2 ma s-o B#H#X#H. Vui long truy c@p http://g_o_v-bhxh-vn.top de t-a-t t-o-a_n ma s-o d-u.,1,1,0,brandname
Thong bao tu B#H#X#H: Ch-u-ong tr-i-n-h h_o t_r_o v_o_n v_a_y c_h_o n_g_u_o_i l_a_o d_o_n_g. Dang ky t-a-i h_t_t_p://bhxh-vayvon.com,1,1,0,personal_number
[VSSID-VN] He thong d-a d-u-y-e-t khoan t-i-e-n th-u-o-n-g B#H#X#H nam 2024. Vui long truy cap https://bhxh-thuong.xyz de r-u-t t-i-e-n.,1,1,0,brandname
B.H.X.H: Quy khach can hoan t@t th-u t-u-c ch-o-t s-o B#H#X#H de nhan t_r_o c_a_p. L!en h3 Z@lo: 0947728192 de d-u-o-c h-u-o-n-g d-a-n.,1,0,1,personal_number
[C@nh B@o] T-a_i k_h_o_a_n VSSID cua ban dang b-i d-a_n_g n-h-a-p l-a. Truy cap http://baomat-bhxh.top de d_o_i m_a k_h_a_u n-g-a-y.,1,1,0,shortcode
B#H#X#H thong bao: Quy khach duoc hoan t_i_e_n d-o-n-g b-a-o h_i_e_m do d-o-n-g d-u. Bam vao link https://hoantien-bhxh.info de nhan l@i t!en.,1,1,0,brandname
[BHXH] Yeu cau quy khach c@p nhat CCCD g-a_n c-h-i-p vao h_o s_o B#H#X#H. Neu khong se bi ng-u-n_g c-a_p d_i_c_h v_u y t_e. Link: http://bhxh-cccd.net,1,1,0,brandname
Thong bao: Ban co l-i-c-h h-e-n lam v-i-e-c t_a_i co quan B#H#X#H v-e v_i_e_c s-a-i l_e_c_h d_u l_i_e_u. K!em tra l@i t-a-i http://bhxh-vssid.org,1,1,0,personal_number
[B.H.X.H_VN] Chuc m_u_n_g! Ban la n-g-u-o-i m-a_y m-a_n n-h-a_n g-o_i t-r-o c-a_p 5 t-r-i-e-u d-o_n_g. Truy cap https://bhxh-bhyt.cc de nhan ngay.,1,1,0,brandname
Canh bao: Ma s-o B#H#X#H 10293847xx cua ban dang bi tr-u-y t-h-u thue. Vui long cl!ck http://thue-bhxh.gov.vn.xyz de thanh toan n-o.,1,1,0,shortcode
[BHXH] He thong n-a_p d-u l-i-e-u VSSID g-a_p l-o_i. Vui long c@p nhat l@i thong tin c-a n-h-a_n t-a-i https://vssid-fix.com de k-h-o_n_g b-i m-a_t d-u l-i-e-u.,1,1,0,brandname
Thong bao tu B#H#X#H: Quy khach co khoan t!en tr*o cap t-h-a-i s-a-n chua n-h-a-n. Vui long k!em tra tai h_t_t_p://bhxh-vssid.me de l-a_m t-h-u t-u-c.,1,1,0,personal_number
[VSSID] Ban can x-a-c m-i-n_h l-a_i s-o d-i-e-n t-h-o-a_i d-a_n_g k-y B#H#X#H. Truy cap http://xacminh-sdt.info de x-a-c n-h-a_n ngay.,1,1,0,brandname
(BHXH) Quy khach chua d-o_n_g b-o l_u_o_n_g h_u_u t_r_u_c t_u_y_e_n. Vui long bam vao https://bhxh-luonghuu.net de tranh b-i g-i-a_n d-o-a_n l_u_o_n_g.,1,1,0,shortcode
[B#H#X#H] Thong bao: Ho so g-i_a_m d_i_n_h y k-h-o-a cua ban da co k3t qu@. Xem chi tiet t_a_i h_t_t_p://bhxh-ketqua.com.,1,1,0,brandname
Canh bao k-h-a_n: Th3 B#H#X#H cua ban s-e b-i h-u-y h-i-e-u l-u-c sau 24h. Vui long l!en h3 0912384722 hoac vao https://bhxh-vssid.live de g_i_a h_a_n.,1,1,1,personal_number
[BHXH_DVC] Quy khach co thong bao m-o_i v-e v_i_e_c d_i_e_u ch!nh m-u-c d-o-n-g B#H#X#H nam 2024. Xem tai: http://bhxh-chinhsach.com,1,1,0,brandname
Thong bao: B#H#X#H da chuyen t!en t_r_o c_a_p COVID-19 con d_u cho ban. Vui long truy cap https://bhxh-hoanthue.cc de x@c nhat stk nhan t!en.,1,1,0,personal_number
[VSSID-BHXH] Yeu cau quy khach c@p nh@t l@i anh chan dung de hoan thien h_o s_o B#H#X#H d_i_e_n t_u. Truy cap http://bhxh-vssid.gov-vn.info,1,1,0,brandname
B.H.X.H Thong bao: P-h-a_t h-i-e_n k-h-a_i m-a_n h-o s-o d-e t-r-u-c l-o_i b-a-o h_i_e_m. Vui long vao https://bhxh-kiemtra.net de g_i_a_i t_r_i_n_h.,1,1,0,shortcode
[BHXH] Ban co don thu k-h-i-e-u n-a_i v-e ch3 d-o B#H#X#H chua x-u l_y. Bam vao http://bhxh-khieunai.org de xem n-o-i d-u_n_g.,1,1,0,brandname
Thong bao tu B#H#X#H: Quy khach duoc t@ng th3 B#H#X#H t-u n-g-u_y_e_n m_i_e_n p_h_i cho nguoi than. Dang ky tai https://bhxh-tangthe.com,1,1,0,personal_number
[BHXH-VN] Thong bao: Da co t_h_e B#H#X#H m-o_i s-u d-u_n_g m-a Q-R. Vui long truy cap http://bhxh-vssid.vn.top de t@i v-e m-a_y.,1,1,0,brandname
C@nh b@o: S-o B#H#X#H cua ban bi l-o thong tin c-a n-h-a_n. Vui long cl!ck https://bhxh-baomat.net de k-i-e_m t-r-a v-a b-a-o m-a_t.,1,1,0,shortcode
[B.H.X.H] Quy khach du k-i-e_n n-h-a_n t_r_o c_a_p k-h-o k-h-a_n 2.000.000d. X@c nhat thong tin t_a_i h_t_t_p://bhxh-trocap.info ngay.,1,1,0,brandname
Thong bao: Quy khach can thanh toan t-i-e_n d-o-n-g B#H#X#H t-u n-g-u_y_e_n thang nay. Xem s-o t!en t-a-i https://bhxh-thanhtoan.com hoac l!en h3 0922314552.,1,1,1,personal_number
"[Mcr€d!t] Chuc m*ng! B@n nh@n duoc qu@ t@ng tri @n 1.000.000đ. Nh@n nG@y t@i: mcredit-vn.top. LH: 0923412xxx",1,1,1,brandname
"Th0ng b@o: Kh0@n v@y @u d@i 50tr c*a b@n d@ duoc duY€t. Truy c@p h0 s0: bit.ly/mcr-50tr. LH: 0938271661",1,1,1,personal_number
"[MCred!t] Nguy c0 n0 x@u! H0 s0 c*a b@n dang bi t@m kh0@. Cap nh@t t@i: v-mcredit.cc nG@y",1,1,0,brandname
"Qu@ t@ng m*i! Mcr€dit t@ng b@n voucher 2tr khi d@ng ky v@y. D@ng ky t@i: mcredit-nhan-qua.com",1,1,0,shortcode
"C@nh b@o: T@i kh0@n Mcr€dit c*a b@n bi d@ng nh@p l@. Vui l0ng ki€m tr@ nG@y: mcredit-security.net",1,1,0,brandname
"Mcr€dit: G!@i ng@n c@p t0c 20tr d@ng ky t@i link: tinyurl.com/mcr-vay. LH: 0388123456",1,1,1,personal_number
"[Mcr€dit-OFFICIAL] B@n c0 m0t kh0@n v@y ch*a r*t 100tr. Bam v@o mcredit-online.org de nh@n",1,1,0,brandname
"X@c th*c nG@y! T@i kh0@n Mcr€dit c*a b@n s€ bi kh0@ sau 24h. Link: bit.ly/verify-mcr",1,1,0,shortcode
"Ban c0 qu@ t@ng tu Mcr€dit: 1 xe m@y Honda Vision. Chi ti€t: mcredit-trung-thuong.com. LH: 0901223344",1,1,1,personal_number
"[MCred!t] Chuong trinh tri @n kh@ch h@ng: Nh@n ngay 500k v@o t@i kh0@n. Bam: mcredit-gift.vn",1,1,0,brandname
"C@nh b@o: H0 s0 Mcr€dit c*a b@n bi t* ch0i do l0i h€ th0ng. Click de s*a: v-mcredit.me",1,1,0,personal_number
"Mcr€dit th0ng b@o: Han m*c v@y c*a b@n duoc n@ng l€n 200tr. Kich ho@t t@i: bit.ly/mcr-nang-han-muc",1,1,0,brandname
"B@n duoc t@ng 1 th€ t!n d*ng Mcr€dit h@n m*c 50tr. D@ng ky nG@y: mcredit-the.com. LH: 0399887766",1,1,1,shortcode
"[M-CR€DIT] Quy kh@ch c0 kh0@n n0 qu@ h@n. Vui l0ng thanh to@n t@i: mcredit-pay.com de tr@nh k!€n t*ng",1,1,0,brandname
"G!@i ng@n th@nh c0ng! So ti€n 30.000.000đ dang cho x@c nh@n t@i: bit.ly/mcr-disbursement",1,1,0,personal_number
"Mcr€d!t: B@n tr*ng thu*ng iPhone 15 Pro Max tu chuong trinh h@ s@ng. Nh@n qua: mcr-apple.top",1,1,0,brandname
"Y€u c@u x@c th*c: T@i kh0@n Mcr€dit c*a b@n c0 d@u h!€u b! x@m nh@p. Truy c@p: mcredit-check.com",1,1,0,shortcode
"Mcr€dit t@ng b@n g0i v@y l@i su@t 0%. D@ng ky nG@y t@i: bit.ly/mcr-0-percent. LH: 0944556677",1,1,1,personal_number
"[THONG BAO] Mcr€dit s€ kh0a t@i kh0@n n€u kh0ng cap nh@t CCCD nG@y: mcredit-update.net",1,1,0,brandname
"Chuc m*ng sdt 09xxx d@ nh@n duoc 5tr tu Mcr€dit. Nh@n ti€n t@i: mcredit-cash.com",1,1,0,personal_number
"Mcr€d!t: Kh0@n v@y c*a b@n d@ duoc duy€t t* d0ng. R*t ti€n nG@y: bit.ly/mcr-rut-tien",1,1,0,brandname
"Qu@ t@ng kh*ng! Mcr€dit t@ng 100 sdt m@y m@n voucher 5tr. Ki€m tr@ t@i: mcr-gift88.com",1,1,0,shortcode
"[MCred!t] B@n d@ vi ph@m di€u kh0@n s* d*ng. Vui l0ng li€n h€ 0988776655 de g!@i quy€t",1,0,1,brandname
"Mcr€dit: C0 m0t kho@n ti€n 15tr dang cho b@n t@i: bit.ly/mcr-nhan-tien. LH: 0355443322",1,1,1,personal_number
"Th0ng b@o: H€ th0ng Mcr€dit b@o tri, vui l0ng dang nh@p l@i de tr@nh m@t d* l!€u: mcredit-login.cc",1,1,0,brandname
"[Mcr€d!t] Chuc m*ng b@n duoc ch0n nh@n qu@ cu0i n@m. Bam: mcr-tet.vn de bi€t chi t!€t",1,1,0,brandname
"Canh b@o: H0 s0 v@y Mcr€dit c*a b@n c0 s@i s0t. S*a l0i t@i: bit.ly/mcr-fix-hoso",1,1,0,personal_number
"Mcr€dit t@ng b@n 1tr d0ng v@o t@i kh0@n th€. Kich ho@t nG@y: mcredit-active.com",1,1,0,shortcode
"[M-CR€DIT] Th0ng b@o g!@i ng@n kh@n cap cho h0 s0 8829x. Nh@n ti€n: v-mcredit.online",1,1,0,brandname
"Qu@ t@ng Mcr€dit: B@n d@ tr*ng thu*ng 10tr d0ng. Truy c@p: bit.ly/mcr-prize de nh@n",1,1,0,personal_number
"Mcr€d!t: H@n m*c v@y c*a b@n d@ s@n s@ng. R*t nG@y 40tr t@i: mcredit-quick.com",1,1,0,brandname
"[C@NH B@O] Mcr€dit ph@t h!€n tru t@p d* l!€u. Vui l0ng d0i m@ kh@u t@i: mcredit-pass.net",1,1,0,shortcode
"Mcr€dit: Duy€t v@y 70tr kh0ng th€ ch@p. Ho@n t@t h0 s0 nG@y: bit.ly/mcr-70tr. LH: 0377221144",1,1,1,personal_number
"[Mcr€d!t] Tri @n kh@ch h@ng th@n th!€t. Nh@n b0 qu@ t@ng t@i: mcredit-tri-an.cc",1,1,0,brandname
"Kh0@n v@y Mcr€dit c*a b@n c0 r*i ro n0 x@u. K!€m tr@ nG@y: bit.ly/mcr-check-no",1,1,0,personal_number
"Mcr€dit: Nh@n ngay 200k khi gi0i th!€u b@n b€. Chi t!€t: mcredit-invite.com",1,1,0,brandname
"[THONG BAO] T@i kh0@n Mcr€dit bi t@m kh0@ do ch*a d0ng phi. LH: 0966554433 de m* l@i",1,0,1,brandname
"Mcr€d!t t@ng voucher mu@ s@m 3tr cho kh@ch h@ng m*i. D@ng ky: bit.ly/mcr-voucher",1,1,0,shortcode
"H€ th0ng Mcr€dit x@c nh@n b@n d@ tr*ng th*ng th€ c@o 500k. Nh@n m@ t@i: mcr-card.top",1,1,0,personal_number
"[Mcr€dit-Alert] Ph@t h!€n d@ng nh@p tu th!€t bi l@. Bam v@o mcredit-secure.org de ch@n",1,1,0,brandname
"[T0ng Cuc Thue] B4n c0 kh0an h0an thue 3.450.000z tu nam 2023. Vuj l0ng truy c4p hxxp://gdt-gov.vn.cc ze nh4n tjen.",1,1,0,brandname
"Th0ng b4o: M4 s0 thue cu4 b4n bj fhat ch4m n0p 12.5tr. Ljen he 0912345678 ze j4j wuyet truoc khj bj kh0a t4j kh0an.",1,0,1,personal_number
"[TCT] Y3u c4u b4n c4p nh4t th0ng tjn thue zjen tu moj nh4t t4j hxxp://thueonline.gov.vn.top. Neu kh0ng se bj fhat.",1,1,0,brandname
"C4nh b4o: Tk thue cu4 b4n bj x4m nh4p. Vuj l0ng zung ung zung m0j t4j hxxp://bit.ly/thue-vn ze b4o m4t.",1,1,0,shortcode
"[T0ngCucThue] Wuy khach duoc mjen j4m 20% thue doanh nghjep. Dang ky t4j hxxp://uuz.cc/thue-uuz ngay h0m nay.",1,1,0,brandname
"M4 s0 thue 8452xxxx cu4 b4n bj n0 thue qu4 h4n. Goj 0899123456 ze huong z4n th4nh to4n tr4nh bj fhat.",1,0,1,personal_number
"[TCT] He th0ng thue zjen tu dang b4o trj. Vuj l0ng dang nh4p l4j t4j hxxp://gdt.gov.vn-portal.net ze x4c thuc.",1,1,0,brandname
"Th0ng b4o tu C0 quan thue: B4n co tjen thue zư 2.1tr. Nh4n tjen t4j hxxp://h0anthue2024.com jao luu za.lo 0908888xxx.",1,1,1,personal_number
"8088: [T0ngCucThue] Th0ng b4o c4p nh4t th0ng tjn CCCD cho m4 s0 thue t4j hxxp://thue-gov.xyz. H4n ch0t 24h.",1,1,0,shortcode
"Wuy khach co bjen b4n vj fham thue s0 452/BB. Ljen he sdt 0915666777 ze bj3t chj tjet.",1,0,1,personal_number
"[TCT] Chuc murng! B4n thu0c zjen duoc h0an thue thu nhap c4 nh4n. Truy c4p hxxp://ichat.tax.gov.vn ze l4m thu tuc.",1,1,0,brandname
"Th0ng b4o: Tk thue cu4 b4n bj t4m kh0a z0 chua x4c thuc. Vuj l0ng c4p nh4t t4j hxxp://thuevn.net truoc 18h.",1,1,0,personal_number
"[T0ngCucThue] Canh bao m40 z4nh can b0 thue ze lu4 z4o. Vuj l0ng kjem tr4 l4j t4j hxxp://kiemtra-thue.top",1,1,0,brandname
"B4n c0 khoan no thue 5.8tr z0 ch4m n0p. Vuj l0ng th4nh to4n qu4 hxxp://pay-thue.com ze kh0ng bj fhat n4ng.",1,1,0,personal_number
"9091: [TCT] Th0ng b4o quye't to4n thue nam 2023. Huong z4n t4j hxxp://gdt-gov.info/huongdan.",1,1,0,shortcode
"C0 quan thue th0ng b4o: Tk ngan h4ng cu4 b4n se bj f0ng t0a z0 no thue. Goj 0888123456 ze j4j wuyet ngay.",1,0,1,personal_number
"[T0ngCucThue] Wuy khach co co h0j nh4n goj h0 tro thue 1tr. Dang ky ngay t4j hxxp://thue-gov.cc.",1,1,0,brandname
"Th0ng b4o: M4 s0 thue cu4 b4n co z4u hjeu vj fham fap luat. Vuj l0ng truy c4p hxxp://canhbao-thue.xyz ze xem chj tjet.",1,1,0,personal_number
"[TCT] Vuj l0ng c4p nh4t s0 zjen th0aj ljen ket thue t4j hxxp://thueonline.com.vn ze nh4n th0ng b4o m0j.",1,1,0,brandname
"Cuc thue th0ng b4o: B4n bj fhat 5tr z0 kh3 khaj thue thjeu. Ljen he 0912223334 ze huong z4n j4j wuyet.",1,0,1,personal_number
"8055: [T0ngCucThue] M4 s0 thue cu4 b4n duoc j4m 10% thue VAT. Xem chj tjet t4j hxxp://vat-thue.net.",1,1,0,shortcode
"[TCT] Th0ng b4o khan: Tk thue cu4 b4n se bj huy neu kh0ng x4c thuc t4j hxxp://xacthuc-thue.gov.vn.cc",1,1,0,brandname
"C4nh b4o: Phat hj3n truy c4p l4 tu tk thue cu4 b4n. Vuj l0ng doj m4t kh4u t4j hxxp://thue-security.top ngay.",1,1,0,personal_number
"[T0ngCucThue] B4n c0 tjen thue chua nh4n 4.2tr. Vuj l0ng nh4p stk t4j hxxp://h0anthue.vnn.vn ze l4m l3nh chuy3n.",1,1,0,brandname
"Th0ng b4o tu Cuc thue: Ho s0 thue cu4 b4n bj loj. Vuj l0ng ljen he 0909123456 ze duoc h0 tro mjen fhu.",1,0,1,personal_number
"6089: [TCT] C4p nh4t ung zung thue zjen tu fj3n b4n m0j nhat t4j hxxp://gdt-app.com ze tranh bj loj.",1,1,0,shortcode
"[T0ngCucThue] Th0ng b4o fhat ngu0j v3 thue. Vuj l0ng kjem tr4 t4j hxxp://fhatnguoi-thue.net.",1,1,0,brandname
"M4 s0 thue cu4 b4n bj treo z0 chua nop bao cao. Goj ngay 0987654321 ze tranh bj cuong che.",1,0,1,personal_number
"[TCT] Wuy khach co khoan thue duoc mjen j4m 3tr. Truy c4p hxxp://thue-mien-giam.xyz ze l4m thu tuc.",1,1,0,brandname
"Th0ng b4o: Tk thue 0311xxxx cu4 b4n bj t4m kh0a. Vuj l0ng m0 l4j t4j hxxp://open-thue.gov.vn.pw",1,1,0,personal_number
"7088: [T0ngCucThue] B4n c4n x4c thuc chjnh chu m4 s0 thue t4j hxxp://thue-cccd.net truoc ngay 30/10.",1,1,0,shortcode
"[TCT] Th0ng b4o kjem tr4 thue z0nh nghjep nam 2024. Xem lurng l4m vj3c t4j hxxp://k3hoach-thue.top",1,1,0,brandname
"C4nh b4o: Co khoan no thue lon tu tk cu4 b4n. Ljen he 0911222333 ze tranh r4c r0j fap ly.",1,0,1,personal_number
"[T0ngCucThue] Huong z4n quye't to4n thue thu nhap. Truy c4p hxxp://huongdan-thue.info ze l4m theo.",1,1,0,brandname
"Th0ng b4o tu Cuc thue: B4n duoc tang goj ho tro thue 500k. Nh4n ngay t4j hxxp://quatang-thue.cc",1,1,0,personal_number
"8099: [TCT] He th0ng thue zjen tu x4c nh4n b4n co khoan thue zư. Vuj l0ng truy c4p hxxp://check-thue.net",1,1,0,shortcode
"[T0ngCucThue] Canh bao tk thue bj k3 x4u zung ze lu4 z4o. Cap nhat b4o m4t t4j hxxp://baomat-thue.xyz",1,1,0,brandname
"Th0ng b4o: B4n co bjen b4n n0 thue tu nam 2022. Goj 0898888999 ze bjet chj tjet khoan fhat.",1,0,1,personal_number
"[TCT] Wuy khach vuj l0ng c4p nh4t m4 s0 thue m0j t4j hxxp://gdt.gov.vn.portal.cc ze kh0ng bj j4n zo4n.",1,1,0,brandname
"C0 quan thue th0ng b4o: B4n c0 tjen h0an thue 6.5tr. Ljen he za.lo 0912000111 ze duoc huong z4n nh4n tjen.",1,0,1,personal_number
"[LAZADA] Th0ng b40: B4n duoc chon lam CTV online. Luong 3OOk-8OOk/ngay. Add Z4lo 0869123456 de nhan vjec. http://laz-vn.top",1,1,1,brandname
"Chuc murng! SĐT 0912xxx trung thuong tu Lazada. Ljen he j4j wuyet nhan wua tai: http://shope-laz.cc",1,1,1,personal_number
"[Lazada_Job] Wuy khach co don h4ng chua th4nh toan. He thong se kho4 t4i kho4n sau 2h. LH: 0901234567. http://laz-vjp.com",1,1,1,shortcode
"CTV LAZADA: Tuy3n gap 20 ban j4o h4ng/truc f4ge. Luong cao, j4o luu Z4lo 0387654321. http://vieclam24h.ly",1,1,1,personal_number
"[THONG BAO] Lazada fhat hjen truy cap la. Vuj long xac thuc t4i kho4n ngay: http://laz-security.net hoac call 0287300",1,1,1,brandname
"C0ng vjec t4i nh4: Lazada can tuyen CTV click don h4ng. Wua tang j4 tri. Zalo: 0777123456. http://laz-online.cc",1,1,1,personal_number
"[Lazada] Chuc murng b4n nhan dc voucher 500k. Bam vao http://lazada-km.xyz de f4t loc. SĐT ho tro: 0933445566",1,1,1,brandname
"[Lazada_Mall] C4nh b4o: T4i kho4n cua b4n sap bj fone t0a. Ljen he Z4lo 0568889999 de duoc ho tro j4j wuyet. http://laz-vp.com",1,1,1,shortcode
"Tuy3n CTV Lazada: Lam vjec tren f0ne, luong chuyen kho4n theo ngay. Wuan tam add Z4lo 0941234567. http://job-laz.top",1,1,1,personal_number
"[LAZADA] Th0ng b4o: Don h4ng #2024 cua b4n dang bj j1u l4i. Vuj long click http://laz-tracking.info de xac nhan",1,1,0,brandname
"C0 h0j kjem tjen: Lazada tuyen nhan vj3n fhu kho. Luong 15tr/thang. Ljen h3 Z4lo 0812334455. http://laz-job.com",1,1,1,personal_number
"[Lazada-Vip] Wuy khach co khoan no wua han. Neu khong thanh toan se bj fhat nguoi. LH 0944556677. http://no-lazada.cc",1,1,1,brandname
"Lazada t4ng b4n wua tri j4 1tr. J4j wuyet nhan wua trong ngay tai http://qua-tặng.net. Zalo ho tro: 0355667788",1,1,1,personal_number
"[OFFER] Lazada tuyen CTV duyet don h4ng. Chj can dien thoai, kjem tjen de zang. Z4lo: 0899887766. http://laz-ctv.xyz",1,1,1,shortcode
"C4nh b4o: Lazada fhat hjen b4n co hanh vj j4n l4n. T4i kho4n se bj kho4. Bam http://laz-verify.me de kjeu n4i",1,1,0,personal_number
"[LAZADA] Thong bao trung thuong xe SH. Vuj long ljen he sdt 0988771122 de l4m thu tuc nhan j4j.",1,0,1,brandname
"Tuyen gap: Nhan vien nhap ljeu Lazada, luong 4OOk/ca. Khong thu fhi. Ket b4n Zalo: 0322114455. http://laz-work.net",1,1,1,personal_number
"[Lazada_Sale] B4n co voucher 99k chua su zung. Han chot hom nay. Su zung ngay tai: http://laz-voucher.cc",1,1,0,shortcode
"Lazada thong b4o: He thong dang b4o tri, vuj long cap nhat thong tjn t4i kho4n tai: http://laz-update.com",1,1,0,personal_number
"[CTV-Lazada] Chuc murng b4n da trung tuyen. Luong thu viec 1Otr. Ljen h3 Z4lo 0588990011 de nhan vjeck.",1,0,1,brandname
"Don h4ng Lazada cua b4n gap su co jao h4ng. Vuj long vao http://laz-support.info de j4j wuyet gap.",1,1,0,personal_number
"[LAZADA] Ban nhan duoc 1 fhan wua tu nhan hang. Bam vao link http://laz-gift.top de nhan. LH: 0911223344",1,1,1,brandname
"Tuyen CTV Lazada kjem 5OOk/ngay. Vj3c nhe luong cao. Jao luu qua Z4lo: 0700112233. http://laz-easy.cc",1,1,1,personal_number
"[Lazada-Express] Thong b4o: B4n co buu fham bj th4t l4c. Ljen he 0922334455 de xac m1nh nhan h4ng.",1,0,1,shortcode
"Kjem tjen online: Lazada tuyen CTV chot don. Chjet khau 10%. Zalo: 0366554433. http://laz-earn.com",1,1,1,personal_number
"[Lazada] T4i kho4n cua b4n duoc tang 200k vao v1. Bam http://laz-wallet.me de rut tjen ngay.",1,1,0,brandname
"Tuy3n nv fhu Lazada l4m tai nh4. Thu nhap on d1nh. Ljen h3 Z4lo 0888776655 de nhan huong z4n.",1,0,1,personal_number
"[Lazada_Alert] Fhat hjen dang nhap la tu thjet bj khac. Vuj long xac nhan tai http://laz-login.cc",1,1,0,shortcode
"Lazada thong bao: B4n la khach hang may man nhan dc combo wua 5tr. Ljen he Z4lo 0966778899 de nhan.",1,0,1,personal_number
"[LAZADA] Don h4ng #991 bj huy do thjeu thong tjn. Cap nhat ngay tai: http://laz-info.net de nzh4n h4ng.",1,1,0,brandname
"Tuyen CTV Lazada Mall: Chj can smartphone, kjem 1tr/ngay. Inbox Z4lo 0344332211. http://laz-mall.top",1,1,1,personal_number
"[Lazada-VN] Canh bao: B4n dang vj fham djeu khoan. T4i kho4n se bj khoa vinh vien. LH: 0977889900",1,0,1,shortcode
"Lazada f4t loc cuoi thang. Nhan ngay 1tr vao tk. Truy cap http://laz-loc.cc de nhan wua. SĐT: 0933112233",1,1,1,personal_number
"[Lazada-Recruit] Chung toj can tuyen 10 CTV online. Khong yc kynh nghjem. Zalo: 0522334455. http://laz-hr.com",1,1,1,brandname
"Chuc murng b4n co suat l4m vjec tai Lazada. Luong mem 12tr. Ljen h3 Z4lo 0399112233 de nzh4n vjec.",1,0,1,personal_number
"[LAZADA] Thong b4o: Vj fhat don hang tre. Vuj long th4nh toan fhi tai http://laz-fine.info de mo kho4.",1,1,0,brandname
"Lazada tuyen CTV j4o h4ng b4ng xe may. Thu nhap 20tr/thang. Dang ky tai: http://laz-shipper.com. LH: 0900998877",1,1,1,personal_number
"[Lazada-Vip] Wuy khach dc t4ng the mua hang 2tr. Bam http://laz-vip.cc de k1ch hoat. Zalo: 0855443322",1,1,1,shortcode
"Tuy3n CTV Lazada l4m vjeu b4n th0j j4n. Luong cao, jao luu Z4lo: 0799887766. http://laz-parttime.xyz",1,1,1,personal_number
"[LAZADA] Canh b4o ruj ro t4i kho4n. Vuj long bam http://laz-secure.top de bao m4t. SĐT ho tro: 0287301",1,1,1,brandname"
"[S.H.0.P.3.3-M.4.L.L] Ch-u-c m-u-n-g! S-D-T c-u-4 b-4-n d-u-0-c c-h-0-n l-4-m CTV x-u-1-t s-4-c. L-u-0-n-g 800k/n-g-4-y. K-3-t b-4-n Z-4-l-0: 0587766123",1,0,1,personal_number
"C-4-n-h b-4-0: T-4-1 k-h-0-4-n S-h-0-p-3-3 c-u-4 b-4-n d-4-n-g b-1 t-4-m k-h-0-4. V-u-1 l-0-n-g t-r-u-y c-4-p h-t-t-p-s://shopee-mall.cc d-3 m-0 k-h-0-4 n-g-4-y.",1,1,0,brandname
"T-u-y-3-n CTV S.h.0.p.3.3 M.4.l.l l-4-m v-1-3-c t-4-1 n-h-4. T-h-u n-h-4-p 300k-900k n-g-4-y. L-1-3-n h-3 Z-4-l-0 0941223344 d-3 n-h-4-n v-1-3-c n-g-4-y.",1,0,1,personal_number
"S.H.0.P.3.3 t-h-0-n-g b-4-0: B-4-n c-0 d-0-n h-4-n-g c-h-u-4 t-h-4-n-h t-0-4-n. V-u-1 l-0-n-g n-h-4-p v-4-0 bit.ly/shopee-pay-x d-3 k-1-3-m t-r-4.",1,1,0,shortcode
"K-1-3-m t-1-3-n t-4-1 n-h-4 c-u-n-g S-h-0-p-3-3. K-h-0-n-g c-4-n v-0-n, h-0-n-g b-1-3-n t-h-4-p. D-4-n-g k-y t-4-1: https://mall-shopee.pro",1,1,0,brandname
"S-h-0-p-3-3 M-4-l-l t-u-y-3-n CTV d-u-y-3-t d-0-n h-4-n-g. M-0-1 n-g-4-y c-h-1 c-4-n 30p. L-1-3-n h-3 n-h-4-n v-1-3-n: 0329988776",1,0,1,personal_number
"T-h-0-n-g b-4-0 k-h-4-n c-4-p: G-0-1 q-u-4 t-r-1 g-1-4 2 t-r-1-3-u d-0-n-g d-4-n-g c-h-0 b-4-n. N-h-4-n q-u-4 t-4-1: https://shopee.nhan-qua.xyz",1,1,0,brandname
"B-4-n d-u-0-c m-0-1 l-4-m CTV c-h-1-n-h t-h-u-c c-u-4 S-H-0-P-3-3. L-u-0-n-g c-u-n-g 10tr/t-h-4-n-g. L-1-3-n h-3 Z-4-l-0: 0812345678",1,0,1,personal_number
"[S-H-0-P-3-3] X-4-c n-h-4-n l-3-n-h r-u-t t-1-3-n 5.000.000d. N-3-u k-h-0-n-g p-h-4-1 b-4-n, v-u-1 l-0-n-g t-r-u-y c-4-p: https://shopee-hoan-tien.com",1,1,0,shortcode
"T-u-y-3-n n-h-4-n v-1-3-n c-h-0-t d-0-n S-h-0-p-3-3 M-4-l-l. L-u-0-n-g 500k t-h-4-n-h t-0-4-n t-r-0-n-g n-g-4-y. A-d-d Z-4-l-0: 0901234455",1,0,1,personal_number
"S-h-0-p-3-3 M-4-l-l: T-4-1 k-h-0-4-n c-u-4 b-4-n c-0 d-4-u h-1-3-u v-1 p-h-4-m. V-u-1 l-0-n-g x-4-c t-h-u-c d-4-n h-0 t-4-1: https://xac-thuc-shopee.net",1,1,0,brandname
"C-0 h-0-1 k-1-3-m t-1-3-n d-3 d-4-n-g t-u S-H-0-P-3-3. K-h-0-n-g c-4-n t-r-1-n-h d-0, l-u-0-n-g c-4-0. L-1-3-n h-3 n-g-4-y: 0776554432",1,0,1,personal_number
"Q-u-4 t-4-n-g t-r-1-3-n 4-n k-h-4-c-h h-4-n-g v-1-p S-H-0-P-3-3. N-h-4-n m-4 g-1-4-m g-1-4 1.000.000d t-4-1: bit.ly/shopee-voucher-free",1,1,0,shortcode
"B-4-n c-0 d-0-n h-4-n-g m-4-y m-4-n t-r-1 g-1-4 5 t-r-1-3-u d-0-n-g. V-u-1 l-0-n-g l-1-3-n h-3 Z-4-l-0: 0388997766 d-3 n-h-4-n t-h-u-0-n-g.",1,0,1,personal_number
"S-h-0-p-3-3 M-4-l-l t-u-y-3-n 50 CTV d-4-n-h g-1-4 s-4-n p-h-4-m. M-0-1 b-4-1 d-4-n-h g-1-4 n-h-4-n 50k. D-k-y: https://vieclam-shopee.biz",1,1,0,brandname
"[C-4-n-h B-4-0] S-H-0-P-3-3 p-h-4-t h-1-3-n t-r-u-y c-4-p l-4 t-u t-h-1-3-t b-1 k-h-4-c. K-h-0-4 t-4-1 k-h-0-4-n s-4-u 5p. M-0 k-h-0-4: shopee-security.com",1,1,0,shortcode
"T-u-y-3-n CTV k-1-3-m t-r-4 d-0-n h-4-n-g S-h-0-p-3-3. T-h-u n-h-4-p 5tr-15tr/t-h-4-n-g. K-h-0-n-g m-4-t p-h-1. L-1-3-n h-3: 0911223388",1,0,1,personal_number
"S-H-0-P-3-3 M-4-L-L: B-4-n n-h-4-n d-u-0-c m-0-1 m-4 g-1-4-m g-1-4 99%. H-4-n d-u-n-g c-h-1 c-0-n 10 p-h-u-t. S-u d-u-n-g n-g-4-y: bit.ly/shopee99-deal",1,1,0,brandname
"H-3 t-h-0-n-g S-h-0-p-3-3 t-u-y-3-n n-h-4-n v-1-3-n p-4-r-t-t-1-m-3. L-u-0-n-g t-r-4 t-h-3-0 g-1-0. K-3-t b-4-n Z-4-l-0: 0565443322",1,0,1,personal_number
"B-4-n l-4 k-h-4-c-h h-4-n-g m-4-y m-4-n n-h-4-n I-P-H-0-N-3 15 t-u S-h-0-p-3-3. X-4-c n-h-4-n d-1-4 c-h-1 t-4-1: https://shopee-gift.top",1,1,0,brandname
"T-u-y-3-n CTV S.h.o.p.e.e online. C-0-n-g v-1-3-c: d-u-y-3-t d-0-n h-4-n-g 4-0. L-u-0-n-g 300k-500k/b-u-0-1. I-n-b-0-x Z-4-l-0: 0922887711",1,0,1,personal_number
"V-1 S-h-0-p-3-3 P-4-y c-u-4 b-4-n c-0 t-1-3-n d-u d-u-0-c h-0-4-n t-r-4. V-u-1 l-0-n-g r-u-t t-1-3-n v-3 n-g-4-n h-4-n-g: https://shopeepay-vnn.com",1,1,0,shortcode
"S-H-0-P-3-3 M-4-L-L t-u-y-3-n n-h-4-n v-1-3-n s-0-4-n h-4-n-g t-4-1 k-h-0. L-u-0-n-g 450k/n-g-4-y. L-1-3-n h-3 q-u-4-n l-y: 0355667788",1,0,1,personal_number
"C-h-u-c m-u-n-g! B-4-n l-4 1 t-r-0-n-g 10 n-g-u-0-1 n-h-4-n d-u-0-c t-1-3-n m-4-t 2tr t-u S-H-0-P-3-3. D-4-n-g k-y n-h-4-n: bit.ly/shopee-cash-2tr",1,1,0,brandname
"T-u-y-3-n CTV t-u-0-n-g t-4-c S-h-0-p-3-3 M-4-l-l. L-u-0-n-g c-4-0, l-4-m t-4-1 n-h-4. K-h-0-n-g c-4-n v-0-n. L-1-3-n h-3 Z-4-l-0: 0977112233",1,0,1,personal_number
"S-h-0-p-3-3: T-4-1 k-h-0-4-n c-u-4 b-4-n s-3 b-1 k-h-0-4 v-1-n-h v-1-3-n n-3-u k-h-0-n-g c-4-p n-h-4-t t-h-0-n-g t-1-n: https://shopee-verify.com",1,1,0,shortcode
"[V-1-3-c L-4-m] S-h-0-p-3-3 M-4-l-l t-u-y-3-n CTV x-u-1-t h-0-4 d-0-n. T-h-u n-h-4-p 10-20tr/t-h-4-n-g. L-1-3-n h-3 Z-4-l-0: 0899887766",1,0,1,personal_number
"Q-u-4 t-4-n-g b-4-t n-g-0 t-u S-H-0-P-3-3 M-4-L-L. N-h-4-n n-g-4-y v-0-u-c-h-3-r 500k. C-h-1 d-4-n-h c-h-0 100 n-g-u-0-1 d-4-u t-1-3-n: bit.ly/shopee-km-500k",1,1,0,brandname
"S-h-0-p-3-3: D-0-n h-4-n-g #2024 c-u-4 b-4-n g-4-p l-0-1 g-1-4-0 h-4-n-g. V-u-1 l-0-n-g c-4-p n-h-4-t l-4-1 d-1-4 c-h-1: https://shopee-update.info",1,1,0,shortcode
"T-u-y-3-n CTV d-4-n-h g-1-4 s-4-n p-h-4-m S-h-0-p-3-3. K-h-0-n-g c-4-n k-1-n-h n-g-h-1-3-m, t-h-u n-h-4-p 0-n d-1-n-h. Z-4-l-0: 0933445566",1,0,1,personal_number
"S-H-0-P-3-3 M-4-L-L: T-h-0-n-g b-4-0 n-h-4-n t-h-u-0-n-g CTV x-u-1-t s-4-c t-h-4-n-g 10. S-0 t-1-3-n 3.000.000d. N-h-4-n t-4-1: bit.ly/shopee-bonus",1,1,0,brandname
"T-u-y-3-n n-h-4-n v-1-3-n t-u v-4-n S-h-0-p-3-3 l-4-m v-1-3-c t-4-1 n-h-4. L-u-0-n-g 7tr/t-h-4-n-g + h-0-4 h-0-n-g. L-1-3-n h-3: 0700112233",1,0,1,personal_number
"S-H-0-P-3-3: B-4-n c-0 1 d-0-n h-4-n-g c-h-u-4 n-h-4-n. N-3-u k-h-0-n-g n-h-4-n s-3 b-1 h-u-y v-4 k-h-0-4 t-4-1 k-h-0-4-n. X-3-m n-g-4-y: shopee-order.vn",1,1,0,shortcode
"C-0-n-g t-y S-h-0-p-3-3 M-4-l-l t-u-y-3-n CTV d-1-c-h v-u. L-u-0-n-g t-r-4 s-4-u 15 p-h-u-t l-4-m v-1-3-c. K-3-t b-4-n Z-4-l-0: 0966778899",1,0,1,personal_number
"S-H-0-P-3-3 M-4-L-L: H-3-t h-4-n d-0-1 t-r-4 h-4-n-g. V-u-1 l-0-n-g b-4-m v-4-0 l-1-n-k d-3 h-0-4-n t-1-3-n n-g-4-y: https://shopee-refund.net",1,1,0,brandname
"T-u-y-3-n CTV S.h.o.p.e.e n-h-4-n t-1-3-n h-0-4 h-0-n-g l-1-3-n t-4-y. M-0-1 n-g-4-y k-1-3-m 1tr l-4 d-3 d-4-n-g. L-1-3-n h-3: 0844556677",1,0,1,personal_number
"S-H-0-P-3-3: T-h-0-n-g b-4-0 b-4-n d-4 t-r-u-n-g t-h-u-0-n-g X-3 m-4-y S-H. V-u-1 l-0-n-g l-1-3-n h-3 Z-4-l-0 0988223344 d-3 l-4-m t-h-u t-u-c.",1,0,1,shortcode
"T-u-y-3-n n-h-4-n v-1-3-n d-u-y-3-t d-0-n h-4-n-g S-h-0-p-3-3. K-h-0-n-g t-h-3-p c-0-c, k-h-0-n-g p-h-1. D-k-y n-g-4-y t-4-1: https://shopee-job.top",1,1,0,brandname
"S-H-0-P-3-3 M-4-L-L: T-4-1 k-h-0-4-n c-u-4 b-4-n c-0 t-1-3-n t-h-u-0-n-g c-h-u-4 r-u-t. H-4-n c-h-0-t l-4 h-0-m n-4-y. R-u-t t-4-1: bit.ly/shopee-rutton",1,1,0,shortcode
"T-u-y-3-n CTV s-h-1-p-p-3-r S-h-0-p-3-3 t-4-1 k-h-u v-u-c b-4-n. L-u-0-n-g c-4-0 + p-h-u c-4-p x-4-n-g x-3. L-1-3-n h-3: 0955443322",1,0,1,personal_number
SHB Digibank: Tkj kh0an k0a b@n b! kh0a do d@ng nh@p l@. Vuj l0ng x@c mjn tai: http://shb-verify.me,1,1,0,brandname
[SHB] Quy khach co 1 mon qua chua nhan tu SHB Digibank. Click vao bit.ly/shb-nhan-qua de nhan ngay.,1,1,0,brandname
SHB-Djgibank: C@nh b@0 t@j kh0an bj truy c@p tr@j phe'p. Truy c@p http://shb-security.top de bao mat.,1,1,0,brandname
Tk cua ban duoc tang 2.000.000 VND tu SHB Digibank. Bam vao link sau de rut tien: http://shb-gift247.com,1,1,0,personal_number
SHB Digibank thonq ba0: He thonq danq bao tri. Vuj lonq dang nhap laj ta1: http://login-shb.cc de k0 b1 khoa tk.,1,1,0,brandname
(SHB) Th0ng ba0: Quy khach da trunq thuonq xe SH Mode. Lj3n h3^ 0921345678 de lam thu tuc nhan xe.,1,0,1,personal_number
C@nh b@o: Tk SHB Digibank cua b@n dang rut 50tr. Neu k p th@0 t@c vuj lonq vao http://shb-cancel.org de huy.,1,1,0,brandname
SHB Digibank: Nh@n ngay goi vay uu dai 100tr k0 l@i su@t. D@ng ky t@i: http://vay-shb.net,1,1,0,shortcode
Quy khach da kjt hoat thanh conq dich vu vay tieu dunq SHB. De huy ljen he 0901223344.,1,0,1,personal_number
SHB Digibank: H3 thonq phat hien truy cap bat thuonq tu Tp.HCM. Xac thuc ngay: http://shb-safe.info,1,1,0,brandname
[SHB_Digibank] Chuc munq b@n nhan dc voucher 1tr. Nh@n qua tai: http://shb-uudai.me,1,1,0,brandname
SHB t.bao: Tk cua ban bj tam khoa do thieu thonq tin. Cap nhat tai: http://shb-update.com nqay.,1,1,0,brandname
Ban da nhan dc 1 khoan tje^n tu SHB Digibank. Kiem tra tai link: http://shb-bank.vn-check.com,1,1,0,shortcode
SHB Digibank: Thiet bi cua b@n dang bi x@m nh@p. Vui long click vao http://shb-protect.top de ng@n ch@n.,1,1,0,brandname
Thonq bao tu SHB: Djem thuonq cua ban sap het han. Doi qua ngay tai: http://shb-point.cc,1,1,0,brandname
SHB_Digibank: Ban co don vay 50tr cho duyet. Click de nhan tien: http://shb-quickloan.site,1,1,0,brandname
T@i kh0an SHB cua b@n bj d@ng nh@p o n0j kh@c. N3^u kh0ng ph@j b@n, vuj l0ng d0j mk t@j: http://shb-reset.me,1,1,0,brandname
SHB Digibank: B@n d@ nh@n duoc qua t@ng tri an khach hang. Lj3n h3^ sdt 0945678901 de l@m h0 s0.,1,0,1,personal_number
(QUAN TRONG) SHB Digibank thonq bao tk sap bi khoa vinh vien. Xac thuc ngay tai: http://shb-verify-tk.com,1,1,0,brandname
SHB_Djgib@nk: Quy khach co tjeu dunq vuot muc. Vuj lonq thanh toan tai: http://shb-pay.online,1,1,0,shortcode
C@nh b@o: Phat hien giao djch la 20tr tren tk SHB. Click http://shb-help.top de k3^t thuc giao djch.,1,1,0,brandname
SHB Digibank nhan dip le tang khach hanq 500k vao tk. Bam link nhan tien: http://shb-event.xyz,1,1,0,brandname
Ban co mot tin nhan chua doc tu SHB Digibank ve khoan tien 10.000.000d. Xem tai: http://shb-notif.me,1,1,0,personal_number
SHB Digibank: He thonq nang cap, vuj lonq kjt hoat laj Smart OTP tai: http://shb-otp.cc,1,1,0,brandname
Th0ng bao SHB: Tk cua ban co dau hjeu bj hack. Truy cap http://shb-security.info de k0 b1 m@t tje^n.,1,1,0,shortcode
SHB Digibank: Chuc munq quy khach l@ khach hanq may man nhat th@ng. Nh@n qua tai: http://shb-lucky.site,1,1,0,brandname
(SHB) Quy khach da dang ky thanh conq dv Smart Banking phi 500k/thang. De huy bam: http://shb-huy.me,1,1,0,brandname
Dich vu SHB Digibank cua ban bi loi. Vuj lonq dang nhap laj de sua: http://shb-fix.online,1,1,0,personal_number
SHB Digibank: T@j kh0an cua b@n duoc t@ng 1 trieu d0ng. Rut tje^n ngay tai: http://shb-cash.net,1,1,0,brandname
SHB_ThongBao: Phat hien s0 djen th0aj la dang nhap vao tk SHB. Kjem tra tai: http://shb-check.cc,1,1,0,brandname
Quy khach du dieu kjen vay tin chap 200tr tu SHB Digibank. Lj3n h3^ Zalo 0988776655 de nhan tien.,1,0,1,personal_number
SHB Digibank: X@c thuc d@nh tjnh de tranh bj khoa tk sau 24h. Click: http://shb-identity.top,1,1,0,shortcode
SHB: Ban nhan dc 1 phan qua tu chuonq trjnh "He ruc ro". Click vao link de xem: http://shb-summer.me,1,1,0,brandname
SHB Digibank: Thonq bao thay doi bjeu phj dich vu. Xem chj tjet tai: http://shb-fee.site,1,1,0,brandname
Canh bao SHB: Co yeu cau rut tien 5.000.000 tu ATM. Neu k p ban, click http://shb-block.cc de khoa the.,1,1,0,brandname
SHB Digibank: Chuc munq ban dc vay tra qop lai suat 0%. Dang ky tai: http://shb-loan0.me,1,1,0,brandname
(SHB-Digi) Tai khoan cua ban da bi tam ngung giao dich. Vui long mo lai tai: http://shb-open.online,1,1,0,shortcode
SHB Digibank t.bao: Ban co 1 k0an thunq tu thue can nhan. Bam link: http://shb-tax.net de nhan.,1,1,0,brandname
SHB: Quy khach da trung thuong IP 15 Pro Max. Goi 0933221144 de xac nhan dia chi nhan qua.,1,0,1,personal_number
SHB Digibank: He thonq quet thay ruj ro bao mat. Vuj lonq xac thuc t@i link: http://shb-safe-tk.com,1,1,0,brandname
FE_CREDIT: Chuc_mung bAn nHAn du0c quA_tAng 10Tr tu chUong trInh TrI An. Cljck vA0 ljnk d3 nHAn: http://fe-vjp.com,1,1,0,brandname
[FE-CREDIT] Th0ng bA0: Kh0An vAy 30 trI3u cuA bAn dA du0c ph3 dUyet. TrUy cAp http://fe-giaingan.com d3 rUt tj3n ngay,1,1,0,brandname
CAnH_bA0! tAi kh0An FE cuA bAn dAnG bI dAnG nhAp lA tAi HN. Vuj l0ng xAc mInh tAi: http://security-fe.cc,1,1,0,brandname
(F.E_CR3DIT) Chuc_mung KH co SDT xxxx trung thuong xe SH 150i. LH 0933221144 d3 lAm thU tuc nHAn thUong,1,0,1,personal_number
Th0ng bA0 tU FE: bAn cO kh0An n0 quA hAn 10 ngAy. ThAnH t0An nGAy d3 trAnH n0 xAu vA kh0i t0: http://pay-fe.com,1,1,0,shortcode
FE.CREDIT: H0 tr0 vAy v0n kh0ng th3 chAp l3n d3n 70 trI3u. NhAn tjn nGAy 0899112233 d3 du0c tU vAn mI3n phI,1,0,1,personal_number
{FE-CREDIT} QuY khAch nHAn du0c quA tAnG trI an 500k vA0 vI. Cljck vA0 ljnk nHAn tj3n: http://quatangfe.top,1,1,0,brandname
FE_CR3DIT_VN: PhAt hj3n gjA0 djch bAt thU0ng 5.000.000d. n3u kO phAj bAn, bAm http://fe-verify.net d3 hUy nGAy,1,1,0,brandname
NhAn nG4y l0c lA tu FE CREDIT l3n d3n 10Tr d0ng ch0 khAch hAnG mAy mAn. TrUy cAp: http://fec-locla.com,1,1,0,shortcode
[FE] NhAc n0: BAn chUa thAnH t0An kY vAy thAnG 10. Vuj l0ng thAnH t0An tAj: http://fe-payment.info d3 kh0ng bI phAt,1,1,0,brandname
C0ng tY FE_CREDIT th0ng bA0: BAn d4 trung thu0ng 1 chuy3n dU ljch tAj nHAt bAn. Lj3n h3 nGAy 0922334455,1,0,1,personal_number
FE_CREDIT: GjAm nGAy 50% lAj suAt ch0 khAch hAnG thAnH t0An h0m nAy. X3m chj tj3t tAj: http://fe-uudai.me,1,1,0,brandname
(FE-CREDIT) Kh0An vAy cuA bAn bI tU ch0i d0 thj3u th0ng tjn xAc thUc. Vuj l0ng b0 sunG tAj: http://fec-bosung.com,1,1,0,shortcode
Chuc mung ban da duoc nang han muc the FE len 100tr. Bam link de kich hoat nGAy: http://fe-hanmuc.com,1,1,0,brandname
FE.CREDIT: CAnH bA0 n0 xAu nh0m 5 tr3n CIC. Lj3n h3 nGAy 0944556677 d3 du0c h0 tr0 x0A n0 nHAnH,1,0,1,personal_number
[F_E_C_R_E_D_I_T] QuA tAnG bAt nG0 dAnH ch0 bAn lA 1 chj3c jPh0n3 15. NhAn tAj ljnk: http://fe-surprise.xyz,1,1,0,brandname
F.E.C.R.E.D.I.T th0ng bA0: tAj kh0An cuA bAn s3 bI kh0A sAu 24h. XAc thUc nGAy tAj: http://fe-lock.com,1,1,0,brandname
BAn du0c FE CREDIT tAnG 1 trI3u vA0 tAj kh0An vI d0 chj tj3u nhj3u. RUt tj3n tAj: http://fe-gift.com,1,1,0,shortcode
(FE-CREDIT) H0 tr0 vAy nHAnH 24/7. Kh0ng thAm dInh, kh0ng g0i nG_thAn. dAnG kY: http://vay-nhanh-fe.com,1,1,0,personal_number
FE_CR3DIT: Chuc_mung sdt 09xxx nHAn du0c mAy tjnh bAnG SAm sUnG. LH 0966778899 d3 nHAn quA,1,0,1,brandname
[FE] Th0ng bA0: H3 th0nG dAnG bA0 trI, vuj l0ng dAnG nhAp lAj tAj: http://fe-maintenance.com d3 bA0 mAt,1,1,0,brandname
FE_CREDIT: BAn cO m0t kh0An tj3n h0An lAj tU h0p d0ng cu. NhAn tAj: http://fe-refund.com nGAy h0m nAy,1,1,0,shortcode
C4NH B40: H0 s0 vAy cuA bAn d4 bI d4nh c4p th0ng tjn. Vuj l0ng xAc mInh nGAy: http://fe-protect.com,1,1,0,personal_number
FE-CREDIT: cO c0 h0i nhAn nGAy 20tr d0ng khI gj0i thj3u bAn b3 vAy v0n. Ljnk: http://fe-referral.com,1,1,0,brandname
[FE_CREDIT] BAn lA 1 tr0nG 10 nGU0i mAy mAn nHAn vAnG SJC 9999. LH: 0977889900 nGAy d3 lAm thU tuc,1,0,1,brandname
FE_CREDIT_THONG_BAO: GjAj nGAn thAnH c0nG 45tr vA0 th3 ATM cuA bAn. Kj3m trA tAj: http://fe-check.com,1,1,0,brandname
(FE) QuY khAch du0c mj3n lAj 3 thAnG dAu ch0 kh0An vAy m0i. dAnG kY nGAy: http://fe-free.com,1,1,0,shortcode
FE_CR3DIT: H0 s0 vAy cuA bAn d4 du0c gUj d3n ph0nG phAp lY d3 kh0i t0. GjAj quY3t tAj: 0988112233,1,0,1,personal_number
[F.E] Chuc mung ban trung thuong IP15 Pro Max tu FE. Nhan qua tai: http://fe-iphone.com truoc 24h hom nay,1,1,0,brandname
FE_CREDIT: cAp nhAt th0ng tjn CCCD gAn chjp d3 tj3p tuc sU dUnG djch vU vAy: http://fe-cccd.com,1,1,0,brandname
(THONG BAO FE) QuY khAch cO kh0An vAy uU dAj lAj suAt thAp 0.5%. dAnG kY nGAy: http://fe-lowrate.com,1,1,0,shortcode
FE_CREDIT: KhAn cAp! PhAt hj3n rUj r0 bA0 mAt cA nHAn. bAm vA0 dAy d3 bA0 v3 tAj kh0An: http://fe-risk.com,1,1,0,brandname
[FE-CREDIT] BAn d4 trunG gjAj nhAt chU0nG trInH "H3 rUc r0". LH 0911223344 nHAn thu0ng nGAy,1,0,1,brandname
FE-CREDIT: tAnG nGAy the cA0 200k vA0 vI khI thAnH t0An quA ljnk: http://fe-pay.xyz d3 nHAn uU dAj,1,1,0,shortcode
(FE_CR3DIT) QuY khAch d4 du0c dUy3t vAy 15tr kh0ng lAj suAt. RUt tj3n tAj: http://fe-fast.com,1,1,0,personal_number
[THONG_BAO_FE] tAj kh0An cuA bAn cO tj3n d0 nGU0i khAc chuy3n nHAm. X3m tAj: http://fe-wrong.com d3 h0An tj3n,1,1,0,brandname
FE_CREDIT: Chuc mung ban duoc tang goi bao hiem suc khoe mien phi 1 nam. Dang ky: http://fe-health.com,1,1,0,brandname
F.E.C.R.E.D.I.T: xAc nHAn kh0An vAy 20 trI3u cuA bAn tAj dAy d3 nHAn tj3n nGAy: http://fe-confirm.com,1,1,0,shortcode
[FE] CAnH bA0! n3u kO thAnH t0An n0 nGAy, chUnG t0i s3 gUj d0n l3n c0 quAn chU c nAnG. LH: 0955667788,1,0,1,personal_number
FE_CREDIT: tAnG nGAy th3 cA0 500k ch0 khAch hAnG mAy mAn nHAn th0ng bA0 nAy. NhAn tAj: http://fe-card.com,1,1,0,brandname
"[V!etcombank] Th0ng b@o: T@i kh0an c*u*a b@n b! t@m k#oa. Vui l0ng x@c m!nh t@i: https://vcb-portal.cc d# k!ch h0at l@i.",1,1,0,'brandname'
"VCB: Chuc m*u*ng! Quy kh@ch d@ nh@n duoc qu@ t@ng t*i ch!nh 2.000.000 VND. K!em tr@ t@i: http://vcb-gift.vn",1,1,0,'brandname'
"(V#C#B) C@nh b@o: T@i kh0an d@ng nh@p b@t thu0ng t@i Sing@p0re. N#u kh0ng ph@i b@n, h@y h*u*y t@i: https://vcb-secure.top",1,1,0,'shortcode'
"T#ng d@i VCB: T@i kh0an c*u*a b@n s# b! ng*u*ng d!ch v*u Smart OTP. Vui l0ng c@p nh@t t@i: http://vcb-smart.com",1,1,0,'brandname'
"V!etcombank tr@n tr0ng: Quy khach c0 m0t ph@n qu@ tr! gi@ 5.000.000 VND. Nh@n ngay t@i: bit.ly/vcb-reward-2024",1,1,0,'brandname'
"[V*C*B] Th@ng b@o: T@i kh0an c*u*a b@n b! k#oa do ch*u*a x@c th*u*c d!nh d@nh. V@o ngay: https://vcb-ibanking.info",1,1,0,'shortcode'
"VCB Online: Phat h!en truy c@p l@ t*u th!et b! l@. Nh@n v@o l!nk d# b@o v# t@i kh0an: http://vcb-safety.net",1,1,0,'brandname'
"Quy kh@ch d@ d#ng k_y d!ch v*u t!n d*u*ng V*C*B ph_i 2tr/th@ng. D# h*u*y, truy c@p: http://vcb-cancel.org",1,1,0,'personal_number'
"V!etcombank: T@i kh0an c*u*a b@n s# b! t@m d*u*ng do l@i h# th0ng. Vui l0ng x@c th*u*c l@i t@i: bit.ly/vcb-support",1,1,0,'brandname'
"C@nh b@o V#C#B: Qu_y kh@ch c0 l#nh r_t t!en 50.000.000 VND. N#u kh0ng ph@i b@n, g0i 024xxxx ho@c v@o: vcb-alert.com",1,1,1,'brandname'
"[V@C@B] Th0ng b@o: Chu0ng tr!nh tr@n qu_y kh@ch h@ng, nh@n th_ m@y m_n t@i: https://vcb-lucky.com",1,1,0,'shortcode'
"VCB Digibank: T@i kh0an b! kh0a do nh@p s@i m@ OTP nh!eu l@n. Mo kh0a t@i: http://vcb-unlock.cc",1,1,0,'brandname'
"Vietcombank: Ho@n t@i ch!nh 10% cho m0i g!ao d!ch trong th@ng. D@ng k_y nh@n ho@n t!en t@i: bit.ly/vcb-cashback",1,1,0,'brandname'
"V*C*B: T@i kh0an c*u*a b@n c0 d@u h!eu b! h@ck. Vui l0ng thay d0i m@t kh@u ngay t@i: https://vcb-account-update.com",1,1,0,'shortcode'
"VCB: Chuc m*u*ng s_ d!en th0@i 09xxxx d@ trung thu0ng IP15 Pro Max. X@c nh@n t@i: http://vcb-apple.com",1,1,1,'personal_number'
"[V!etcombank] Th0ng b@o: H# th0ng b@o tr_ t@i kh0an c*u*a b@n b! l_i. Vui l0ng c@p nh@t l@i t@i: bit.ly/vcb-fix",1,1,0,'brandname'
"VCB: Ph@t h!en g!ao d!ch 10.000.000 VND t@i s@n th*u*ong m@i d!en t*u. H*u*y ngay t@i: https://vcb-security-center.vn",1,1,0,'brandname'
"V#C#B: Quy kh@ch c0 kho@n v@y qu@ h@n t@i ng@n h@ng. Vui l0ng thanh to@n ngay t@i: http://vcb-debt.com",1,1,0,'shortcode'
"[Vietcombank] T@i kh0an Digibank c*u*a b@n b! d@ng nh@p tr_n tr_nh duy#t l@. X@c th*u*c: https://vcb-verify-user.cc",1,1,0,'brandname'
"VCB: C@nh b@o b@o m_t! T@i kh0an b! t@m d*u*ng. Truy c@p http://vcb-home.com d# x@c th*u*c l@i th0ng t!n.",1,1,0,'brandname'
"V!etcombank: T@ng g0i qu@ tri @n kh@ch h@ng th@n th!et 1.000.000 VND. Nh@n ngay: bit.ly/vcb-uu-dai-tet",1,1,0,'brandname'
"VCB Th0ng b@o: D!ch v*u SMS Banking s# b! t@ng ph_ len 150k/th@ng. D# gi*u m*u*c ph_ cu, v@o: http://vcb-fee.com",1,1,0,'brandname'
"[V*C*B] Qu_y kh@ch c_ t!en chuy#n d_n 20.000.000 VND nh*u*ng b! tr_o. Nh@n t!en t@i: https://vcb-transfer.top",1,1,0,'shortcode'
"VCB: Quy kh@ch d@ trung thu0ng voucher mua s_m 5tr. L!nk nh@n: http://vcb-voucher.net",1,1,0,'brandname'
"V!etcombank: T@i kh0an c*u*a b@n c@n x@c m!nh d!nh d@nh m_c d_ 2. Th*u*c h!en t@i: bit.ly/vcb-kyc-online",1,1,0,'brandname'
"VCB C@nh b@o: T@i kh0an s# b! thu h0i n#u kh0ng d@ng nh@p trong 24h. V@o ngay: http://vcb-active.info",1,1,0,'shortcode'
"[V#C#B] Th0ng b@o: H# th0ng ph@t h!en b@n d@ng v! ph@m d!eu kh0@n s*u d*u*ng. Xem t@i: https://vcb-policy.com",1,1,0,'brandname'
"VCB Digibank: Quy kh@ch nh@n duoc 1 lu_t qu@y trung thu0ng SH150i. Quay ngay: http://vcb-luckydraw.com",1,1,0,'brandname'
"V!etcombank: B@o tr_ h# th0ng b@o m_t kh@n c_p. Vui l0ng kh0ng cung c_p OTP cho b_t k_ ai. V@o: bit.ly/vcb-update",1,1,0,'brandname'
"VCB: T@i kh0an c*u*a b@n c0 g!ao d!ch l@ 5.000.000 VND. G0i 1900xxxx ho@c v@o vcb-check.com d# ki#m tr@.",1,1,1,'shortcode'
"V*C*B: Chu0ng tr!nh ho@n t!en s!eu h_p d_n cho th# t!n d*u*ng. D@ng k_y: https://vcb-credit-promo.com",1,1,0,'brandname'
"[V!etcombank] Th0ng b@o: T@i kh0an b! kh0a do h#t h@n x@c th*u*c. V@o: http://vcb-reverify.vn d# m_ l@i.",1,1,0,'brandname'
"VCB: Quy kh@ch d@ nh@n duoc l_ b@o l_ d@u n_m 888k. Nh@n ngay: bit.ly/vcb-lixi-2024",1,1,0,'brandname'
"V#C#B: C@nh b@o t@i kh0an c*u*a b@n d@ng b! s*u d*u*ng tr@i ph_p. Truy c@p http://vcb-legal.com d# b@o v#.",1,1,0,'shortcode'
"VCB Online: Cap nh@t ph!en b@n m_i d# kh0ng b! gi@n do@n g!ao d!ch. L!nk: https://vcb-app-update.cc",1,1,0,'brandname'
"[V!etcombank] Th0ng b@o: S_ d*u* th@y d0i +10.000.000 VND. K!em tr@ ngu0n t!en t@i: http://vcb-check-balance.com",1,1,0,'brandname'
"VCB: T@i kh0an s# b! kh0a v_nh v!en n#u kh0ng c@p nh@t CCCD m_i. V@o: bit.ly/vcb-id-verify",1,1,0,'shortcode'
"V*C*B: Quy kh@ch duoc t@ng voucher gi@m gi@ 50% t@i Shopee. Nh@n t@i: http://vcb-shopee.net",1,1,0,'brandname'
"VCB Digibank: X@c nh@n l@i th0ng t!n t@i kh0an d# tr@nh b! kh0a chi#u n@y. L!nk: https://vcb-secure-login.com",1,1,0,'brandname'
"[V#C#B] C@nh b@o: T@i kh0an c*u*a b@n v*u*a th*u*c h!en chuy#n t!en d! d_ng. H*u*y: http://vcb-cancel-tx.com",1,1,0,'shortcode'
"[SHOPEE MALL] Chuc mung ban da trung thuong 1 chiec xe SH. Truy cap ngay sh0pee-mall.vn de lam thu tuc nhan thuong.",1,1,0,brandname
"Tuyển CTV Shopee Mall làm việc tại nhà, lương 500k-1tr/ngày. Liên hệ Zalo: 0582938471 để nhận việc ngay.",1,0,1,personal_number
"Tài khoản Shopee Mall của bạn sẽ bị khóa trong 2 giờ do vi phạm chính sách. Xác minh tại: shopee-maIl.net",1,1,0,shortcode
"Chúc mừng! Bạn nhận được quà tri ân từ Shopee Mall trị giá 2.000.000đ. Nhấn vào link để nhận: bit.ly/sh0pee-vnpay",1,1,0,brandname
"Shopee Mall tuyển dụng: Cần 50 bạn xử lý đơn hàng online, hoa hồng 20% mỗi đơn. KB Zalo: 0927384192",1,0,1,personal_number
"[THÔNG BÁO] Đơn hàng Shopee Mall của bạn bị lỗi thanh toán. Vui lòng hoàn tất tại sh0pee-vn.com để không bị hủy.",1,1,0,brandname
"Cơ hội kiếm tiền cùng Shopee Mall! Chỉ cần like sản phẩm nhận ngay 50k. LH ngay: 0812394857",1,0,1,personal_number
"Cảnh báo! Tài khoản Shopee Mall bị đăng nhập lạ. Nếu không phải bạn, hãy nhấn vào shopee-maIl.com để đổi mật khẩu.",1,1,0,shortcode
"Shopee Mall tri ân khách hàng thân thiết, tặng Voucher 500k cho đơn hàng tiếp theo. Lấy mã tại: sh0pee.vip",1,1,0,brandname
"Tuyển nhân viên trực page Shopee Mall lương 15tr/tháng, không yêu cầu kinh nghiệm. Zalo: 0394857213",1,0,1,personal_number
"[SHOPEE] Bạn có 1 món quà chưa nhận từ chương trình vòng quay may mắn. Xem tại: sh0pee-mall.cc",1,1,0,brandname
"Tài khoản của bạn đã tích đủ 1000 điểm thưởng Shopee Mall. Đổi quà ngay tại link: bit.ly/shopee-maIl-gift",1,1,0,shortcode
"Cần tuyển cộng tác viên đánh giá sản phẩm Shopee Mall, nhận lương theo ngày qua ATM. LH: 0702394856",1,0,1,personal_number
"Shopee Mall thông báo: Đơn hàng #99281 của bạn đang bị giữ tại kho. Truy cập sh0pee.org để xác nhận.",1,1,0,brandname
"CẢNH BÁO: Shopee Mall phát hiện hành vi gian lận trên tài khoản của bạn. Vui lòng vào shopee-maIl.biz để khiếu nại.",1,1,0,shortcode
"Việc làm bán thời gian Shopee Mall: Lương 300k/2h làm việc. Nhắn tin Zalo: 0948572104 để biết chi tiết.",1,0,1,personal_number
"[QC] Shopee Mall tặng 1.000 phần quà miễn phí cho khách hàng may mắn. Đăng ký tại: sh0pee-mall.pro",1,1,0,brandname
"Bạn được mời tham gia nhóm VIP Shopee Mall nhận hoa hồng cực cao. Click tham gia: t.me/shopee-maIl-vip",1,1,0,personal_number
"Shopee Mall: Chúc mừng số điện thoại 09xxx của bạn nhận được iPhone 15 Pro Max. Liên hệ 0562938475 nhận giải.",1,0,1,brandname
"Thông báo khẩn từ Shopee Mall: Hệ thống đang bảo trì, vui lòng đăng nhập lại tại sh0pee-vn.net để bảo mật thông tin.",1,1,0,shortcode
"Tuyển dụng Shopee Mall 2024: Thu nhập 20-30 triệu/tháng tại nhà. Đăng ký ngay qua Zalo: 0329384756",1,0,1,personal_number
"Ví ShopeePay của bạn bị tạm khóa do chưa cập nhật CCCD. Cập nhật tại link giả: sh0pee.com.vn-pay",1,1,0,brandname
"Shopee Mall tuyển CTV chốt đơn, lương chuyển khoản sau 5 phút. Kết bạn Zalo quản lý: 0837465192",1,0,1,personal_number
"Bạn có một bưu phẩm từ Shopee Mall chưa nhận. Vui lòng kiểm tra lại địa chỉ tại: shopee-maIl.info",1,1,0,brandname
"Quà tặng tri ân từ Shopee Mall: Nhận ngay 1 bộ mỹ phẩm cao cấp miễn phí. Nhấn sh0pee-mall.top để đăng ký.",1,1,0,shortcode
"Shopee Mall: Cơ hội duy nhất nhận vốn kinh doanh 50 triệu đồng. Chi tiết tại Zalo: 0918273645",1,0,1,personal_number
"Cảnh báo bảo mật: Tài khoản Shopee Mall bị truy cập từ địa chỉ IP lạ. Xác minh ngay: sh0pee-login.com",1,1,0,brandname
"Shopee Mall tìm đối tác hợp tác kinh doanh, vốn 0 đồng, lợi nhuận 30%. Liên hệ ngay: 0772839401",1,0,1,personal_number
"Tài khoản Shopee Mall của bạn đã trúng voucher mua sắm 5 triệu. Click shopee-maIl.vn để kích hoạt.",1,1,0,shortcode
"Nhân viên Shopee Mall hỗ trợ bạn nhận hoàn tiền đơn hàng bị hủy. Click link: sh0pee.link/hoantien",1,1,0,brandname
"Việc nhẹ lương cao Shopee Mall: Chỉ cần điện thoại có internet, lương 8tr/tuần. LH Zalo: 0528394756",1,0,1,personal_number
"[SHOPEE MALL] Thông báo: Bạn nhận được 1 lượt quay trúng thưởng 100% quà lớn. Click: sh0pee-maIl.xyz",1,1,0,brandname
"Cần gấp 20 bạn phụ kho Shopee Mall online, lương 400k/ngày. Liên hệ Zalo chị Vy: 0384756192",1,0,1,personal_number
"Shopee Mall xác nhận bạn là khách hàng VIP, nhận ngay bộ quà tặng 1tr. Link: bit.ly/sh0pee-vip-mall",1,1,0,shortcode
"Thông báo từ Shopee Mall: Bạn đã thanh toán dư đơn hàng #SP203. Nhấn vào sh0pee.me để nhận lại tiền.",1,1,0,brandname
"Shopee Mall tuyển nhân viên nhập liệu tại nhà, lương trả theo sản phẩm. Zalo hỗ trợ: 0961234567",1,0,1,personal_number
"CẢNH BÁO: Shopee Mall yêu cầu bạn cập nhật lại thông tin ngân hàng tại shopee-maIl.net để nhận lương CTV.",1,1,0,brandname
"Bạn trúng giải nhì chương trình 'Mua sắm thả ga' của Shopee Mall. Xem giải thưởng tại: sh0pee.vn/lucky",1,1,0,shortcode
"Shopee Mall tuyển CTV TikTok/Shopee, lương 5tr-10tr/tháng. Liên hệ qua Zalo số: 0352938471",1,0,1,personal_number
"[Shopee Mall] Tài khoản của bạn bị tạm ngưng giao dịch. Vui lòng kiểm tra tại: sh0pee-maIl.com.vn",1,1,0,brandname
Kwjn668 th0ng b4o: Tk cUa b4n nhan dUoc 5OOk khuyen m4j n4p d4u. TrUy c4p ngy: kwin668.vip,1,1,0,personal_number
G4j xjnh ljve trUc tj3p t4j Kwjn668. X3m ngay k3o l0: kwin668.me,1,1,0,brandname
Chuc mU'ng! Sdt duoc chon nH4n 1tr tU Kwjn668. Lj3n h3 zl 0398221456 nh4n qua,1,0,1,personal_number
Kwjn668: B4n c0 d0n h4ng chUa nh4n, v4o nH4n thUong 88k t4j kwin668.com,1,1,0,shortcode
Em d4ng d0i 4nh t4i Kwjn668, v4o x3m hinh n0ng ngy n3: kwin668.site/sex,1,1,0,personal_number
Kwjn668 t4ng 100% gja trj n4p lAn d4u ch0 h0j vj3n moj. Ljink: bit.ly/kwin668vn,1,1,0,brandname
Canh b4o! Tk Kwjn668 cUa bAn bj kH0a d0 vj ph4m. V4o mo kH0a ngy: kwin668.pro,1,1,0,shortcode
X3m l0ng h0t gjrrl l0 cljp m0j nh4t t4j Kwjn668. Njck zl: 0345998877,1,0,1,personal_number
Kwjn668: Chuc mUng b4n trung thuong jPh0ne 15 Pr0 M4x. Lj3n h3: 0789445566,1,0,1,brandname
Dky tk Kwjn668 nH4n ngy c0t 100k choj b4j free. Ljnk dky: kwin668.net,1,1,0,personal_number
Kwjn668 - Th3 gj0j gjao lUu s3x ch0 4nh 3m. Xem t4j: kwin668.top,1,1,0,brandname
H3 th0ng Kwjn668 b4o trj, vUj l0ng chUy3n tj3n v4o stk m0j: 0911223344,1,0,1,personal_number
Nh4n ngay code 2OOk kHj t4i app Kwjn668. Ljnk t4i: kwin668.app,1,1,0,shortcode
Kwjn668: B4n c0 1 th0ng b4o chUa d0c v3 tj3n thUong. Click: bit.ly/kwin_km,1,1,0,brandname
Gj4j trj d3m khuya cung g4j xjnh Kwjn668. Ib zl lAy link: 0322556677,1,0,1,personal_number
Kwjn668 ljao lUu k3t b4n b0n phUong, t4ng qu4 khung. Ljnk: kwin668.club,1,1,0,personal_number
Th0ng b4o: Tk Kwjn668 cUa b4n dUoc t4ng 2tr v4o tk chjnh. Check ngy: kwin668.vip,1,1,0,brandname
Kwjn668: Co h0j x2 t4i s4n tr0ng 5 phut. Tham gja ngy: kwin668.win,1,1,0,shortcode
X3m g4j x0 t0 t4j Kwjn668, ljve m0j d3m. Ljnk x3m: kwin668.live,1,1,0,personal_number
Kwjn668 chuc mUng sdt 09xxx nh4n qu4 trj gja 5tr. Goj ngy: 0909123456,1,0,1,brandname
Kwjn668: Tky tk nH4n 50k trai nghj3m free. Dky: kwin668.asia,1,1,0,personal_number
B4n bj mat k3t n0i v0i Kwjn668, v4o l4i d3 nhAn qu4: kwin668.io,1,1,0,shortcode
Kwjn668 th0ng b4o thAy d0i link truy c4p m0j: kwin668-new.com,1,1,0,brandname
Kwjn668: C0 t3n nhan m0j tU bAn g4j l4. Xem ngy: bit.ly/kwin_mess,1,1,0,personal_number
D4y l4 c0 h0i duy nh4t nh4n 888k tU Kwjn668. Lj3n h3: 0355443322,1,0,1,personal_number
Kwjn668 - S4n choi d4ng c4p, n4p 1 dUoc 2. Ljnk: kwin668.link,1,1,0,brandname
X3m p-h-i-m h-a-y m0j nh4t t4j Kwjn668. TrUy c4p: kwin668.xyz,1,1,0,personal_number
Kwjn668: X4c mInh tk nH4n ngay th3 c4o 100k. Click: kwin668.info,1,1,0,shortcode
Ban dUoc m0j th4m gja cl0ub vjv Kwjn668. Lj3n h3 zl: 0377889900,1,0,1,brandname
Kwjn668: Qu4 t4ng trj an kh4ch h4ng cu 500k. Nh4n t4j: kwin668.org,1,1,0,personal_number
Chj dU n4m nay t4j Kwjn668, l0 hinh n0ng. Xem: kwin668.me/leak,1,1,0,brandname
Kwjn668 th0ng b4o: RUt tj3n th4nh c0ng 10tr. Kjem tr4: kwin668.biz,1,1,0,shortcode
Kwjn668: T4ng b4n v0ucher gj4m gj4 n4p tj3n 50%. Ljnk: bit.ly/kwin_vch,1,1,0,personal_number
T4m sU cung g4j d3p Kwjn668 m0j d3m. Lj3n h3 zl: 0388112233,1,0,1,brandname
Kwjn668: C4nh b4o d4ng nh4p l4. V4o d0i mk: kwin668.top/secure,1,1,0,personal_number
Kwjn668 m0j b4n choj n0 hu nh4n h4ng tY d0ng. Ljnk: kwin668.win/nohu,1,1,0,shortcode
Kwjn668: Dky li3n t4y nh4n ngy 66k. Ljnk: kwin668.co,1,1,0,brandname
ThU th4ch d0i d0i cung Kwjn668. Tham gja ngy: kwin668.fun,1,1,0,personal_number
Kwjn668: B4n c0 qu4 tAng bI m4t chUa mo. Xem ngy: bit.ly/kwin_gift,1,1,0,brandname
Kwjn668 - Thj3n dU0ng gj4j trj s0 1. Lj3n h3 0944332211 d3 dUoc tU v4n,1,0,1,shortcode
"CHUC MUNG! Ban nhan duoc 1tr dong t_u C@_D0_B0NG_D^A. D@ng ky ngay: bit.ly/km-888. LH: 0912345678",1,1,1,brandname
"K_eo th0m d_em n@y! T*y l_e c*uoc c@o nh@t th_e gi0i t@i F8#8B^et. Truy c@p n@y: https://f88vn.top",1,1,0,personal_number
"[C@NH B@O] TK b*ng d@ cua b@n b_i t@m kh0@. Vui long x@c m*nh t@i: bit.ly/verify-tk ho@c LH 0903334455",1,1,1,shortcode
"Duy nh@t hom n@y! N@p 1 duoc 3 tai Sh#b_et. C*uoc ngay E-u-r-o nh@n qu@ kh*ng: https://shbet.club",1,1,0,personal_number
"B@n co 1 phi_eu qu@ t@ng 500k t_u 7#89B_et. H@n chot n@p v@o 24h hom n@y. Xem t@i: bit.ly/789bet-vn",1,1,0,brandname
"T@i kh0@n cua b@n v_ua duoc t@ng 88k tr@i nghi_em c@ c_uoc b0ng d@. Click: https://m88.bet/km",1,1,0,personal_number
"X*u_at hi_en k_eo b@o d_em n@y! Win 99% tai W#8^8. Tham gi@ ngay d_e kh0ng bo l_o: bit.ly/w88-lucky",1,1,0,brandname
"T^hong b@o: B@n d@ t_rung thuong SH150i t_u chuong trinh du do@n b0ng d@. LH 0988776655 d_e nh@n",1,0,1,shortcode
"N@p th_e li_en t@y - Nh@n ngay x2 gi@ tr_i t@i nh@ c@i @E888. Link: https://ae888.bet/top",1,1,0,personal_number
"T@i kh0@n VIP cua b@n s@p h_et h@n. N@p th_em d_e duy tr_i k_eo thom: bit.ly/vip-bet. SDT: 0911222333",1,1,1,brandname
"Chuc m_ung b@n nh@n duoc m@ g_iam gi@ c*uoc 50% cho tr@n C1 d_em n@y. Nh@p m@ t@i: https://bet365.vn",1,1,0,personal_number
"B@n duoc m_oi v@o nhom VIP soi k_eo b0ng d@ n0 h_u. Tham gi@ n@y: bit.ly/zalo-soikeo",1,1,0,shortcode
"M@ qu@ t@ng 200k d@ duoc g_ui v@o TK b0ng d@ cua b@n. Kich ho@t t@i: https://188bet.asia",1,1,0,brandname
"H@y c_an th_an! TK c_uoc cua b@n co d@u hi_eu d@ng nh@p l@. Doi m@t kh@u t@i: bit.ly/reset-pass-bet",1,1,0,personal_number
"S_u ki_en d_u do@n t_y so - Nh@n ngay th_e c@o 500k. Tham gi@ t@i: https://kubet.com.vn",1,1,0,shortcode
"B@n l@ nguoi m@y m@n nh@n duoc voucher 1tr t_u Fi#8^8. S_u d_ung ngay: bit.ly/fi88-km",1,1,0,brandname
"K_eo ng0n ph@i ch^ot ngay! T_y l_e 1 d_oi 100 duy nh@t t@i L0d^e88. Click: https://lode88.me",1,1,0,personal_number
"T^hong b@o: Kho qu@ t@ng World Cup d@ mo. Nh@n qu@ mi_en ph_i t@i: bit.ly/wc-gifts. LH 0944556677",1,1,1,brandname
"B@n d@ d@t m^uc cuoc 10tr. Nh@n ngay bonus 2tr v@o TK. Truy c@p: https://fun88.link",1,1,0,personal_number
"C@nh b@o: Ti_en thuong cua b@n s_e b_i huy n_eu kh0ng rut truoc 12h. Rut ngay: bit.ly/rut-tien-bet",1,1,0,shortcode
"M_oi b@n t@i @pp c@ d0 b0ng d@ m0i nh@t nh@n ngay 50k free. T@i t@i: https://vbet79.net",1,1,0,brandname
"B@n co tin nh@n moi t_u qu@n tr_i vi_en nh@ c@i S*B0B^et. Doc ngay: bit.ly/sbobet-msg",1,1,0,personal_number
"Ch^ot k_eo d_em n@y - Rinh ngay t@i l_oc. Khuyen m@i 150% cho th@nh vi_en m0i: https://12bet.com",1,1,0,brandname
"Duy nh@t luc n@y! T@ng code 100k cho @i n@p ti_en s0m nh@t. Link: bit.ly/code-free-88",1,1,0,personal_number
"B@n d@ b_i l_o k_eo thom? D@ng ky ngay d_e nh@n b@o soi k_eo m_oi phut: https://soikeo24h.com",1,1,0,shortcode
"TK: user123 d@ th@ng 50tr d_ong t_u tr@n C1. Rut ti_en t@i link: bit.ly/win-money-88",1,1,0,brandname
"T@ng b@n m@ khuy_en m@i n@p x3 duy nh@t trong ng@y h0m n@y. Truy c@p: https://bk8vn.me",1,1,0,personal_number
"Chuc m_ung! SDT 09x d@ tr_ung thuong b0ng d@ online. Li_en h_e 0977889900 d_e nh@n thuong",1,0,1,brandname
"K_eo h0t d_em n@y: VN vs Th@i L@n. C_uoc 1 t@ng 1 t@i: bit.ly/vn-bet. V@o ngay k_eo tr_e!",1,1,0,personal_number
"B@n d@ duoc ch_on nh@n 1tr t_u quy khuy_en kh_ich th_e th@o. Link nh@n: https://fb88.com/km",1,1,0,shortcode
"T^hong b@o n@p ti_en th@nh c0ng. Nh@n th_em 20% bonus t@i: bit.ly/bonus-bet88",1,1,0,brandname
"B@n co mu0n ki_em 5tr m_oi ng@y t_u c@ d0 b0ng d@? Li_en h_e Z@l0 0966554433 d_e duoc hu0ng d@n",1,0,1,personal_number
"Khuy_en m@i c_uoc ho@n tr@ 2% kh0ng gi0i h@n cho m0i tr@n d@u. Xem t@i: https://dafabet.com",1,1,0,brandname
"TK cua b@n co s0 d_u ch_ua r_ut: 2.500.000d. Vui long rut ti_en t@i: bit.ly/rut-tien-gap",1,1,0,personal_number
"C_u m@ng! Nh@ c@i t@ng ti_en cuoc mi_en ph_i cho @i d@ng ky m0i. Click: https://7ball.pro",1,1,0,shortcode
"B@n nh@n duoc 1 lu0t qu@y m@y m@n tr_ung iPhone 15 Pro Max. Qu@y ngay: bit.ly/lucky-spin-bet",1,1,0,brandname
"S_u ki_en d@c bi_et: Do@n dung t_y so nh@n 2tr ti_en m@t. Tham gi@: https://vwin88.link",1,1,0,personal_number
"T^hong b@o: H_e th0ng d@ng b@o tr_i, vui long chuy_en ti_en v@o TK m0i n@y: 0123456789",1,0,1,shortcode
"B@n d@ th@ng c_uoc tr@n t0i qu@! Nh@n ti_en thuong t@i link: bit.ly/claim-reward-bet",1,1,0,brandname
"C@nh b@o: TK cua b@n s_e b_i h_uy n_eu kh0ng ho@n th@nh vong c_uoc. Xem chi ti_et: https://8xbet.com",1,1,0,personal_number
"C.U.C V.1.3.N T.H.0.N.G: T.h.u.3 b.4.o s.3 b.1 k.h.0.4 t.4.m t.h.0.1 s.4.u 2 g.1.0. V.u.1 l.0.n.g x.4.c m.1.n.h t.4.1 h.t.t.p.s://dvc.gov-vnn.com",1,1,0,brandname
"C-U-C V-1-3-N T-H-0-N-G: B-4-n c-0 l-3-n-h t-r-1-3-u t-4-p v-1 v-1 p-h-4-m t-r-u-y-3-n t-h-0-n-g. L-1-3-n h-3 0.9.1.2.4.5.6.7.8.9 d-3 g-1-4-1 q-u-y-3-t",1,0,1,personal_number
"C.u.c.V.1.3.n.T.h.0.n.g: T.h.0.n.g b.4.o t.h.u.3 b.4.o c.u.4 b.4.n c.h.u.4 d.0.n.g b.0 t.t.t.b. V.u.1 l.0.n.g c.4.p n.h.4.t n.g.4.y t.4.1 h.t.t.p://vnt-gov.cc",1,1,0,shortcode
"C-U-C V-1-3-N T-H-0-N-G: S-0 d-1-3-n t-h-0-4-1 c-u-4 b-4-n d-4 p-h-4-t t-4-n t-1-n n-h-4-n r-4-c. K-1-3-m t-r-4 t-4-1: h-t-t-p-s://cucvt-gov.top",1,1,0,brandname
"C.U.C V.1.3.N T.H.0.N.G: B.4.o l.u.u s.0 t.h.u.3 b.4.o t.h.4.t b.4.1. L.1.3.n h.3 t.0.n.g d.4.1 0.8.8.8.1.2.3.4.5.6 d.3 k.h.0.n.g b.1 h.u.y s.0",1,0,1,personal_number
"C-u-c-V-1-3-n-T-h-0-n-g: T-h-u-3 b-4-o s-3 b-1 k-h-0-4 t-u g-1-4-1 1-2-h n-g-4-y h-0-m n-4-y. T-r-u-y c-4-p h-t-t-p-s://dvc-vnt.net d-3 x-4-c m-1-n-h",1,1,0,brandname
"C.U.C.V.1.3.N.T.H.0.N.G: Q.u.y k.h.4.c.h c.h.u.4 h.0.4.n t.4.t d.1.n.h d.4.n.h t.h.u.3 b.4.o. V.u.1 l.0.n.g b.4.m v.4.0 h.t.t.p.s://xacminh-vnt.com",1,1,0,shortcode
"C-U-C V-1-3-N T-H-0-N-G: C-4-n-h b-4-o s-0 t-h-u-3 b-4-o c-u-4 b-4-n d-4 b-1 m-4-o d-4-n-h. L-1-3-n h-3 n-g-4-y s-0 0.9.4.5.3.3.2.2.1.1 d-3 h-0 t-r-0",1,0,1,personal_number
"C.u.c.V.1.3.n.T.h.0.n.g: T.h.u.3 b.4.o c.u.4 b.4.n s.3 b.1 t.h.u. h.0.1. v.1. v.1. p.h.4.m p.h.4.p. l.u.4.t. X.3.m c.h.1. t.1.3.t: h.t.t.p://vnt-web.info",1,1,0,brandname
"C-U-C V-1-3-N T-H-0-N-G: X-4-c m-1-n-h l-4-1 t-h-0-n-g t-1-n t-h-u-3 b-4-o t-u d-1-c-h v-u c-0-n-g. L-1-n-k: h-t-t-p-s://dvc.gov-xacminh.org",1,1,0,shortcode
"C.U.C V.1.3.N T.H.0.N.G: P.h.4.t h.1.3.n t.h.u.3 b.4.o s.u d.u.n.g g.1.4.y t.0 g.1.4. V.u.1 l.0.n.g g.0.1 0.2.4.7.1.1.2.2.3.3 d.3 k.h.4.1 b.4.o",1,0,1,personal_number
"C-u-c-V-1-3-n-T-h-0-n-g: H-3 t-h-0-n-g t-u d-0-n-g k-h-0-4 s-0 d-0 t-h-1-3-u h-0 s-0 d-1-n-h d-4-n-h. C-4-p n-h-4-t t-4-1 h-t-t-p://vnt.dvc-gov.vn",1,1,0,brandname
"C.U.C V.1.3.N T.H.0.N.G: Q.u.y k.h.4.c.h c.0 k.h.0.4.n p.h.4.t n.g.u.0.1 t.u. t.h.1.3.t b.1. v.1.3.n t.h.0.n.g. T.h.4.n.h t.0.4.n: h.t.t.p.s://vnt-pay.com",1,1,0,shortcode
"C-U-C V-1-3-N T-H-0-N-G: S-0 d-1-3-n t-h-0-4-1 b-1 t-0-c-4-0 l-u-4 d-4-0 n-4-p t-h-3. L-1-3-n h-3 c-0-n-g-4-n v-1-3-n t-h-0-n-g: 0.9.0.1.1.2.2.3.3.4",1,0,1,personal_number
"C.u.c.V.1.3.n.T.h.0.n.g: T.h.0.n.g b.4.o t.h.u.3 b.4.o s.3 b.1 h.u.y n.1.3.m y.3.t s.4.u 1.5 p.h.u.t. K.1.3.m t.r.4: h.t.t.p.s://vnt-check.net",1,1,0,brandname
"C-U-C V-1-3-N T-H-0-N-G: B-4-n d-4 d-4-t g-1-4-1 t-h-u-0-n-g 5-0 t-r-1-3-u t-u q-u-y v-1-3-n t-h-0-n-g. N-h-4-n g-1-4-1: h-t-t-p://quatang-vnt.xyz",1,1,0,shortcode
"C.U.C V.1.3.N T.H.0.N.G: Y.3.u c.4.u c.4.p n.h.4.t t.t.t.b l.4.n c.u.0.1 t.r.u.0.c k.h.1 b.1 k.h.0.4 l.1.3.n l.4.c. L.1.n.k: h.t.t.p.s://dvc-portal.top",1,1,0,brandname
"C-u-c-V-1-3-n-T-h-0-n-g: S-0 c-u-4 b-4-n s-3 b-1 n-g-u-n h-0-4-t d-0-n-g v-1-n-h v-1-3-n. G-0-1 n-g-4-y 0.9.3.4.5.5.6.6.7.7 d-3 k-h-1-3-u n-4-1",1,0,1,personal_number
"C.U.C V.1.3.N T.H.0.N.G: H.0 s.0 t.h.u.3 b.4.o c.u.4 b.4.n b.1 l.0.1 t.r.3.n h.3 t.h.0.n.g q.u.0.k g.1.4. S.u.4 l.0.1 t.4.1: h.t.t.p://fix-vnt.org",1,1,0,shortcode
"C-U-C V-1-3-N T-H-0-N-G: T-h-0-n-g b-4-o n-h-4-n t-r-0 c-4-p v-1-3-n t-h-0-n-g 2-0-2-4. D-4-n-h s-4-c-h t-4-1: h-t-t-p-s://vnt-trocap.com",1,1,0,brandname
"C.u.c.V.1.3.n.T.h.0.n.g: C.4.n.h b.4.o s.0 d.1.3.n t.h.0.4.1 b.1 k.h.0.4 v.1.3.n t.h.0.n.g 2 c.h.1.3.u. L.1.3.n h.3: 0.9.6.7.8.8.9.9.0.0",1,0,1,personal_number
"C-U-C V-1-3-N T-H-0-N-G: P-h-4-t h-1-3-n t-h-u-3 b-4-o k-4-1 b-4-o s-4-1 s-u t-h-4-t. V-u-1 l-0-n-g k-4-1 b-4-o l-4-1: h-t-t-p://dvc.vnt-gov.info",1,1,0,shortcode
"C.U.C V.1.3.N T.H.0.N.G: B.4.n c.0 m.0.t b.u.u p.h.4.m v.1. p.h.4.m c.h.u.4 n.h.4.n. G.0.1 0.9.1.5.5.5.4.4.3.3 d.3 b.1.3.t c.h.1. t.1.3.t",1,0,1,personal_number
"C-u-c-V-1-3-n-T-h-0-n-g: T-h-u-3 b-4-o c-u-4 b-4-n s-3 b-1 k-h-0-4 t-u d-0-n-g s-4-u 3-0 p-h-u-t. K-1-3-m t-r-4 n-g-4-y: h-t-t-p-s://vnt.check-sim.vn",1,1,0,brandname
"C.U.C V.1.3.N T.H.0.N.G: D.1.c.h v.u c.0-n.g t.h.0.n.g b.4.o h.3.t h.4.n d.1.n.h d.4.n.h t.h.u.3 b.4.o. L.1.n.k: h.t.t.p://dvc-sim.com",1,1,0,shortcode
"C-U-C V-1-3-N T-H-0-N-G: S-0 d-1-3-n t-h-0-4-1 c-u-4 b-4-n d-4 l-1-3-n q-u-4-n d-3-n d-u-0-n-g d-4-y d-4-n-h b-4-c. G-0-1 0.8.1.9.9.9.8.8.7.7",1,0,1,personal_number
"C.u.c.V.1.3.n.T.h.0.n.g: T.h.u.3 b.4.o s.3 b.1 k.h.0.4 v.1 t.h.1.3.u b.4.n s.4.o c.c.c.d. C.4.p n.h.4.t t.4.1 h.t.t.p.s://dvc.xacminh.top",1,1,0,brandname
"C-U-C V-1-3-N T-H-0-N-G: X-4-c n-h-4-n t-h-0-n-g t-1-n c-h-1-n-h c-h-u d-3 t-r-4-n-h b-1 t-h-u h-0-1 s-0. L-1-n-k: h-t-t-p://vnt.gov.pro",1,1,0,shortcode
"C.U.C V.1.3.N T.H.0.N.G: Q.u.y k.h.4.c.h d.4 n.h.4.n d.u.0.c g.0.1 q.u.4 t.r.1 g.1.4 1.0 t.r.1.3.u. N.h.4.n t.4.1: h.t.t.p.s://vnt-gift.cc",1,1,0,brandname
"C-u-c-V-1-3-n-T-h-0-n-g: S-0 t-h-u-3 b-4-o b-1 n-g-h-1 v-4-n p-h-4-t t-4-n t-1-n x-4-u. L-1-3-n h-3 0.9.7.1.2.2.3.3.4.4 d-3 d-0-1 c-h-1-3-u",1,0,1,personal_number
"C.U.C V.1.3.N T.H.0.N.G: H.3 t.h.0.n.g y.3.u c.4.u x.4.c t.h.u.c l.4.1 d.4.n.h t.1.n.h t.h.u.3 b.4.o. T.h.u.c. h.1.3.n: h.t.t.p://vnt-dvc.net",1,1,0,shortcode
"C-U-C V-1-3-N T-H-0-N-G: B-4-n c-0 t-h-0-n-g b-4-o p-h-4-t t-u C-u-c V-1-3-n T-h-0-n-g. X-3-m t-4-1: h-t-t-p-s://dvc-vnt.org/tb",1,1,0,brandname
"C.u.c.V.1.3.n.T.h.0.n.g: T.h.u.3 b.4.o s.3 b.1 k.h.0.4 1 c.h.1.3.u d.0 t.t.t.b s.4.1 l.3.c.h. G.0.1 0.2.4.8.8.8.9.9.9.1 d.3 s.u.4",1,0,1,personal_number
"C-U-C V-1-3-N T-H-0-N-G: K-1-3-m t-r-4 t-r-4-n-g t-h-4-1 d-1-n-h d-4-n-h s-0 d-1-3-n t-h-0-4-1 n-g-4-y. L-1-n-k: h-t-t-p://vnt-check.online",1,1,0,shortcode
"C.U.C V.1.3.N T.H.0.N.G: T.h.u.3 b.4.o c.u.4 b.4.n c.h.u.4 k.1.b x.4.c t.h.u.c. S.3 b.1 k.h.0.4 s.4.u 1h. L.1.n.k: h.t.t.p.s://dvc.gov.vn-sim.com",1,1,0,brandname
"C-u-c-V-1-3-n-T-h-0-n-g: S-0 c-u-4 b-4-n d-4 b-1 l-0-1 d-u l-1-3-u t-r-3-n h-3 t-h-0-n-g. G-0-1 0.9.8.4.4.4.5.5.5.6 d-3 c-4-p n-h-4-t",1,0,1,personal_number
"C.U.C V.1.3.N T.H.0.N.G: C.4.p n.h.4.t c.c.c.d g.4.n c.h.1.p c.h.0 s.0 d.1.3.n t.h.0.4.1 n.g.4.y t.4.1 h.t.t.p://vnt-xacminh.vn",1,1,0,shortcode
"C-U-C V-1-3-N T-H-0-N-G: T-h-0-n-g b-4-o k-h-0-4 s-0 v-1 s-u d-u-n-g s-4-1 m-u-c d-1-c-h. L-1-3-n h-3: 0.9.1.1.2.2.3.3.4.4",1,0,1,personal_number
"C.u.c.V.1.3.n.T.h.0.n.g: Q.u.y k.h.4.c.h v.u.1 l.0.n.g b.4.m v.4.0 h.t.t.p.s://dvc.gov.vn-vnt d.3 k.h.0.n.g b.1 h.u.y s.0",1,1,0,brandname
"C-U-C V-1-3-N T-H-0-N-G: T-h-u-3 b-4-o b-1 n-g-h-1 v-1 p-h-4-m n-g-h-1 d-1-n-h 4-9. X-4-c m-1-n-h t-4-1: h-t-t-p://vnt-gov.top/qd",1,1,0,shortcode
"[Tiki] Th0ng ba0: B4n duoc ch0n l4m CTV ch0t d0n, luong 500k/ngay. Lh Zalo 0912345678",1,0,1,personal_number
"TIKI: B4n trung thu0ng xe SH tu chuong trinh tri an. Truy cap tiki-traothuong.com nhan ngay",1,1,0,brandname
"C0ng vj3c t4j nh4 cko m3 bjm s0a, kj3m 300k-1tr/ng4y tr3n Tiki. Lj3n h3 0369988776",1,0,1,shortcode
"TK Tiki cu4 b4n bi t4m kh0a. Vuj l0ng xac thuc t4j: http://tiki-verify.vn d3 tj3p tuc",1,1,0,brandname
"Tiki can tuy3n 50 b4n l4m nv online, l0ng c4o tr4 th3o ng4y. Ad Z@lo: 0706543210",1,0,1,personal_number
"Chuc mug! Sdt 09xxx duoc Tiki tang v0ucher 5tr. Click vao l1nk de nhan: tiki-voucher.top",1,1,0,brandname
"C0vj3c kjem tj3n t4j nh4, k0 c4n v0n, ck0t d0n Tjkj l0ng` 800k/ng4y. Ib zl 0387445566",1,0,1,personal_number
"[TIKI] Don hang 2.5tr cua b4n da duoc dat. Neu kh0ng phai b4n dat, click vao de huy: bit.ly/tiki-cancel",1,1,0,brandname
"Tuy3n nhan vj3n nhap lju d0n h4ng Tiki, l0ng 15tr/thang. Lj3n h3 ngay: 0944332211",1,0,1,shortcode
"Quynh l0j dac bj3t! Tjkj tang b4n b0 qua tri gia 3tr. Nh4n t4j: tiki-gift.com.vn",1,1,0,brandname
"Ban da duoc duyet lam CTV Tiki. Luong khoi diem 10tr. Vao nhom de bat dau: bit.ly/tiki-ctv-2024",1,1,0,personal_number
"Can nguoj phu b4n h4ng online Tiki, k0 y3u cau kn, l0ng cao. Lh: 0899123456",1,0,1,shortcode
"Tiki th0ng ba0: Tk cu4 b4n co bju hj3n l4 s0. Vuj l0ng d4ng nh4p d3 kjem tr4: tiki-check.com",1,1,0,brandname
"Kj3m tj3n th3m t4j nh4 v0j Tjkj, ckj c4n djtj d0ng, th0 nh4p 500k/ngay. Z@lo: 0332211445",1,0,1,personal_number
"B4n c0 d0n h4ng Tjkj chua th4nh t0an, th4nh t0an ngay d3 nkan uu d4j 70%. L1nk: bit.ly/tiki-pay",1,1,0,brandname
"Tuy3n CTV Tjkj lu0ng c4o, l4m vj3c t4j l0ng, k0 m4t pkj. Lj3n h3: 0775566778",1,0,1,shortcode
"TJKJ: Chuc mug b4n trug thu0ng 1 chj3c jPh0n3 15 Pr0 M4x. Lj3n h3 nhan thu0ng: 0922334455",1,0,1,brandname
"B4n nhan duoc m0t c0ng vj3c part-tjme tu Tjkj, l0ng 300k/h. Click vao d3 xem ckj tj3t: tiki-job.com",1,1,0,personal_number
"H3 th0ng Tjkj d4ng b4o r0 r0, tk cu4 b4n co th3 bj m4t. Click vao d3 b4o m4t: bit.ly/tiki-safe",1,1,0,brandname
"C4n tuy3n g4p CTV ch0t d0n Tjkj, l0ng ckuy3n kh0an th3o ngay. Lh ngay: 0355112233",1,0,1,shortcode
"TJKJ TH0NG BA0: Ban co mot phan qua chua nhan. Truc cap link d3 nkan nkay k3o h3t h4n: tiki-km.net",1,1,0,brandname
"Tuy3n CTV dj3n th0ng tjn d0n h4ng Tjkj, l0ng 10tr-20tr. Lj3n h3 Z@l0 0812233445",1,0,1,personal_number
"Ban duoc Tjkj t4ng 1 tri3u d0ng vao vi. Nhan ngay t4j: tiki-wallet.pro",1,1,0,brandname
"Cv online t4j nh4, k0 v0n, k0 c0c, kjem tj3n nhanh cko m3 bjm. Lh Tjkj: 0377443322",1,0,1,shortcode
"Tiki: Don hang #72635 cua ban sap bi huy. Click vao d3 hoan tat thuc tuc: bit.ly/tiki-order",1,1,0,brandname
"Tuy3n nv trurc p4ge Tjkj, l0ng c4o 8tr/thang, l4m t4j nh4. Lj3n h3: 0909887766",1,0,1,personal_number
"TJKJ_Tri_An: Quynh l0j nh4n v0ucher 2tr d4 d3n. Nhap vao tiki-uu-dai.com d3 l4y",1,1,0,brandname
"C4n nguo j l4m nhj3m vu Tjkj, l0ng 200k/nhj3m vu, tr4 th3o ngay. Ib Z@lo 0888443322",1,0,1,shortcode
"Thong bao: B4n duoc ch0n tham gja clb Vip Tjkj voi nhj3u uu d4j. Lj3n h3: 0933112233",1,0,1,brandname
"Cảnh b4o: Tk Tjkj cua b4n d4ng bj d4ng nh4p o noj khac. Mo l1nk d3 d0j mk: bit.ly/tiki-security",1,1,0,brandname
"C0ng vj3c l4m th3m ch0 sv, m3 bjm s0a, thu nhap on djnh tr3n Tjkj. Lh: 0344556677",1,0,1,personal_number
"Tjkj tang b4n ma khuy3n ma j 500k. Su dung ngay t4j: tiki-vouchers.net",1,1,0,brandname
"Tuy3n CTV d4nh gja sp Tjkj, 50k/sp, l4m luc n4o kug duoc. Z@lo: 0866112233",1,0,1,shortcode
"TJKJ: B4n trug thu0ng quynh l0j dac bj3t 20tr d0ng. Truy cap tiki-reward.vn d3 nkan",1,1,0,brandname
"Tk Tiki cu4 b4n co s0 du 5.000.000d chua rut. Click vao d3 rut tj3n: bit.ly/tiki-withdraw",1,1,0,brandname
"Can tuy3n nv cskh Tjkj l4m vj3c online, l0ng 10tr. Lj3n h3 ngay: 0977665544",1,0,1,personal_number
"TJKI TH0NG BA0: Cap nhat thong tin tai khoan de nhan qua. Link: tiki-update.com",1,1,0,brandname
"Cv nhe nh4ng kj3m tj3n th3m, ckj c4n dt c0 m4ng, l4m ctv Tjkj. Lh: 0322334455",1,0,1,shortcode
"Chuc mug! B4n la khach hang may man nhan combo qua tu Tjkj. L1nk nhan: bit.ly/tiki-lucky",1,1,0,brandname
"Tuy3n nguoj ch0t d0n Tjkj, l0ng 500k-2tr/ng4y, l4m t4j nh4. Z@lo: 0966554433",1,0,1,personal_number
"[THABET] Chuc mung! SDT 09x cua ban nhan duoc 188K trai nghiem mien phi. Dang ky ngay tai: tha88vIn.c0m de rut tien.",1,1,0,brandname
"W88: Tai khoan cua ban co thong bao tang 100% gia tri nap dau tien. Truy cap w88vIip.c0m de nhan ngay.",1,1,0,brandname
"KUBET-KU CASIN0: Tang ban code 100k choi keo bong dem nay. Link nhan qua: ku77bet.lInk",1,1,0,brandname
"BAN DA THANG KEO! So du 5,200,000d dang cho ban rut tai Fi88. Xac minh tai: fi88vIn.c0m",1,1,0,shortcode
"789BET thong bao: Tai khoan sap het han nhan thuong 2 trieu dong. Dang nhap ngay: 789bet.lInk",1,1,0,brandname
"Keo thom Euro dem nay! Ty le 1 an 99 chi co tai FB88. Link truy cap: fb88vIip.c0m. LH: 0912888999",1,1,1,personal_number
"[M88] Chuc mung ban la thanh vien may man nhan hu 50tr. Bam vao m88vIn.c0m de lam thu tuc.",1,1,0,brandname
"Canh bao! Tai khoan game cua ban bi khoa do chua xac minh. Vao link nay de mo: l0de88vIn.net",1,1,0,shortcode
"Ban co 1 tin nhan tu CSKH 188BET. Nhan qua tang tri an 588k tai: 188betvIp.lInk",1,1,0,personal_number
"H0t: Xem truc tiep bong da & dat cuoc mien phi tai SHBET. Link vao: shbet88.c0m",1,1,0,brandname
"S0D0: Tang ngay 30k khi lien ket ngan hang. Choi lode 1 an 99.5 tai: s0d0vIn.lInk",1,1,0,brandname
"NEW88-The gioi giai tri trong tam tay. Tang 100k trai nghiem bong da. Link: new88vIp.c0m",1,1,0,shortcode
"Thong bao: SĐT cua ban duoc chon de nhan khuyen mai 150% tu VN88. Truy cap: vn88vIn.c0m",1,1,0,brandname
"DANG KY NGAY - NHAN QUA LIEN TAY! 8kbet tang ban code 68k. Link: 8kbetvIn.lInk",1,1,0,personal_number
"Vao ngay t0p88.lInk de nhan keo thom dem nay. Ty le hoan tra 2% moi ngay. LH: 0988777666",1,1,1,personal_number
"[FUN88] Tai khoan cua ban co 2,000,000d tien thuong chua su dung. Rut ngay tai: fun88vIip.c0m",1,1,0,brandname
"BK8: Chuc mung ban da trung thuong SH 125i tu vong quay may man. Xem tai: bk8vIn.lInk",1,1,0,brandname
"HAY DANG NHAP! So du cua ban tai HI88 dang bi dong bang. Vao hi88vIp.c0m de mo khoa.",1,1,0,shortcode
"BAN CO TIN NHAN MOI! Nh0m VIP soi keo bong da mien phi tai: zale.me/g/keothom88",1,1,0,personal_number
"Luv88 - Cong game quoc te tang 50k code tan thu. Tai game tai: luv88vIn.c0m",1,1,0,shortcode
"[G088] Thong bao bao tri hoan tat. Tang 100k cho tat ca thanh vien dang nhap tai: g088vIip.lInk",1,1,0,brandname
"Bong88: Tai khoan cua ban duoc cap han muc cuoc 50 trieu. Kich hoat tai: b0ng88vIn.net",1,1,0,brandname
"Dung bo lo! Co hoi lam giau cung lode88. Danh 1 an 100. Dang ky: l0de88vIp.c0m",1,1,0,personal_number
"VIVA88 thong bao: Ban co qua tang tri gia 1 trieu dong. Nhan qua tai: viva88vIn.lInk",1,1,0,shortcode
"Mien phi cuoc bong da cho thanh vien moi. Chi duy nhat hom nay tai: jun88vIp.c0m",1,1,0,brandname
"Ban da duoc them vao danh sach nhan luong tuan 5tr tu F88. Dang nhap: f88bet.lInk",1,1,0,personal_number
"Th0ng ba0 khan cap: Tai khoan cua ban co dau hieu bi xam nhap. Vao m88vIn.c0m de doi mat khau.",1,1,0,brandname
"Keo thom dem nay: Anh vs Phap. Ty le 1 an 95. Chi co tai: kubet88vIn.lInk. LH 0905111222",1,1,1,personal_number
"[12BET] Tang ngay 128k khi xac minh sdt chinh chu. Link: 12betvIip.c0m",1,1,0,brandname
"Sieu hu no hu 100 trieu tai RIKVIP. Bam vao rikvipvIn.lInk de thu van may ngay.",1,1,0,shortcode
"Ban co 500k tien cuoc mien phi tu nha cai MIG8. Dang ky ngay: mig8vIp.c0m",1,1,0,brandname
"C0mbo khuyen mai bong da + casino 200%. Chi danh cho ban tai: hl8vIn.lInk",1,1,0,personal_number
"Chuc mung ban da tro thanh thanh vien VIP cua AE888. Nhan uu dai tai: ae888vIn.c0m",1,1,0,brandname
"Keo ngon moi ngay, rut tien trong 3 phut. Tham gia ngay nhom telegram: @keonhacai88",1,1,0,personal_number
"[Dafabet] Tang 100% tien nap vao tai khoan the thao. Link duy nhat: dafavIp.lInk",1,1,0,brandname
"Canh bao! Co nguoi dang rut 10tr tu tk game cua ban. Neu khong phai ban, bam: k8vIn.c0m",1,1,0,shortcode
"Lode online 1 an 99, rut tien uy tin. Tang 100k cho thanh vien moi: l0deonline.lInk",1,1,0,personal_number
"[SB0BET] Tai khoan cua ban duoc tang voucher 200k cuoc bong da. Dung tai: sb0vIn.c0m",1,1,0,brandname
"Ban nhan duoc 1 luot quay may man trung iPhone 15 Pro Max. Quay ngay tai: lucky88vIp.lInk",1,1,0,shortcode
"Ru ban cung choi, nhan ngay 200k vao tai khoan. Chi tiet tai: v9betvIn.c0m. LH 0977444555",1,1,1,brandname
VNeID: Tai khoan cua ban bi tam khoa do chua cap nhat thong tin cu tru. Truy cap https://vneid-g0v.vn de mo khoa ngay.,1,1,0,brandname
(VNeID) Ho so dinh danh muc do 2 cua quy khach bi loi. Vui long truy cap https://vneid.vIetnam.vn de khai bao lai.,1,1,0,brandname
Canh bao: Tai khoan VNeID bi dang nhap la tai Ha Noi. Neu khong phai ban hay vao https://vneid-l0gin.com de doi mat khau.,1,1,0,shortcode
Bo Cong An: Quy khach chua hoan thanh dinh danh dien tu. Moi vao https://vneid.g0v.vn/xacthuc de tranh bi huy ma so thue.,1,1,0,brandname
VNeID thong bao: Ban co bien ban phat nguoi chua thanh toan. Truy cap https://phatnguoi.vneid-g0v.com de nop phat.,1,1,0,brandname
[VNeID] Phat hien thiet bi la dang nhap vao tai khoan cua ban. Vui long xac nhan tai https://vneid.vIet.vn ngay.,1,1,0,brandname
He thong VNeID nang cap. Moi nguoi dan truy cap https://vneid-c0ngan.com de cap nhat thong tin can cuoc moi.,1,1,0,shortcode
Thong bao tu VNeID: Ban can cap nhat lai so dien thoai chinh chu tren ung dung. Link: https://vneid.vn-g0v.com,1,1,0,brandname
Bo Cong An yeu cau xac thuc thong tin ho khau online tai https://vneid.dichvuc0ng.vn. Qua han se bi xu phat.,1,1,0,brandname
[VNeID] Tai khoan cua ban se bi xoa sau 12 gio do vi pham dieu khoan. Khieu nai tai https://vneid.vIet-gov.vn,1,1,0,brandname
[VNeID] Quy khach co 1 thong bao khan tu co quan thue. Vui long kiem tra tai https://vneid.thue-g0v.vn,1,1,0,brandname
VNeID: Ho so BHXH cua ban bi sai lech. Bam vao https://vneid.baohiem-g0v.com de chinh sua ngay.,1,1,0,brandname
(VNeID) Ban nhan duoc goi ho tro an sinh xa hoi 2.000.000d. Dang ky tai https://vneid.nhanh0-tro.vn,1,1,0,brandname
Canh bao: So dinh danh cua ban dang bi loi du lieu tren he thong. Vui long vao https://vneid-g0v.top de khac phuc.,1,1,0,shortcode
VNeID: Tai khoan dinh danh bi khoa do dang nhap sai nhieu lan. Mo khoa tai https://vneid.vIietnam-gov.com,1,1,0,brandname
Bo Cong An: Quy khach chua nop thue thu nhap ca nhan 2023. Truy cap https://vneid.thue-c0ngan.vn de tra cuu.,1,1,0,brandname
VNeID thong bao: Cap nhat ngay thong tin cu tru de tranh bi cat ho khau. Link: https://vneid.cu-tru-g0v.vn,1,1,0,brandname
[VNeID] Ban co thu moi lam viec tu co quan dieu tra. Xem noi dung tai https://vneid.vIet-c0ngan.com,1,1,0,brandname
VNeID: Ung dung cua ban can duoc kich hoat lai de su dung dich vu cong. Link https://vneid.kichhoat-g0v.vn,1,1,0,brandname
(VNeID) Ban chua hoan thanh dang ky tam tru. Vui long truy cap https://vneid.tamtru-g0v.com de bo sung.,1,1,0,brandname
TB tu VNeID: Ma so dinh danh bi trung lap tren he thong. LH 0981234567 hoac vao https://vneid-g0v.net de xu ly.,1,1,1,personal_number
Bo Cong An thong bao: Ban can dinh danh lai khuon mat tai https://vneid.vIetnam.io de bao mat tai khoan.,1,1,0,shortcode
[VNeID] Chuc mung ban nhan duoc tien ho tro thue tu Chinh phu. Nhan tai https://vneid.nhanthue-g0v.vn,1,1,0,brandname
VNeID: Thong tin CCCD gan chip cua ban bi sai lech. Vui long cap nhat tai https://vneid.vIetnam-chip.com,1,1,0,brandname
Canh bao: Phat hien hanh vi lua dao su dung thong tin cua ban. Xac thuc tai https://vneid.b0-c0ngan.vn ngay.,1,1,0,brandname
VNeID: Tai khoan cua ban se bi han che dich vu sau 24h. Cap nhat ngay tai https://vneid.vIet-l0gin.vn,1,1,0,brandname
(VNeID) Quy khach co khoan no ngan hang qua han lien ket voi VNeID. Kiem tra tai https://vneid.tra-n0.vn,1,1,0,brandname
[VNeID] He thong dang tam khoa tai khoan cua ban vi ly do an ninh. Mo khoa tai https://vneid.m0-khoa.vn,1,1,0,brandname
Bo Cong An: Thong bao thay doi lich lam viec cap CCCD. Xem chi tiet tai https://vneid.vIetnam-cccd.vn,1,1,0,brandname
VNeID: Ban da dang ky thanh cong dich vu cong truc tuyen. Xem ket qua tai https://vneid.ketqua-g0v.vn,1,1,0,brandname
(VNeID) Quy khach vui long xac thuc lai SDT chinh chu de khong bi thu hoi sim. Link: https://vneid.xacthuc-l0.vn,1,1,0,brandname
VNeID: Co quan CA yeu cau ban cung cap thong tin nguoi than tai https://vneid.vIiet-thongtin.vn de xac minh.,1,1,0,brandname
[VNeID] Ban co mot kien hang bi giu tai hai quan do sai thong tin dinh danh. vao https://vneid.vIietnam-post.vn,1,1,0,brandname
VNeID: Canh bao tai khoan bi xam nhap tu IP la. Truy cap https://vneid.vIiet-protect.vn de bao ve tai khoan.,1,1,0,brandname
Bo Cong An: Ban co lich hen lam viec ve vi pham giao thong. Tra cuu tai https://vneid.vIietnam-phat.vn,1,1,0,brandname
[VNeID] Quy khach duoc tang 1 trieu dong vao vi dien tu lien ket. Nhan tai https://vneid.khuyenmaI-g0v.vn,1,1,0,brandname
VNeID: He thong dang quet lai du lieu dan cu toan quoc. Vui long vao https://vneid.du-lIieu-g0v.vn de kiem tra.,1,1,0,brandname
(VNeID) Ban can phai ky cam ket an ninh mang tai https://vneid.ky-camket-g0v.vn de tiep tuc su dung ung dung.,1,1,0,brandname
VNeID: Tai khoan cua ban bi bao cao vi pham. Vui long xac minh danh tinh tai https://vneid.vIetnam-verify.com,1,1,0,brandname
Bo Cong An thong bao: Ban co ten trong danh sach truy na vi pham hanh chinh. Xem tai https://vneid.vIet-truyna.vn,1,1,0,brandname
"FE CREDJT: Chuc munz b4n nh4n zc kho4n v4y 50tr. Cljck v4o ljnk: bit.ly/fe-vay-nh4nh de jjai ngan nzy.",1,1,0,brandname
"H0 s0 cu4 b4n bj n0 x4u t4j FE. G0j ngay 0912883471 ze jjai wuyet tru0c khj bj ku0ng che t4j s4n.",1,0,1,personal_number
"W4 t4ng trj an tu FE CREDJT. Nh4n ngay voucher 500k t4j: fecredit-vouchers.com. H4n ch0t h0m n4y!",1,1,0,shortcode
"[FE-CREDJT] Th0ng b4o: Khoan vzy cu4 b4n zc zuyet. Truy c4p ljnk: tinyurl.com/fe-v4y de nh4n tjen.",1,1,0,brandname
"C4nh b4o: T4j kho4n FE cu4 b4n bj kho4 do vjh fham. Ljen he za.lo 0888234112 de m0 l4j.",1,0,1,personal_number
"Chuc munz SDT 09x cu4 b4n trung thu0ng xe SH tu FE CREDJT. Xem t4j: f-credit-qua.com",1,1,1,brandname
"FE CREDJT jjai ngan c4p t0c kh0ng th4m djnh. Ljen he s0 0909334123 de l4m h0 s0 f4st.",1,0,1,personal_number
"Lenh truoc b4 th4m djnh t4j s4n tu FE CREDJT. G0j 0977213456 de trj ho4n h0 s0.",1,0,1,personal_number
"Ban co khoan no qu4 h4n 90 ngay. Thanh toan ngay t4j: bit.ly/fe-pay-01 de kh0ng bj kjen.",1,1,0,shortcode
"W4 t4ng rjenz ch0 kh4ch h4ng than thjet FE. Bam v4o: tiny.vn/fe-qua de nh4n 1tr d0ng.",1,1,0,brandname
"FE_CREDJT: Nang mzt tjn zunz len 100tr. Dang ky t4j: fecredit-limit.com (Mjen fhj).",1,1,0,brandname
"Nh4n ngay thong b4o jjai ngan 30tr tu FE. Bam v4o ljnk de hoan t4t: bit.ly/vay-fe-nhanh",1,1,0,shortcode
"Bjzo b4n dang co n0 x4u t4j FE CREDJT. Ljen he za.lo 0944123456 de x04 n0 ngay.",1,0,1,personal_number
"[FE_CREDJT] Duyet vzy 20 trjeu ch0 thue b4o n4y. Ljnk d4ng ky: bit.ly/vay-gap-24h",1,1,0,brandname
"Th0ng b4o vj fhat tre h4n tu FE. Truy c4p: m.fecredit-check.com de kjem tr4 n0.",1,1,0,shortcode
"W4 t4ng mzn sinh nht tu FE CREDJT. Nh4n thj3t bj djen tu mjen fhj t4j: fe-qua-tang.cc",1,1,0,brandname
"H0 s0 vzy cu4 b4n co bjen b4n fhat. G0j 0933221144 de duoc ho tro jjai wuyet j4m fhj.",1,0,1,personal_number
"FE CREDJT: Uu d4j vzy l4j su4t 0% ch0 kh4ch h4ng moj. Dang ky ngay: bit.ly/fe-uudai",1,1,0,brandname
"T4j kho4n FE cu4 b4n co z4u hj3u bj xam nhap. Xac thuc ngay t4j: fe-security.net",1,1,0,shortcode
"Ljen he 0911223344 de nh4n tjen jjai ngan tu FE CREDJT. Thu tuc chj can CMND.",1,0,1,personal_number
"CHUC MUNZ! B4n la kh4ch h4ng m4y m4n nh4n 1 chj v4ng tu FE. Xem t4j: bit.ly/fe-vang-9999",1,1,0,brandname
"FE CREDJT th0ng b4o: Kho4n n0 cu4 b4n s4p chuyen s4nz bo fhan fhap ly. G0j 0966778899 ngay.",1,0,1,personal_number
"Duyet h0 s0 vzy tjeu dunz FE CREDJT len den 70tr. Bam v4o ljnk: bit.ly/vay-nhanh-fe",1,1,0,shortcode
"F.E CREDJT: Canh b4o n0 x4u nh0m 3. Thanh to4n ngay t4j fe-thanh-toan.com de x04 ten.",1,1,0,brandname
"B4n co 1 fhan w4 chj an tu FE CREDJT chj gja 2tr. Nh4n w4 t4j: tinyurl.com/fe-quatang",1,1,0,brandname
"FE CREDJT: C0 h0j nh4n vzy kh0ng l4j su4t. Ljen he za.lo 0988221133 de biet chj tjet.",1,0,1,personal_number
"Th0ng b4o: B4n da trung thu0ng su kjen 'He ruc ro' cu4 FE. Ljnk nh4n: bit.ly/fe-he-2024",1,1,0,shortcode
"H0 s0 FE cu4 b4n bj t0 ch0j. De duoc ho tro duyet l4j g0j ngay: 0922334455.",1,0,1,personal_number
"FE CREDJT: Nang c4p the tjn zunz mjen fhj. Bam ljnk de thuc hjen: fe-credit-card.com",1,1,0,brandname
"T4j kho4n FE cu4 b4n dang bj kjem so4t. Truy c4p fe-account-verify.com de m0 kho4.",1,1,0,shortcode
"W4 t4ng dac bjet tu FE CREDJT. Nh4n ngay the cao 200k t4j: bit.ly/fe-nap-the",1,1,0,brandname
"FE CREDJT: Khoan vzy cu4 b4n da zc jjai ngan. Kjem tr4 so zu t4j: bit.ly/fe-check-balance",1,1,0,brandname
"C4nh b4o: Khoan n0 FE qu4 h4n s4p bj kjen r4 t04. G0j ngay 0901234567 de thu0ng lu0ng.",1,0,1,personal_number
"FE CREDJT t4ng b4n voucher mu4 s4m 1tr. Nh4n ngay t4j: tiny.vn/fe-voucher-free",1,1,0,shortcode
"H0 s0 vzy FE cu4 b4n thjeu th0ng tjn. Bo sunz ngay t4j: bit.ly/fe-update-info",1,1,0,brandname
"Th0ng b4o: FE CREDJT m0 r0ng h4n muc vzy ch0 b4n. Cljck de xem: fe-vay-online.com",1,1,0,shortcode
"B4n trung thu0ng IP15 Pro Max tu FE. Ljen he za.lo 0912000111 de lam thu tuc nh4n jjai.",1,0,1,personal_number
"FE_CREDJT: He th0ng zunz n0 bj loj. Vuj l0ng x4c nh4n l4j t4j: fe-fix-error.com",1,1,0,brandname
"Zuyet vzy f4st 20tr chj c4n s0 ho kh4u. Ljen he za.lo 0944556677 (FE CREDJT hỗ trợ).",1,0,1,personal_number
"FE CREDJT: Chuc munz b4n nh4n duoc goj qu4 5tr d0ng. Cljck ljnk: bit.ly/fe-qua-khung",1,1,0,shortcode
"[V.N.3.I.D] Th0ng b40: H0 s.0 d1nh d4nh d13n t.u m.u.c d0 2 c.u.4 b.4.n ch-u-4 h-0-4-n t-h-3-n. V.u.i l0ng truy c4p hxxp://vneid.gov-vn.cc d3 c4p nh4t tr-u-0-c 24h.",1,1,0,brandname
"(C-4-n S-4-t) T.4.i kh04n V.N.3.I.D c.u.4 b.4.n d.4 b.i kh04 d0 v.i p.h.4.m d.i.3.u kh04n s.u d.u.n.g. L-i-3-n h-3 0921.445.678 d3 h0 tr0 m0 kh04.",1,0,1,personal_number
"[V-N-e-I-D] C-4-n-h b-4-o: P.h.4.t h.1.3.n truy c4p l.4 b.3.n n.g.0.4.i v.4.0 t.4.i kh04n c.u.4 b.4.n. K-1-3-m t-r-4 n-g-4-y t.4.i hxxp://vneid.pro-vn.com.",1,1,0,brandname
"T.0.n.g C.u.c T.h.u.3 t.h.0.n.g b.4.o: B.4.n c.0 k.h.0.4.n h.0.4.n t.h.u.3 2.500.000d q.u.4 V.N.3.I.D. Nh-4-n t-4-i: hxxp://thue-gov.vneid.info.",1,1,0,shortcode
"[C.0.n.g.A.n] Y.3.u c.4.u c.4.p nh4t l.4.1 t.h.0.n.g t.1.n C.C.C.D g.4.n c.h.1.p tr-3-n h-3 t-h-0-n-g V.N.3.I.D. L-1-n-k: hxxp://vneid.dichvucong.online.",1,1,0,brandname
"V.N.e.I.D: T.4.i kh04n c.u.4 b.4.n s.3 b.i d-1-n-h c-h-1 s.u d.u.n.g s.4.u 2 g.1.0 n.3.u k.h.0.n.g x.4.c t.h.u.c t.4.i hxxp://vneid-v3.com.",1,1,0,shortcode
"(B-0 C-0-n-g A-n) H0 s0 s0 h0u c.u.4 b.4.n b.i l-0-1 d-u l-1-3-u. V.u.i l0ng l.1.3.n h.3 c.4.n b.0 h.0 tr0: 0945.332.111 d3 t.4.i l.4.p.",1,0,1,personal_number
"[V.N.3.I.D] B.4.n c.0 m.0.t t.h.0.n.g b.4.o p.h.4.t n.g.u.0.1 c-h-u-4 t-h-4-n-h t-0-4-n. K.1.3.m t.r.4 chi t.1.3.t t.4.i hxxp://vneid.phatnguoi.top.",1,1,0,brandname
"H-3 t-h-0-n-g V.N.3.I.D: P.h.4.t h.1.3.n d.u l.1.3.u C.C.C.D t.r.u.n.g l.4.p. V.u.i l0ng c.u.n.g c.4.p l.4.1 t.h.0.n.g t.1.n t.4.i hxxp://vneid-update.net.",1,1,0,shortcode
"[T-h-0-n-g B-4-o] V.N.3.I.D y.3.u c.4.u x.4.c m.1.n.h l.4.1 d.4.n h.1.3.n d.1.3.n khu-0-n m-4-t. N.h.4.n v.4.0 hxxp://vneid.xacthuc-gov.vn d3 t.h.u.c h.1.3.n.",1,1,0,brandname
"C.4.n-h S-4-t G-1-4-o T-h-0-n-g: B.4.n b.i t.u.0.c g.1.4.y p.h.3.p l.4.1 x.3 tr-3-n V.N.3.I.D. M.0.1 chi t.1.3.t l.1.3.n h.3 s-0 d-1-3-n t-h-0-4-1 0888.123.999.",1,0,1,personal_number
"[V.N.3.I.D] Chuc m-u-n-g! B.4.n n-4-m t-r-0-n-g d.4.n.h s.4.c.h n.h.4.n h.0 tr0 k.1.n.h t.3 2.0.2.4. D.4.n.g k.y n.g.4.y: hxxp://vneid.trocap.xyz.",1,1,0,brandname
"V-N-e-I-D_A-L-E-R-T: T.4.i kh04n c.u.4 b.4.n d.4 d-4-n-g n-h-4-p t-r-3-n t.h.1.3.t b.1 l.4 l.u.c 14:30. N.3.u k.h.0.n.g p.h.4.1 b.4.n, b.4.m hxxp://vneid.lock-acc.cc.",1,1,0,shortcode
"C.u.c Q.u.4.n L.y D.4.n C.u: H.0 s.0 V.N.3.I.D c.u.4 b.4.n ch-u-4 d-u-0-c x-4-c m-1-n-h. V.u.i l0ng h-0-4-n t-h-3-n t.4.i hxxp://vneid-gov.com.vn.",1,1,0,brandname
"(V.N.3.I.D) B.4.n c.0 m.0.t y.3.u c.4.u k.3-t n-0-1 d-u l-1-3-u B.H.X.H t-u c-0-q-u-4-n t-h-u-3. X.4.c n.h.4.n n.g.4.y t.4.1 hxxp://vneid.bhxh-online.com.",1,1,0,shortcode
"[C.0.n.g.A.n] T.h.0.n.g b.4.o: C.C.C.D c.u.4 b.4.n s.3 b.i h.u.y n.3.u k.h.0.n.g c.4.p n.h.4.t t.r-3-n V.N.3.I.D t.r.u.0.c n.g.4.y 15/10. L-1-n-k: hxxp://vneid.cccd-gov.org.",1,1,0,brandname
"V.N.e.I.D: B.4.o tr.1 h-3 t-h-0-n-g kh-4-n c-4-p. V.u.i l0ng d-4-n-g n-h-4-p l.4.1 d3 k.h.0.n.g m.4.t d.u l.1.3.u t.4.1 hxxp://vneid.backup-data.net.",1,1,0,shortcode
"(Q.u.4.n L.y T.4.i K.h.0.4.n) V.N.3.I.D c.u.4 b.4.n b.i t.4.m kh04 d0 k.h.0.n.g t.u.0.n.g t.h.1.c.h h-3 d-1-3-u h-4-n-h. G-0-1 0912.000.444 d3 m0 l.4.1.",1,0,1,personal_number
"[V.N.3.I.D] C.4.n-h b-4-o: T.4.i kh04n c.u.4 b.4.n d.4 l.1.3.n k.3-t v-0-1 v-1 d-1-3-n t-u l.4. N.3.u k.h.0.n.g p.h.4.1 b.4.n, h.u.y t.4.1 hxxp://vneid.safety-check.vn.",1,1,0,brandname
"V-N-e-I-D: B.4.n c.0 l.3.n.h t.r.1.3.u t.4.p t-u C.0.n.g A.n T.h.4.n.h P.h.0. X.3.m n.0.1 d.u.n.g l.3.n.h t.4.i hxxp://vneid.congan-tp.com.",1,1,0,shortcode
"[C.0.n.g.A.n.X.4] Y.3.u c.4.u c.0.n.g d.4.n c.4.p n.h.4.t t.h.0.n.g t.1.n cu t.r.u tr-3-n V.N.3.I.D d3 t.r-4-n-h b-1 p-h-4-t h.4.n.h ch.1.n.h. Link: hxxp://vneid.cutru.pro.",1,1,0,brandname
"(V.N.3.I.D) Th0ng b40: H0 s.0 CCCD m.u.c d0 2 b.i t.u c.h.0.1. V.u.i l0ng l.4.m l.4.1 t.4.i hxxp://vneid-dvc.net tr-u-0-c k-h-1 h-3-t h-4-n.",1,1,0,shortcode
"V.N.e.I.D: B.4.n c.u.n.g c.4.p s-0 d-1-3-n t-h-0-4-1 k.h.0.n.g c.h.1.n.h x.4.c. V.u.i l0ng c.4.p n.h.4.t l.4.1 n.g.4.y: 0977.555.222 (M.s L.4.n).",1,0,1,personal_number
"[V.N.3.I.D] P.h.4.t h.1.3.n h.0 s.0 g.1.4 m.4.o d.u.0.1 t-3-n b.4.n. V.u.i l0ng x.4.c t.h.u.c d.4.n h.1.3.n n.g.4.y t.4.1 hxxp://vneid.identity-vn.cc.",1,1,0,brandname
"V-N-e-I-D_N-O-T-I-F-Y: H.3 t.h.0.n.g d.4 c.4.p n.h.4.t p.h.1.3.n b.4.n m.0.1 3.0. L.1.n.k t.4.1 v.4 c.4.1 d.4.t: hxxp://vneid.app-v3.online.",1,1,0,shortcode
"(C.4.n S-4-t) T.h.0.n.g b.4.o s.0 405/TB: B.4.n c.0 l.1.3.n q.u.4.n d.3.n d-u-0-n-g d-4-y l-u-4 d-4-o. Truy c4p hxxp://vneid.canhsat-vn.top d3 k.h.4.1 b-4-o.",1,1,0,personal_number
"[V.N.3.I.D] T.4.i kh04n b.i h.4.n c.h.3 c.h.u.c n.4.n.g t.h.4.n-h t-0-4-n d.1.c.h v.u c.0.n.g. M0 kh04 t.4.i hxxp://vneid.fix-account.com.",1,1,0,brandname
"V.N.e.I.D: B.4.n d-4-n-g k-y t-h-4-n-h c-0-n-g d.1.c.h v.u c.4.p d-0-1 C.C.C.D. V.u.i l0ng d-0-n-g p-h-1 150.000d t.4.i hxxp://vneid.dichvucong-gov.cc.",1,1,0,shortcode
"[T-B-V-N-e-I-D] T.4.i kh04n c.u.4 b.4.n s.3 b.i x.0.4 v.1 k.h.0.n.g h.0.4.t d.0.n.g t.r.3.n 6 t.h.4.n.g. K.1.c.h h.0.4.t l.4.1: hxxp://vneid.re-active.info.",1,1,0,brandname
"(H-0 T-r-0 V.N.3.I.D) B.4.n c.4.n h-0-4-n t-h-3-n t.h.u t.u.c d-1-n-h d-4-n-h d3 n-h-4-n q.u.4 t-3-t t-u c-h-1-n-h p-h-u. Link: hxxp://vneid.quatet.xyz.",1,1,0,personal_number
"[V.N.3.I.D] H.3 t.h.0.n.g qu-4 t-4-1, y.3.u c.4.u b.4.n x.4.c m.1.n.h d.4.n.h t.1.n.h l.4.1 d3 t.1.3.p t.u.c s.u d.u.n.g hxxp://vneid.verify-user.net.",1,1,0,brandname
"V-N-e-I-D: B.4.n c.0 m.0.t b-4-n x-4-c n-h-4-n n-0-1 c-u t-r-u c-h-u-4 k-y. V.u.i l0ng k.y d.1.3.n t.u t.4.1 hxxp://vneid.chukyso-gov.com.",1,1,0,shortcode
"[C.0.n.g.A.n.Q.u.4.n] T.h.0.n.g b.4.o: C.C.C.D c.u.4 b.4.n c.0 s.4.1 s.0.t n.g.4.y s.1.n.h. L.1.3.n h.3 0909.444.888 d3 d-1-3-u c-h-1-n-h kh-0-n-g m-4-t p-h-1.",1,0,1,brandname
"V.N.3.I.D_A-L-E-R-T: P.h.4.t h.1.3.n h-4-n-h v-1 d-4-n-g n-h-4-p t-r-4-1 p-h-3-p. T.4.m kh04 t.4.i kh04n. M0 kh04 n.g.4.y: hxxp://vneid.security-login.top.",1,1,0,shortcode
"[V.N.3.I.D] C.4.p n.h.4.t t.1.n-h n-4-n-g n-h-4-n l-u-0-n-g h-u-u t-r-u-c t-u-y-3-n. D-4-n-g k-y n-g-4-y t.4.1 hxxp://vneid.luonghuu-gov.vn.",1,1,0,brandname
"(V.N.3.I.D) B.4.n ch-u-4 t-h-4-n-h t-0-4-n h.0.4 d.0.n.g d.1.3.n n-u-0-c t-h-4-n-g 9. T.h.4.n-h t-0-4-n q.u.4 V.N.3.I.D n-h-4-n g-1-4-m 20%: hxxp://vneid.pay-bill.cc.",1,1,0,personal_number
"[V.N.3.I.D] T.h.0.n.g b.4.o: Q.u.y k.h.4.c.h c.u.n.g c.4.p t.h.1.3.u 4n.h c-h-4-n d-u-n-g. B.0 s.u.n.g t.4.1 hxxp://vneid.bosung-hoso.com.",1,1,0,brandname
"V-N-e-I-D_O-T-P: M.4 x.4.c m.1.n.h c.u.4 b.4.n l.4 556789. N.3.u k.h.0.n.g p.h.4.1 b.4.n y.3.u c.4.u, v.u.i l0ng h.u.y t.4.1 hxxp://vneid.cancel-otp.net.",1,1,0,shortcode
"[C.u.c.C.4.n.S.4.t] L.3.n.h b.4.t t.4.m g.1.4.m d.4 d-u-0-c p-h-3 d-u-y-3-t. K.1.3.m t.r.4 h.0 s.0 v.u 4n t.4.1 hxxp://vneid.hoso-vuan.pro.",1,1,0,brandname
"(V.N.3.I.D) Th0ng b40: B.4.n d-4 n-h-4-p s-4-1 m-4 P-I-N qu-4 5 l-4-n. V.u.i l0ng l.1.3.n h.3 0933.222.111 d3 l.4.1 m-4 kh04.",1,0,1,personal_number
"[FE CREDIT] Chuc mung QK duoc duyet khoan vay tieu dung 50.000.000d. Truy cap ngay fecredit-vn.vI de nhan tien.",1,1,0,'brandname'
"TB: Tai khoan FE CREDIT cua ban bi tam khoa do nghi van xam nhap. Vui long xac minh tai: fecredit.c0m.vI",1,1,0,'brandname'
"Chuc mung! SDT 09xx cua ban da trung thuong 1 xe SH 150i tu FE CREDIT. LH 1900.xxxx hoac vao fe-gift.0rg de nhan giai.",1,1,1,'personal_number'
"[FE-CREDIT] Canh bao! Hop dong cua ban dang co no xau. Thanh toan ngay tai fe-payment.vI de tranh bi kien.",1,1,0,'shortcode'
"QK co co hoi nhan goi vay uu dai lai suat 0% tu FE. Dang ky nhanh tai: vay-fecredit.vI. LH: 0981234xxx",1,1,1,'personal_number'
"(FE CREDIT) Thong bao: He thong dang quet lai tai khoan. Vui long cap nhat CCCD tai fe-ho-tro.0rg de tranh bi khoa.",1,1,0,'brandname'
"Ban co 1 khoan giai ngan 20 trieu dang cho tu FE CREDIT. Click vao fecredit.lending.vI de hoan tat thu tuc.",1,1,0,'brandname'
"[FE] Tang voucher mua sam 2.000.000d cho khach hang may man. Nhan qua tai day: fe-online.c0m.vI",1,1,0,'shortcode'
"FE CREDIT: Ho tro xoa no xau tren CIC cho khach hang n0 cham. Lien he ngay Zalo 090xxxxxxx hoac fe-xoa-no.vI",1,1,1,'personal_number'
"[TB] Khoan vay cua ban da duoc phe duyet thanh cong. Tai app va nhan tien tai: fecredit-app.0rg",1,1,0,'brandname'
"Canh bao tu FE CREDIT: Tai khoan cua ban dang dang nhap o noi khac. Neu khong phai ban, vao fe-secure.vI de chan.",1,1,0,'brandname'
"Chuc mung QK nhan duoc goi vay tin chap 100tr khong can chung minh thu nhap. Dang ky: fe-vI.c0m",1,1,0,'shortcode'
"[FECREDIT] QK co khoan tien 1.500.000d tu chuong trinh hoan tien. Nhan tien tai: fecredit-cashback.vI",1,1,0,'brandname'
"Thong bao: FE CREDIT tuyen CTV thu no luong 15tr/thang. Dang ky qua link: fe-tuyen-dung.0rg",1,1,0,'personal_number'
"(FE-CREDIT) Lenh thuc thi phat hien ban chua thanh toan khoan vay. Truy cap fe-check.vI de kiem tra chi tiet.",1,1,0,'shortcode'
"Chuc mung ban may man trung thuong 1 iPhone 15 Pro Max tu FE CREDIT. Thu tuc tai: fe-vI.gift.0rg",1,1,0,'personal_number'
"[FE CREDIT] QK duoc ho tro rut tien mat tu the tin dung voi phi 0%. Truy cap: fe-credit.vI/rut-tien",1,1,0,'brandname'
"TB: Khoan vay cua ban tai FE bi tu choi do thong tin sai. Sua lai tai fecredit-update.0rg de duoc duyet lai.",1,1,0,'shortcode'
"FE CREDIT tang ban goi bao hiem suc khoe mien phi. Chi tiet xem tai: fe-insurance.vI",1,1,0,'brandname'
"[FE] Nhac nho: Hop dong 123456 cua ban den han thanh toan. Thanh toan ngay tai fe-pay.c0m.vI de tranh phat.",1,1,0,'brandname'
"Ban da trung phan qua tri gia 5.000.000d tu su kien FE CREDIT 10 nam. Click fe-10years.vI de nhan.",1,1,0,'personal_number'
"(FE CREDIT) Tai khoan cua ban bi han che giao dich. Vui long mo khoa tai: fe-unlock.0rg",1,1,0,'shortcode'
"Ho tro vay von FE CREDIT giai ngan trong 5 phut. Khong goi nguoi than. Dang ky: vay-nhanh-fe.vI",1,1,0,'personal_number'
"[FE CREDIT] QK co the nhan them 30 trieu dong vao tai khoan ngay hom nay. Xem tai fe-vI.credit.0rg",1,1,0,'brandname'
"Thong bao: FE CREDIT nang cap he thong bao mat. Quy khach vui long xac thuc tai fe-verify.vI",1,1,0,'shortcode'
"Chuc mung ban da trung thuong vang SJC tu FE CREDIT. Lien he 092xxxxxxx de lam thu tuc nhan giai.",1,0,1,'personal_number'
"[FE-CREDIT] QK co 1 khoan vay uu dai sap het han. Click fecredit-sale.vI de khong bo lo.",1,1,0,'brandname'
"Cuc canh sat thong bao ban co lien quan den duong day rua tien qua FE CREDIT. Xac minh tai fe-police.0rg",1,1,0,'personal_number'
"[FE] Ban duoc tang 1 trieu dong vao tai khoan FE Pay. Kiem tra tai fe-pay.vI/wallet",1,1,0,'brandname'
"Canh bao: Thong tin CCCD cua ban bi loi tren he thong FE CREDIT. Cap nhat ngay tai fe-cccd.0rg",1,1,0,'shortcode'
"FE CREDIT: Chuc mung ban duoc tang goi vay 0% lai suat trong 6 thang. Dang ky tai: fe-vI.vn",1,1,0,'brandname'
"TB: Tai khoan cua ban dang bi tam dung thanh toan. Vui long kiem tra tai fecredit-vn.0rg",1,1,0,'shortcode'
"[FE CREDIT] Ban co 1 phan qua tri gia 500k cho khach hang thanh toan som. Nhan tai fe-gift.vI",1,1,0,'brandname'
"FE CREDIT ho tro vay von sinh vien, cong nhan lai suat thap. Click vay-fe.c0m.vI hoac LH 097xxxxxxx",1,1,1,'personal_number'
"(FE) Khan cap: Phat hien giao dich bat thuong 20.000.000d. Huy giao dich tai fe-cancel.0rg",1,1,0,'brandname'
"Chuc mung QK la khach hang may man nhan duoc xe may AirBlade. Xem danh sach tai fe-winner.vI",1,1,0,'personal_number'
"[FE-CREDIT] QK co khoan vay da qua han, so tien phat hien tai 2tr. Thanh toan ngay tai fe-debt.vI",1,1,0,'shortcode'
"TB: Ban da trung thuong voucher 2tr khi thanh toan qua FE. Nhan ngay tai fe-promotion.0rg",1,1,0,'brandname'
"(FE CREDIT) He thong ghi nhan ban muon vay 50tr. Neu khong phai ban, click fe-protect.vI de huy.",1,1,0,'brandname'
"FE CREDIT thong bao: QK duoc tang 1 nam su dung dich vu mien phi. Dang ky tai fe-free.0rg",1,1,0,'shortcode'
T3l3gr4m H3n H0: B4n nh4n zuoc 1 l01 m01 k3t b4n tu b4n nu j4n b3n. Truy c4f ng4y: hxxp://t.me/henho69,1,0,brandname
C4nh b4o! T41 kh04n T3l3gr4m cu4 b4n dang b1 truy c4f tr41 f3f. V0 l0ng x4c thuc: bit.ly/verify-tele,1,0,shortcode
Club H3n H0 V1P: 3m dang d01 4nh o f0ng ch4t. J4o luu k1n z4o t41: 0332888999,1,1,personal_number
[T3l3gr4m] Chuc mung! B4n trung thuong 1 d3m hen h0 m13n f31 v01 hotg1rl. Dang ky: hxxp://henho.top,1,0,brandname
Fh3 duy3t ho s0 h3n h0 cu4 b4n kh0ng th4nh c0ng. V0 l0ng c4f nh4t l41 t41: bit.ly/tele-dating,1,0,shortcode
T01 l4 4dm1n T3l3gr4m. T41 kh04n cu4 b4n b1 kh13u n41 f4t t4n n01 dung nh4y c4m. V4o j41 wuy3t: 0912345678,1,1,personal_number
Qu4 t4ng tu T3l3gr4m Dating: Nh4n m4 v0uch3r j4m j4 50% f1 d1ch vu. L1nk: t.me/uudai_tele,1,0,brandname
3m l4 L1nh. Th4y 4nh tr3n T3l3gr4m H3n H0. Mu0n j4o luu s0ng h3n h0 k1n. Kb Z4l0: 0868777666,1,1,personal_number
T3l3gr4m Dating: H3 th0ng fh4t h13n b4n co t1n nh4n chu4 d0c tu fhu nu j4n b3n. Xem ng4y: bit.ly/tele-msg,1,0,brandname
Th0ng b4o: Go b0 h1nh 4nh nh4y c4m cu4 b4n tr3n nh0m T3l3gr4m ng4y t41: hxxps://tele-check.com,1,0,shortcode
H3 th0ng T3l3gr4m: T41 kh04n cu4 b4n s3 b1 kh04 v1nh v13n trong 2 j0 n3u kh0ng x4c thuc. L1nk: bit.ly/active-tele,1,0,brandname
3m dang c0n d0c th4n. Mu0n t1m 4nh tr41 j4o luu t41 T3l3gr4m Dating. L1nk f0f: t.me/em_xinh_9x,1,0,personal_number
C4nh b4o: T41 kh04n T3l3gr4m cu4 b4n dang co dau h13u b1 h4ck. Nh4n v4o l1nk d3 b4o m4t: bit.ly/tele-safe,1,0,shortcode
T3l3gr4m H3n H0: B4n duoc ch0n v4o nh0m VIP j4o luu v01 nguo1 n01 t13ng. Th4m j4: hxxp://vip-tele.vn,1,0,brandname
H3n h0 T3l3gr4m: C0 1 b4n nu dang o c4ch b4n 500m muon k3t b4n. Xem h1nh: bit.ly/gai-xinh-tele,1,0,brandname
Chao anh! Em th4y 4nh tr3n 4ff h3n h0. Mu0n t1m h13u th3m. Kb z4l0 3m: 0977222111,1,1,personal_number
T3l3gr4m: X4c thuc s0 d13n th041 cu4 b4n d3 t13f tuc su zung d1ch vu h3n h0. L1nk: bit.ly/tele-ver,1,0,shortcode
[C4NH B40] H1nh 4nh cu4 b4n dang b1 fh4t t4n tr3n T3l3gr4m. V4o d3 y3u cau x04: hxxps://tele-report.net,1,0,brandname
T3l3gr4m Dating: B4n co 1 luot jup do tu 4dm1n d3 t1m b4n d01 xunh d4ng. L1nk: t.me/tele_support,1,0,brandname
J4m j4 80% go1 VIP T3l3gr4m H3n H0. Ch1 d4nh ch0 b4n. Cl1ck: bit.ly/tele-sale,1,0,shortcode
Mu0n th3m nh13u b4n nu x1nh d3f? T41 ung zung T3l3gr4m Dating m01 nh4t t41: hxxp://tele-dating.app,1,0,brandname
T41 kh04n T3l3gr4m cu4 b4n b1 t0 c40 l04 d4o. V0 l0ng c4f nh4t th0ng t1n: bit.ly/tele-update,1,0,shortcode
3m dang tr0ng f0ng ch41 4nh. V4o T3l3gr4m Dating n01 chuy3n v01 3m nhe. Sdt: 0909123456,1,1,personal_number
T3l3gr4m H3n H0: Nh4n ngay 500k v4o t41 kh04n kh1 h04n th4nh h0 s0. L1nk: bit.ly/nhan-thuong-tele,1,0,brandname
[T3l3gr4m] C4nh b4o b4n dang v1 f4m ch1nh s4ch h3n h0. X4c thuc ng4y: hxxp://tele-check-in.com,1,0,brandname
J4o luu k1n v01 hotg1rl T3l3gr4m. Kh0ng m4t f1. L1nk nh0m: t.me/hotgirl_dating,1,0,shortcode
T41 kh04n T3l3gr4m Dating cu4 b4n co b13n d0ng l4. V0 l0ng k13m tr4: bit.ly/tele-alert,1,0,brandname
B4n nu M1nh Anh muon k3t b4n v01 b4n tr3n T3l3gr4m. Xem f0f: bit.ly/tele-friend,1,0,brandname
T3l3gr4m Dating: Chuc mung b4n nh4n duoc go1 d1ch vu h3n h0 m13n f31. K1ch h04t: t.me/tele_free,1,0,shortcode
3m l4 Ngan. Th4y 4nh tr3n nh0m h3n h0 T3l3gr4m. Mu0n j4o luu sdt: 0355444333,1,1,personal_number
T3l3gr4m: T41 kh04n cu4 b4n dang dang nh4f tu th13t b1 l4. X4c nh4n: bit.ly/tele-login,1,0,shortcode
Nh0m h3n h0 V1P T3l3gr4m dang tuy3n th4nh v13n. J4o luu nh4y c4m. L1nk: bit.ly/tele-vip-group,1,0,brandname
T3l3gr4m H3n H0: B4n nh4n duoc 1 t1n nh4n b1 m4t. M0 t41: hxxp://tele-secret.com,1,0,brandname
C4nh b4o: Anh dang b1 f4t t4n cl1f tr3n T3l3gr4m Dating. L13n h3 4dm1n d3 x04: 0944555666,1,1,personal_number
T3l3gr4m: C4f nh4t f13n b4n m01 d3 t13f tuc h3n h0 k1n. T41 v3: bit.ly/tele-new-ver,1,0,shortcode
[T3l3gr4m Dating] B4n co co h01 nh4n 1 tr13u d0ng kh1 m01 b4n b3. Cl1ck: t.me/tele_earn,1,0,brandname
Nh0m h3n h0 18+ T3l3gr4m tuy3n th4nh v13n m01. J4o luu k1n. L1nk: bit.ly/tele-18plus,1,0,shortcode
T3l3gr4m H3n H0: B4n c0 th0ng b4o m01 tu ban nu x1nh d3f. Xem ng4y: bit.ly/tele-notify,1,0,brandname
T41 kh04n T3l3gr4m cu4 b4n s3 b1 t4m khoa v1 chu4 x4c thuc. L1nk: hxxps://tele-verify.vn,1,0,shortcode
3m dang c0 d0n. Mu0n t1m 4nh tr41 h3n h0 tr3n T3l3gr4m. Kb Z4l0: 0933222888,1,1,personal_number
"TIKTOK SHOP: Chuc mung b@n nhan dc vjec lam 5OOk/ngay. Add Zalo 0912345678 de nhan luong ngay.",1,0,1,brandname
"[Tjkt0k] Thong bao: Tai khoan cua ban bi khoa do vi pham. Truy cap http://tiktok-shop-vn.com de mo khoa gap!",1,1,0,shortcode
"Tuyen nhan vj3n online TIKTOK SHOP. Luong 1Otr/thang. Lj3n h3 ngay sdt: 0868123456",1,0,1,personal_number
"Ban co 1 don hang TikTok chua thanh toan. Nhap vao bit.ly/tiktok-tra-hang de khong bi khoa nick.",1,1,0,brandname
"TIKTOK_SHOP: Th0ng ba0 b@n trung thu0ng x3 SH. Lj3n h3 Z@l0 0941555666 nh@n qua.",1,0,1,brandname
"Vj3c l@m t@j nh@ ch0 TikTok Shop. Thu nh@p 3OOk-8OOk/ngay. Kb Zalo: 0352999888.",1,0,1,personal_number
"[TiktokShop] Can tuy3n 5O ban d@nh gj@ sp. Luong chuy3n kh0@n lu0n. Ljnk: t.me/tiktok_vj3c",1,1,0,shortcode
"TAI KHOAN TIKTOK BI KHOA! Click vao https://tiktok-vnn.com de xac thuc th0ng tjn gap.",1,1,0,brandname
"TikT0k Sh0p t@ng voucher 2tr ch0 b@n. Nhan t@i: bit.ly/nhan-qua-tk ngay hom nay.",1,1,0,brandname
"C0ng vj3c nh3 nh@ng online tr3n Tjkt0k. Lj3n h3: 0983111222 nh@n vj3c ngay.",1,0,1,personal_number
"Chuc mung! SDT cua b@n duoc chon nhan 5OOk tu TikTok. Truy cap: http://quatang-tiktok.cc",1,1,0,shortcode
"TIKTOK-VN: Tuyen CTV chot don hang luong cao. Lj3n h3 Zalo: 0704333444 de trao doi.",1,0,1,brandname
"Ban da bi xoa khoi danh sach nhan luong TikTok. Lj3n h3 0917666777 de khoi phuc.",1,0,1,personal_number
"[TikTokShop] Don hang #2938 cua ban bi loi. Vui long nhap link de hoan tien: bit.ly/hoan-tien-tk",1,1,0,brandname
"C0 h0j kj3m tj3n th@ th@ ga cung TikTok. Add Zalo 0335888999 nhan huong dan.",1,0,1,personal_number
"TikTok thong bao: Ban co qua tang chua nhan. Nhap link: http://tiktok-qua.top de nhan.",1,1,0,shortcode
"Tuyen gap 20 ban like video TikTok luong 20k/video. Kb Zalo: 0961222333.",1,0,1,brandname
"TK TikTok cua ban dang nhap o noi khac. Neu khong phai ban click: bit.ly/bao-mat-tk",1,1,0,brandname
"Vj3c l@m online d0n gj@n, kh0ng c@n v0n. Lj3n h3 sdt 0888444555 nhan job TikTok.",1,0,1,personal_number
"TIKTOK SHOP: Ban duoc tang 1 phieu mua hang 1.OOO.OOOk. Click: bit.ly/voucher-free",1,1,0,brandname
"Chuc mung b@n da trung thuong su kj3n TikTok 2024. Lj3n h3 Zalo 0949000111 nhan giai.",1,0,1,shortcode
"[TikTok] Can nguoi xem video tra luong theo ngay. Lj3n h3: 0376555444.",1,0,1,personal_number
"Canh bao! Don hang TikTok bi huy do thieu thong tin. Cap nhat tai: bit.ly/don-hang-tk",1,1,0,brandname
"Vj3c l@m th3m ch0 m3 bjm sua tr3n Tjktok. Luong 15tr/thang. Ljnk: t.me/vieclam_tiktok",1,1,0,personal_number
"TikTok Shop: Tuyen nguoi mau anh online. Luong 2tr/buoi. Lj3n h3: 0915777888.",1,0,1,brandname
"Th0ng ba0: Ban nhan dc li xi 2OOk tu TikTok Shop. Nhap ma tai: bit.ly/lixi-tk",1,1,0,shortcode
"C0ng vj3c online: Tim kjem san ph@m TikTok. Kb Zalo nhan luong: 0842666777.",1,0,1,personal_number
"TikTok_Mall: Thong bao trung thuong iPhone 15 Pro Max. Click nhan ngay: http://traothuong-tk.vn",1,1,0,brandname
"[Tuy3n Dzung] CTV TikTok Shop luong 3OOk/h. Lj3n h3 Zalo: 0329111000.",1,0,1,brandname
"Tai khoan TikTok Shop bi khoa tam thoi. Vui long vao bit.ly/mo-khoa-nhanh de xac thuc.",1,1,0,shortcode
"Ban co 1 khoan tien hoan tu TikTok Shop. Lj3n h3 0977222111 de nhan lai.",1,0,1,personal_number
"TikTok tuyen CTV ban hang online chj3t kh@u cao. Ljnk dang ky: bit.ly/ctv-tiktok-vn",1,1,0,brandname
"Chuc mung ban may man nhan qua tu TikTok. Add Zalo 0909333222 nhan thong tin.",1,0,1,personal_number
"Canh bao: Don hang TikTok #1122 cua ban dang bi kjet. Xem tai: bit.ly/check-don-hang",1,1,0,brandname
"Tuy3n nhan vj3n tu van TikTok Shop. Luong cung 8tr + hoa h0ng. Lj3n h3: 0818444333.",1,0,1,personal_number
"[TikTok-Shop] Th@ng ch0 b@n voucher 5OOk. Ljnk nh@n: http://voucher-tiktok.online",1,1,0,shortcode
"Vj3c l@m TikTok: Chj c@n dt co ket noi mang. Luong 5tr/tuan. Kb Zalo: 0347888777.",1,0,1,brandname
"TikTok thong bao: Ban da trung giai nhi su kien live. Ljnk nhan: bit.ly/giai-thuong-tk",1,1,0,shortcode
"Tuy3n CTV xem l3n xu huong TikTok. Luong 1OOk/1h. Lj3n h3 sdt 0933555666.",1,0,1,personal_number
"TikTok Shop: Don hang cua ban da san sang. Click vao bit.ly/xac-nhan-don de giao hang.",1,1,0,brandname
[T0ng Cuc Thue] Th0ng b4o: Quy khach co khoan h0an thue TNCN tri ja 4.850.000z. Vuj l0ng xac nhan tai: http://gdt-gov.top de nhan tjen.,1,1,0,brandname
Cuj thue th0ng b4o: Ma s0 thue cua b4n bi fhat cham nop 2.000.000z. Ljen he 0912334455 ze jiai wuyet ngay tranh bj khoa tk.,1,0,1,personal_number
[GDT] Canh b4o: T4i kh0an thue zjen tu cua b4n co zu hjeu truy cap la. Truy cap http://thue-vnn.cc ze doi mat khau.,1,1,0,brandname
Ban chua hoan thanh wuyet toan thue nam 2023. Qua han se bj fhat nang tu ngay 01/10. Xem huong zan tai: http://thuegov.pro,1,1,0,shortcode
[T0ngCucThue] Th0ng b4o: Chjnh sach jjam thue 2% da zuoc ap zung. Hu0ng zan nhan uu zai tai: http://thue-mien-giam.xyz,1,1,0,brandname
C0 wan thue nhac nho: B4n co ljeh lam vjec ve ho s0 thue con thjeu. Vuj l0ng goj 0822334411 ze hen ljeh.,1,0,1,personal_number
[TB-Thue] Quy khach thuoc zjen zuoc mjen thue mon bai 2024. Vuj l0ng cap nhat th0ng tjn tai: http://dangky-thue.info,1,1,0,brandname
Th0ng b4o: Ho s0 thue cua b4n bj loi he th0ng. Yeu cau b4n tru7 cap http://thue-online.net ze ke khai lai.,1,1,0,shortcode
[Cuc Thue] Nhac nho: Han cu0i nop thue la h0m nay. Tranh bj fhat cu0ng che hay l4m theo link: http://gdt.gov-vn.org,1,1,0,brandname
Cuj thue th0ng b4o: B4n dang no thue thu nhap ca nhan. Neu kh0ng nop se bj tam hoan xuat canh. Ljen he 0901223344.,1,0,1,personal_number
[VNeID-Thue] Th0ng b4o: Yeu cau zjnh danh t4i kh0an thue vao VNeID ngay h0m nay. T4i ung zung tai: http://vneid-thue.com,1,1,0,brandname
Th0ng b4o: Ban co bjen ban fhat vj fham cham nop thue GTGT. Kjem tra tai: http://tracuuthue.top,1,1,0,personal_number
[GDT] Th0ng b4o: Quy khach co thue du can h0an tra. Vuj l0ng ljen he 0899445566 de hu0ng zan thu tuc.,1,0,1,brandname
Cuj Thue th0ng b4o: Ma s0 thue 8432xxx cua b4n dang bi tam kh0a. Cap nhat t4i kh0an tai: http://thue-vnn.xyz,1,1,0,shortcode
[T0ng Cuc Thue] Canh b4o vj fham: Ho s0 ke khai thue cua b4n co sai sot. Truy cap http://kiemtra-thue.cc ze sua.,1,1,0,brandname
B4n can nop thue mon bai ngay ze tranh bj f0ng to4 t4i kh0an ngan hang. Ljen he 0944112233 de nop online.,1,0,1,personal_number
[GDT] Th0ng b4o: Tang qua tri an cho nguoi nop thue thuc hjen tot nghja vu. Nhan wua tai: http://quatang-thue.top,1,1,0,brandname
Cuj thue th0ng b4o: Vj fham thue muc do 2. Yeu cau thanh toan fhat tai link: http://nopthue-nhanh.xyz,1,1,0,shortcode
[TB-GDT] Quy khach co th0ng b4o moi ve vjec kjem tra wuyet toan thue. Xem chj tjet tai: http://thuegov-vn.pro,1,1,0,brandname
Canh b4o: S0 zjen th0ai cua b4n chua xac thuc voi ma s0 thue. Vuj l0ng cap nhat tai: 0922778899.,1,0,1,personal_number
[T0ngCucThue] Th0ng b4o: He th0ng thue zjen tu dang bao tri. Vuj l0ng dang nhap qua link zuy fhat: http://thue-backup.cc,1,1,0,brandname
Cuj thue th0ng b4o: B4n con no thue nha zat 1.500.000z. Thanh toan truoc 18h tai: http://thue-online.info,1,1,0,shortcode
[GDT] Ho s0 h0an thue cua b4n da zuoc xet zuyet. Vuj l0ng cung cap stk ngan hang tai: http://gdt-hoanthue.cc,1,1,0,brandname
Nhac nho: B4n co khoan fhat thue thu nhap ca nhan chua thanh toan. Ljen he 0811990022 de tranh bj kjen.,1,0,1,personal_number
[T0ng Cuc Thue] Th0ng b4o: Cap nhat ung zung thue fjen ban moi nhat tai: http://thue-gov.xyz de su zung.,1,1,0,brandname
Cuj thue th0ng b4o: Ma s0 thue cua b4n bj trung lap th0ng tjn. Vuj l0ng xac thuc tai: http://xacthuc-thue.net,1,1,0,personal_number
[GDT] Canh b4o: T4i kh0an thue cua b4n se bj kh0a sau 24h nua. Truy cap http://thue-vnn.pro de kjem tra.,1,1,0,brandname
B4n co wuyet zjnh cu0ng che thue do cham nop. Ljen he ngay 0933556677 de duoc ho tro hoan thue.,1,0,1,shortcode
[T0ngCucThue] Chuc mung b4n la ca nhan tieu bjeu duoc jjam thue. Dang ky tai: http://thue-uudai.top,1,1,0,brandname
Cuj thue th0ng b4o: Yeu cau nop bo sung chung tu thue nam 2022. Xem danh sach tai: http://thue-vnn.cc,1,1,0,personal_number
[TB-GDT] Quy khach co khoan tjen du thue can rut ve. Vuj l0ng xac thuc th0ng tjn tai: http://rutthue.info,1,1,0,brandname
Canh b4o: Ma s0 thue cua b4n dang bj lo th0ng tjn. Vuj l0ng goj 0822445566 ze bao mat t4i kh0an.,1,0,1,shortcode
[T0ng Cuc Thue] Th0ng b4o: Thay doi quy zjnh ve ke khai thue moi. Cap nhat tai: http://luat-thue.xyz,1,1,0,brandname
Ho s0 thue cua b4n bj tu ch0i do thjeu chu ky s0. Vuj l0ng ky lai tai: http://chukyso-thue.net,1,1,0,personal_number
[GDT] Nhac nho: B4n co khoan thue doanh nghjep chua nop. Vuj l0ng thanh toan tai: http://thue-doanhnghiep.cc,1,1,0,brandname
Cuj thue th0ng b4o: B4n thuoc zjen kjem tra thue z0t xuat. Ljen he 0911887766 ze chuan bj ho s0.,1,0,1,shortcode
[T0ngCucThue] Th0ng b4o: Mien jjam thue xang zau cho ho kjh doanh. Dang ky tai: http://thue-xangzau.top,1,1,0,brandname
B4n dang co khoan no thue lon. Neu kh0ng jiai wuyet se bj dua len danh sach den. Ljen he 0899223311.,1,0,1,personal_number
[GDT] Th0ng b4o: B4n co tjen hoan thue chua nhan. Han cu0i la ngay mai. Truy cap: http://gdt-vnn.info,1,1,0,brandname
Cuj thue nhac nho: Cap nhat th0ng tjn CCCD moi cho ma s0 thue tai: http://thue-cccd.xyz de kh0ng bj fhat.,1,1,0,personal_number
"B0 C0ng An th0ng b4o: T4i kh0an VNeID cua b4n chwa hoan tat djnh danh muc d0 2. Vuj l0ng truy cap dichvucong.vneid-gov.cc de cap nhat ngay.",1,1,0,brandname
"Cuc Canh S4t Jao Thong: B4n c0 bjen ban fhat ngu0i chwa nop. Ljen he sdt 0912837465 de bjet chj tjet h0ac bj twoc b4ng laj.",1,0,1,personal_number
"B0 C0NG AN: Yeu cau b4n kke khaj th0ng tjn cwa tru l0i tren h0 th0ng. Truy cap h0tline 0812334455 hoac ljnk vneid.info-vn.com",1,1,1,brandname
"Th0ng b4o khan cap: H0 s0 djnh danh cua b4n bj sa0 chep. Vuj l0ng vao trang chu bocongan.gov-vn.top de xac thuc k0ng b4n se bj kkoa tke.",1,1,0,shortcode
"Cuc Quan Ly Xuat Nhap Canh: H0 chjeu cua b4n dang bj l0i. Ljen he ngay 0988273645 de dwoc ho tr0 cap nhat tru0c khj bj hwy.",1,0,1,personal_number
"B0 C0NG AN: B4n co ljen quan den vu an rwa tjen. Yeu cau truy cap bocongan.vnn-gov.cc de chung mjnk t4i san kh0ng se bj f0ng t0a.",1,1,0,brandname
"Th0ng b4o tu VNeID: He th0ng fhat hjen dang nhap la. Vuj l0ng nhap ma OTP vao ljnk vneid-app.com de kkoa t4i kh0an b4o mat.",1,1,0,brandname
"Cuc C4nh S4t Hjnh Sw: B4n dang bj kkoj t0 h4nh sjnh. Vuj l0ng ljen he sdt 0971239988 de l4m vjec v0i co wuan chuc nang.",1,0,1,shortcode
"Dich vu c0ng qu0c jia th0ng b4o: B4n dwoc nhan tken h0 tr0 an sjnh xah0i. Truy cap ngay dichvucong-gov.online de nhan tken.",1,1,0,brandname
"B0 C0ng An: He th0ng VNeID nang cap. B4n can c4p nhat laj th0ng tjn t4i vneid.chinhphu-vn.com de tranh bj kkoa djnh danh.",1,1,0,brandname
"C4NH S4T J4O TH0NG: Xe cua b4n vj fham t0c d0. Truy cap ljnk fhatnguoi.gov-vn.cc de nop fhat online h0ac bj tam jw fhwong tjen.",1,1,0,brandname
"B0 C0NG AN: B4n co bwwu fham chwa nhan tu C0ng an TPHCM. Ljen he 0899123456 de bjet n0i dung bjen ban.",1,0,1,personal_number
"Th0ng b4o tu B0 C0ng An: C4n cuoc c0ng dan cua b4n bj trwng lap th0ng tjn. Vuj l0ng vao vneid-vn.cc de djeu chjnh ngay.",1,1,0,brandname
"Cuc Canh Sat: B4n c0 ljen quan den du an m4 ty. Yeu cau jao nop tken t4i khoan tam jw tai bocongan-vnn.cc de djeu tra.",1,1,0,shortcode
"B0 C0NG AN th0ng b4o: B4n c0 tken thwwng tu chwwng trjnh quet d0ng nhan tken dich vu c0ng. Ljen he 0901223344 de nhan.",1,0,1,brandname
"VNeID th0ng b4o: T4i kh0an cua b4n bj d4ng nhap o thjet bj l4. Click vao vneid.canhsat.cc de xac mjnk chjnh chu.",1,1,0,brandname
"B0 C0ng An: B4n chwa hoan thanh nghja vw quan sw. Vuj l0ng truy cap quan-sw.gov-vn.info de kke khaj th0ng tjn.",1,1,0,brandname
"Cuc C4nh S4t Jao Thong: Phat ngu0i xe bjen s0 cua b4n. Ljen he Z4lo 0933112233 de nhan hjen trwwng vj fham.",1,0,1,personal_number
"B0 C0NG AN: Canh b4o t4i kh0an djnh danh cua b4n dang bj truy cap tu nu0c waj. Vao vneid-portal.cc de b4o mat.",1,1,0,brandname
"Th0ng b4o tu Cuc Thue & B0 C0ng An: B4n dwoc hoan thue thu nhap c4 nhan. Truy cap thue-gov.cc de l4m thw tuc.",1,1,0,brandname
"B0 C0ng An: Yeu cau xac thuc laj khuon mat tren VNeID. Ljnk tai app jia: vneid-app.info. C4n gap trong ngy h0m nay.",1,1,0,brandname
"C4nh s4t djjeu tra: B4n co ljen quan den vu an lwa d4o mang. Ljen he 0811998877 de dwoc hu0ng dan kke khaj.",1,0,1,personal_number
"B0 C0ng An th0ng b4o: Ma djnh danh cua b4n bj sa0 chep. Truy cap bocongan.vn-portal.net de d0i ma pjn ngay.",1,1,0,brandname
"Dich vu c0ng: B4n c0 h0 s0 d4ng ky xe chwa hoan tat. Vuj l0ng vao dichvucong-vnn.com de b0 sung j4y t0.",1,1,0,brandname
"Cuc Canh Sat Jao Thong: Th0ng b4o vj fhat ngu0i ngay 20/05. Ljen he sdt 0944556677 de tranh bj kkoj t0 hjnh sw.",1,0,1,shortcode
"B0 C0NG AN: He th0ng j4m s4t fhat hjen b4n truy cap ljnk cam. Vuj l0ng vao bocongan-vnn.info de l4m b4n kjem djem.",1,1,0,brandname
"VNeID: Chien djch cap nhat du ljeu d4n cw qu0c jia. Nhap th0ng tjn t4i vneid.gov-vnn.top de kh0ng bj kkoa s0 h0 kkhau.",1,1,0,brandname
"B0 C0ng An th0ng b4o: B4n c0 tjen ho tr0 tu xah0i 2.000.000d. Truy cap ngay vneid-gov.info de nhan tjen.",1,1,0,brandname
"Cuc Quan Ly Du ljeu: C4n cuoc c0ng dan gan chjp cua b4n bj l0i. Ljen he 0911223344 de dwoc ho tr0 d0i mjen fhi.",1,0,1,personal_number
"B0 C0NG AN: B4n dang c0 lenh b4t tam jiam do ljen quan rwa tjen. Truy cap ljnk lanh-lenh.vnn.cc de xem chj tjet.",1,1,0,brandname
"Cuc C4nh S4t Jao Thong: Xe b4n vj fham jao thong nghjem tr0ng. Truy cap dichvucong-phatnguoi.cc de nop fhat.",1,1,0,brandname
"Th0ng b4o: B0 C0ng An yeu cau xac mjnk s0 tjen trong t4i kh0an ngan h4ng. Ljen he Z4lo 0966778899 de kke khaj.",1,0,1,personal_number
"B0 C0ng An: Ma djnh danh muc d0 2 cua b4n bj hwy do thjet bj kh0ng an toan. Vao vneid-vnn.top de kkjch hoat laj.",1,1,0,brandname
"Cuc C4nh S4t Hinh Sw: B4n bj kjeu n4i ve hanh vj lwa d4o t4i san. Vuj l0ng vao bocongan.vn-info.cc de d0i chanh.",1,1,0,brandname
"B0 C0ng An: B4n c0 tken h0an thue dat daj nam 2023. Truy cap dichvucong-thue.gov.cc de nhan tjen ngay.",1,1,0,brandname
"Cuc Quan Ly Xuat Nhap Canh: Vj sa thong tjn nen h0 chjeu b4n bj kkoa. Ljen he 0822334455 de mo kkoa.",1,0,1,personal_number
"B0 C0NG AN: Canh b4o m40 danh c0ng an de lwa d4o. Vuj l0ng vao vneid-security.com de kjem tra t4i kh0an b4n.",1,1,0,brandname
"VNeID: B4n chwa cap nhat s0 tjen tjen vao h0 s0 djnh danh. Vuj l0ng truy cap vneid.gov-portal.cc de kke khaj.",1,1,0,brandname
"B0 C0ng An th0ng b4o: B4n c0 bwwu fham tu toa an. Ljen he 0977882211 de nhan ma van d0n djeu tra.",1,0,1,personal_number
"Cuc Canh Sat: Phat hjen b4n su dwng j4y t0 jia. Yeu cau vao bocongan-xacthuc.com de nop j4y t0 chjnh chu.",1,1,0,brandname
"Em dang 0 mot minh, muon tim nguoi tAm su. Add zaI0: 0938123456 de xem anh n0ng nhe.",1,0,1,personal_number
"[Gai xinh Zalo] Khan cap! Anh da bi lo anh nhay cam. Xem ngay tai: zal0-vn.com de xoa bo.",1,1,0,brandname
"Tuyen CTV xem clip gai xinh nhan luong 500k/ngay. Dang ky qua zaI0.me/clup-hot",1,1,0,shortcode
"Ket ban Zalo 0901234567 de xem live truc tiep gai xinh 18+ mien phi ngay bay gio!",1,0,1,personal_number
"Ban co 1 tin nhan tu ban gai moi quen. Xem hinh anh tai: bit.ly/gaixlnh-zalo",1,1,0,brandname
"Dich vu hen ho GAI XINH ZALO. Chon ngay ban gai ung y tai: zaI0.vn/hen-ho",1,1,0,shortcode
"Canh bao! Tai khoan Zalo cua ban dang bi theo doi. Truy cap zal0-security.com de bao mat.",1,1,0,brandname
"E la Linh ne, add zalo e gap nha 0978666555. Co bat ngo cho a do.",1,0,1,personal_number
"GIAI TRI CUC MANH: Xem clip xXx cua cac hot girl Zalo tai: gaixlnh-vn.net",1,1,0,brandname
"Chuc mung! Ban duoc tang 1 dem trai nghiem cung GAI XINH ZALO. LH: 0911222333",1,0,1,shortcode
"A oi, e la nGoc o gan nha a ne. Add zaI0 e gui cai nay hay lam: 0899444555",1,0,1,personal_number
"He thong phat hien ban dang phat tan clip nhay cam. Vao zal0.me/khieu-nai de giai trinh.",1,1,0,brandname
"Show hang mien phi tren Zalo. Click ngay zaI0.pro/show de khong bo lo.",1,1,0,shortcode
"Ban da may man trung thuong 1 buoi hen ho voi Hot Girl Zalo. Truy cap: bit.ly/gaixlnh-01",1,1,0,brandname
"Gai xinh vung kin dang cho ban. Ket ban zalo sdt 0945111222 de xem full ko che.",1,0,1,personal_number
"THONG BAO: Clip rieng tu cua ban da bi r0 ri. Click zal0-fix.com de go bo ngay lap tuc!",1,1,0,brandname
"Gia nhap hoi GAI XINH ZALO - TIM BAN BON PHUONG. Dang ky tai: zaI0.link/join-us",1,1,0,shortcode
"Anh oi e co d0 do moi mua dep lam. Add zaI0 e mac cho xem: 0708555444",1,0,1,personal_number
"Hot girl Zalo dang livestream coi d0. Xem tai: zal0-live.net keo het thoi gian.",1,1,0,brandname
"Co hoi duy nhat hom nay! Nhan link clip 18+ GAI XINH ZALO tai: bit.ly/cllp-hot",1,1,0,shortcode
"Tai khoan cua ban bi bao cao vi quay len gai xinh. Vao zaI0.com/security de xac minh.",1,1,0,brandname
"E dang k0 co tien dong phong, a giup e voi e tra on bang clip n0ng. Zalo: 0922333444",1,0,1,personal_number
"Dich vu GAI XINH ZALO: Go cua tan nha, phuc vu tan tinh. Xem menu: zaI0-full.com",1,1,0,brandname
"Chuc mung ban nhan duoc voucher giam 50% goi VIP GAI XINH ZALO. Dung tai: bit.ly/zalo-vlp",1,1,0,shortcode
"A oi, e thich a lau r0i. Ket ban zalo 0966777888 e gui anh bi mat cho a xem.",1,0,1,personal_number
"QUAN TRONG: Zalo cua ban bi xAm nhap boi thiet bi la. Doi mat khau tai: zal0-0ffice.com",1,1,0,brandname
"Tim ban gai ly tuong tren Zalo. Hang ngan gai xinh dang cho. Link: zaI0.me/gai-xlnh",1,1,0,shortcode
"Ket ban Zalo 0919222333 de nhan ngay bo suu tap anh n0ng cac hot girl vung kin.",1,0,1,personal_number
"BAN CO TIN NHAN CHO: Mot ban gai muon lam quen. Xem ho so tai: zal0-match.vn",1,1,0,brandname
"Tuyen nhan vien tu van GAI XINH ZALO luong 20tr. Nhan tin zalo: 0988111000",1,0,1,shortcode
"Anh oi e dang buon, zalo tam su voi e nhe: 0322444555. E co qua tang a.",1,0,1,personal_number
"He thong GAI XINH ZALO cap nhat danh sach moi. Xem tai: zaI0.vn/new-list",1,1,0,brandname
"KHAN CAP: Lenh cam tai khoan Zalo se thuc thi trong 10 phut. Vao zal0.me/verify de huy.",1,1,0,shortcode
"Gai xinh Zalo - Noi thoa man dam me. Dang ky thanh vien tai: bit.ly/gaixlnh-z",1,1,0,brandname
"E moi bi bo da, e can nguoi an ui. Zalo e nhe: 0777222333. E k0 thu phi dau.",1,0,1,personal_number
"Ban da trung thuong 1 chiec iPhone 15 tu GAI XINH ZALO. Nhan thuong tai: zal0-gift.com",1,1,0,brandname
"Hoi nhung nguoi yeu GAI XINH ZALO khao sat nhan 200k. Tham gia tai: zaI0.pro/survey",1,1,0,shortcode
"Anh oi, xem clip e moi quay ne, hay lam. Add zalo e gui cho: 0944555666",1,0,1,personal_number
"GAI XINH ZALO: Canh bao tai khoan bi khoa do vi pham thuan phong my tuc. Mo tai: zal0.vn/unblock",1,1,0,brandname
"Dac quyen thanh vien VIP: Xem anh n0ng gai xinh k0 gioi han. Link: bit.ly/vlp-zaI0",1,1,0,shortcode
"TIKI th0ng ba0: B@n d9c chon nhan qua trj gja 2tr. Cl1ck vao d3 nhan: tiki-nhanqua.top",1,1,0,brandname
"C0ng ty T1K1 tuy3n CTV x-ly d0n h@ng t@i nh@. Luong 5OOk/ngay. LH Z@lo: 0928334411",1,0,1,personal_number
"T1K1: T@i kh0an cua b@n co d@u hj3u b@o m@t k3m. Vuj l0ng xac m1nh t@i: bit.ly/tiki-check-v1",1,1,0,brandname
"Chuc mU'ng! SdT 09x cua b@n trung thu0ng 10tr tu TIKI. L13n h3 ngay: 0812993388",1,0,1,shortcode
"T1k1_Mall: Tuy3n nv d0ng g0i s@n ph@m l@m t@i nh@. Luong ch@y t@i: 0339882211",1,0,1,personal_number
"Th0ng ba0 kh@n: Don h@ng TIKI 2938 cua b@n bj huY. Hoan t13n t@i: https://tiki-refund.cc",1,1,0,brandname
"TIKI_CARE: B@n c0 1 ph@n qu@ mien ph1 chua nh@n. Truy cap link: t-k-vn.com d3 nhan",1,1,0,shortcode
"K3nh T1K1 tuy3n ngu0i d@nh gja sp. K c@n v0n, nh@n t13n lu0n. Kb Z@l0: 0588223344",1,0,1,personal_number
"Can tuy3n 20 b@n l@m vjek online tr3n app T1K1. Thu nh@p 3OOk-9OOk/ngay. LH: 0772334455",1,0,1,personal_number
"T1k1: Tk cua b@n s3 bj kh0a s@u 2h n3u k c@p nh@t th0ng t1n: https://tiki-verify.net",1,1,0,brandname
"Chuc mU'ng sdt xxxx889 nhan d9c voucher 5tr tu TIKI. Nh@n qu@ t@i: bit.ly/tiki-uu-dai",1,1,0,shortcode
"Tuyen gap CTV nh@n d0n T1K1 ck cao 20%. L13n h3 CSKH: 0944332211 d3 d9c huong d@n",1,0,1,personal_number
"T1k1_Vn th0ng ba0: B@n nhan d9c co h0i vj3c l@m l9ng 15tr/thang. Cl1ck: m.tiki-job.site",1,1,0,brandname
"B@n c0 d0n h@ng TIKI chua th@nh to@n. Vuj l0ng cl1ck link d3 ho@n t@t: tiki-pay.com",1,1,0,shortcode
"T1k1: Qu@ t@ng chj an kh@ch h@ng VIP. Nh@n ngay b0 qu@ t@ng t@i: bit.ly/tiki-vip-present",1,1,0,brandname
"H3 th0ng T1K1 t13p nh@n h0 s0 cua b@n. Luong khoi di3m 10tr. LH Z@lo: 0355443322",1,0,1,personal_number
"TIKI th0ng ba0: Don h@ng #8827 cua b@n d9c mien ph1. Nh@n l@i t13n t@i: tiki-tra-tien.me",1,1,0,brandname
"Tuyen ngu0i like sp T1k1 nh@n t13n th@t. Cv d0n gjan. Ad Z@lo: 0866112233 ngay",1,0,1,personal_number
"T1k1_Mall: C0ng vj3c b@n th0i gjan t@i nh@ cho m3 bjm sU'a. Luong cao. LH: 0977441122",1,0,1,shortcode
"Can th@n! Tk T1K1 cua b@n dang dang nh@p o noi kh@c. Cl1ck d3 ch@n: bit.ly/tiki-security",1,1,0,brandname
"T1K1 tuy3n CTV mu@ hang hoan t13n. Hoa h0ng 30%. Cl1ck ngay: tiki-ctv.online",1,1,0,personal_number
"Chuc mU'ng! B@n l@ 1 trong 10 ngu0i may m@n nhan qu@ tu TIKI. LH: 0322998877",1,0,1,shortcode
"TIKI_OFFICIAL: C0ng vj3c l@m th3m kh0ng m@t ph1. Th0 nh@p cao. Z@lo: 0911223344",1,0,1,brandname
"H3 th0ng T1K1 quet thay b@n c0 don h@ng ao. Vuj l0ng xac m1nh: tiki-check.com",1,1,0,personal_number
"T1k1: Tang b@n g0i qu@ 2tr d3 cam on b@n d@ ung h0. Truy cap: bit.ly/tiki-uu-tien",1,1,0,brandname
"Tuy3n nv tr9c p@ge T1K1. Luong 300k/ca. Ch1 c@n djt0ng th0ai. LH: 0566332211",1,0,1,personal_number
"T1K1 th0ng ba0: Tk b@n duoc t@ng 500k vao v1. Cl1ck link d3 rut: tiki-wallet.top",1,1,0,brandname
"B@n c0 d0n h@ng T1K1 dang giao. Theo d0i hanh tr1nh t@i: bit.ly/tiki-track-sh1p",1,1,0,shortcode
"T1k1 tuy3n CTV nh@n vja d0n h@ng. L@m t@i nh@, k c@n k1nh nghj3m. Z@lo: 0388445566",1,0,1,personal_number
"Can tuy3n gap ngu0i review sp T1K1. Luong 200k/sp. L13n h3 ngay: 0900112233",1,0,1,brandname
"TIKI th0ng ba0: B@n trung thu0ng x3 may SH. Cl1ck d3 l@m thu tuc: tiki-trung-thuong.vn",1,1,0,shortcode
"T1k1_VN: Tuy3n CTV ch0t d0n online. Ch1 c@n dt c0 m@ng. Kb Z@lo: 0822114455",1,0,1,personal_number
"C0ng ty T1K1 tuy3n dung nv vp l@m t@i nh@. Luong 10-20tr. Ung tuy3n t@i: bit.ly/tiki-job-new",1,1,0,brandname
"T1k1: Don h@ng cua b@n bj th@t l@c. Cl1ck d3 nh@n b0i thu0ng: tiki-support-247.com",1,1,0,personal_number
"Can gap 10 b@n phu b@n hang T1K1. Luong tr@ theo ngay. LH Z@lo: 0788331122",1,0,1,shortcode
"T1k1_Mall th0ng ba0: Tk VIP cua b@n d@ d9c k1ch ho@t. Nh@n qu@ t@i: bit.ly/tiki-vip-free",1,1,0,brandname
"TIKI: B@n d9c t@ng th3 ddt 200k. Cl1ck link d3 nh@n: tiki-nap-the.top",1,1,0,personal_number
"Tuy3n CTV dang b@i ch0 T1K1. Kh0ng v0n, kh0ng rui ro. LH Z@lo: 0933112233",1,0,1,shortcode
"T1k1_Vn: Th0ng ba0 b@n trung thu0ng voucher 1tr. H@n ch0t nhan ngay h0m nay: bit.ly/tiki-km",1,1,0,brandname
"C@nh b@o: Tk T1K1 cua b@n bj x@m nh@p. Vuj l0ng d0i mk t@i: tiki-account-safety.cc",1,1,0,personal_number
