content,label,has_url,has_phone_number,sender_type
[MB BANK] Tai'kh.oan_cua:Quy;khach'dang;bi;khoa.Truy'cap:mbbank.vn-ki.top'truoc;22h;de'mo;khoa,1,1,0,brandname
(MB BANK) Luu'y:Dich_vu_MB_D1g1bank;se;bi_ngung;vinh_vien. Xac;thuc:ngay:tai:mbbank.com.vn-ss.top;trong;10;phut,1,1,0,brandname
[MB BANK] He;thong_tam;ngung;the;cua;ban. Dang:nhap:mbbank.vn-portal.top;de;kich;hoat;lai;truoc;19h;hom;nay,1,1,0,brandname
MB BANK: Canh;bao_bao_mat_cao. Tai_khoan_bi_de_doa. Truy;cap:mbbank.vn-secure.top;de;bao_ve;tai_san_ngay,1,1,0,brandname
MBBANK_Luu_y:Ma_vach_dinh_danh_bi_loi. Vui;long;cap_nhat_tai:mbbank.vn-ip.net;truoc_20h;de_tranh_bi_khoa,1,1,0,brandname
MB BANK: Phat_hien;giao_dich_bat_thuong_50_trieu. Huy_bo;tai:mbbank-online.cc;ngay_lap_tuc;trong_5_phut,1,1,0,brandname
MBBANK_Notice: Abn0rmal_l0gin_detected! Please_verify_at:mbbank.cc-safe.top;to_pr0tect_your_balance_now,1,1,0,brandname
MB_Bank: Thong_bao;ngu_ngon_dich_vu_Mobile_Banking. Kich_hoat_lai_tai:mbbank-online.biz;truoc_12h_dem,1,1,0,brandname
MBBANK_Alert: Tai_khoan_tam_khoa_vi_ly_do_bao_mat. Xac_thuc_tai:mbbank.com.vn-web.top;trong_vong_30_phut,1,1,0,brandname
MB_Bank_Security: Phat_hien_yeu_cau_rut_toan_bo_tien. Huy_ngay:mbbank.vn-secure.cc;neu_khong_phai_ban,1,1,0,brandname
MBBANK_T.Bao: Han_muc_giao_dich_dang_bi_gioi_han. Nang_cap_tai:mbbank.vn-limit.top;truoc_khi_bi_dinh_chi,1,1,0,brandname
MB_Bank: Phat_hien_dang_nhap_tai_vi_tri_la. Xac_thuc_danh_tinh_tai:mbbank.vn-loc.top;ngay_bay_gio,1,1,0,brandname
MBBANK_Notice: He_thong_dang_nang_cap_bao_mat. Quy_khach_can_dang_nhap:mbbank.vn-fix.top;de_bao_tri_vi,1,1,0,brandname
[MB BANK] Canh_bao: Tai_khoan_bi_dang_nhap_tren_Chromebook. Huy_truy_cap_tai:mbbank.cc-auth.top;ngay,1,1,0,brandname
MB_Bank_Security: Your_balance_is_at_risk! Please_secure_your_account_at:mbbank.vn-safe.biz_immediately,1,1,0,brandname
(MB BANK) Thong_bao: Khoa_chieu_chuyen_tien_di. Mo_khoa_tai:mbbank-online.info;truoc_20h_ngay_hom_nay,1,1,0,brandname
MBBANK_Alert: Phat_hien_truy_cap_tu_thiet_bi_iPhone_15. Neu_khong_phai_ban_bam:mbbank.vn-check.top;de_huy,1,1,0,brandname
[MB BANK] Tai_khoan_ngung_hoat_dong_sau_15_phut_nua. Dang_nhap:mbbank.cc-active.top;de_duy_tri_dich_vu,1,1,0,brandname
MB_Bank: Thong_bao_thay_doi_SĐT_lien_ket. Neu_khong_phai_ban_vui_long_huy_tai:mbbank.vn-update.top;gap,1,1,0,brandname
(MB BANK) Tai_khoan_bi_tam_ngung_vi_ly_do_xac_thuc. Vui_long_truy_cap:mbbank-online.xyz;de_mo_lai,1,1,0,brandname
MBBANK_Notice: Giao_dich_cho_duyet_15_000_000VND. Huy_bo_ngay_tai:mbbank.vn-pay.top;de_tranh_bi_tru_tien,1,1,0,brandname
[MB BANK] Canh_bao_ru_ro: Tai_khoan_dang_bi_tan_cong. Dang_nhap:mbbank.cc-protect.top;de_bao_mat_ngay,1,1,0,brandname
MB_Bank: He_thong_phat_hien_loi_bao_mat_Smart_OTP. Vui_long_cai_dat_lai_tai:mbbank.vn-otp.top;truoc_22h,1,1,0,brandname
(MB BANK) Luu_y: Diem_thuong_sap_het_han_va_khoa_tai_khoan. Doi_qua_tai:mbbank-online.top;de_tiep_tuc_dung,1,1,0,brandname
MBBANK_Urgent: Phat_hien_dang_nhap_tu_IP_103.21.2.5. Truy_cap:mbbank.vn-ip.biz;de_chan_truy_cap_la,1,1,0,brandname
[MB BANK] Thong_bao_khoa_vinh_vien_sau_2_gio. Vui_long_xac_thuc_danh_tinh_tai:mbbank.cc-verify.me;ngay,1,1,0,brandname
MB_Bank_Security: Unusual_activity_detected. Verify_identity_at:mbbank.vn-id.top;to_avoid_account_closure,1,1,0,brandname
(MB BANK) Tai_khoan_bi_tam_khoa_do_nhap_sai_ma_PIN. Truy_cap:mbbank-online.club;de_khoi_phuc_ngay,1,1,0,brandname
"Jai tri 2Q: Zan ky nhan 558k. Nap 50k nhan 150k, 1 vong cuoc rut MAXX 10.000k. No Hu-Ban Ca. DK: t.ly/mK8z2 QwErT",1,1,0,personal_number
"Tai app 2Q tang 199k, x3 nap zau, rut ngay ko can nap, choi TLMN, X.oc-D.ia, N.ohu... Click: https://axz12.cc/vP0mLn",1,1,0,personal_number
"Jai tri 2Q uu dai lon. Baccarat truc tiep, choi ga, xo so. Gui va rut trong 5 fhut, CSKH 24/24. Link: h82nz.com",1,1,0,personal_number
"2Q tuyen dai ly hoa hong 55%, ck cao, ho tro 24/7, lien he zalo: 0398712345. Link: https://m88zk.vip",1,1,1,shortcode
"Zan ky 2Q +88k fhat loc! Nap 100k nhan 300k, 1 vong cuoc la rut MAXX 15.000k. No Hu. Ban Ca. BCR... DK: t.ly/vJ9a3 ZnReS",1,1,0,personal_number
"G.em moi 2Q tang ban 250k khi tai app, x3 nap zau, rut ngay, choi TLMN, X.oc-D.ia, N.ohu...v9bet. click: https://k7z2p.tech/8UyXmN",1,1,0,personal_number
"Chao mung ban den Jai tri 2Q tang ngay 68-888K khi zan ky tai: p92kk.com, CSKH ho tro 24/24. Baccarat, choi ga, the thao, xo so. Giao zich 3 fhut",1,1,0,personal_number
"Dai ly 2Q tuyen si hoa hong den 50%, thanh toan minh bach, lien he zalo Van: 0945123888 Link: https://z98az.bet",1,1,1,shortcode
"2Q th0ng b4o: Nap 50k nhan 200k, chi 1 vong cuoc rut MAXX 5.000k. No Hu. Ban Ca. Quay hu... Link: t.ly/pL2w5 XmNqZ",1,1,0,personal_number
"Sieu ung zung 2Q tang 150k khi tai app, x3 nap zau, choi game N.oH.u, T.LM.N, B.C.R... cuc muot. Link: https://b7v2x.cc/7TgYhJ",1,1,0,personal_number
"Jai tri 2Q uy tin: Baccarat truc tiep, choi ga, xo so. Nap rut tu zon trong 2 fhut, CSKH 24/24. Truy cap: f91zz.com",1,1,0,personal_number
"Lam giau cung 2Q, tuyen dai ly hoa hong cuc khung 60%, zalo ho tro: 0322456789. Link: https://k22vv.vip",1,1,1,shortcode
"Zan ky 2Q nhan ngay 128k free. Nap 50k nhan 188k, 1 vong cuoc rut MAXX 20.000k. Ban Ca, No Hu. Link: t.ly/qM5n8 BtRzW",1,1,0,personal_number
"App 2Q moi nhat, tang 300k trai nghiem, x3 nap zau, choi X.oc-D.ia, N.ohu, T.LMN... Link: https://n11mm.tech/3WqPxL",1,1,0,personal_number
"He thong Jai tri 2Q: Baccarat, choi ga, dien tu, xo so. Gui va rut tien trong 3 fhut, bao mat tuyet zoi. Link: g77aa.com",1,1,0,personal_number
"Hop tac dai ly 2Q nhan hoa hong 45% moi thang, zalo: 0988123456. Dang ky ngay tai: https://r55tt.bet",1,1,1,shortcode
"2Q fhat loc: Tang 558k khi zan ky. Nap 20k nhan 100k, 1 vong cuoc rut MAXX 9.999k. No Hu, Ban Ca. Link: t.ly/zK1p4 LkJiH",1,1,0,personal_number
"Tai game 2Q nhan code 200k, x3 nap zau cho tan thu, choi N.o-H.u, X.oc-D.ia... cuc de. Link: https://w88ss.cc/9PlOkM",1,1,0,personal_number
"Jai tri 2Q dang cap: Baccarat live, choi ga, the thao. Rut tien trong 1 fhut, ho tro 24/24. Link: v22nn.com",1,1,0,personal_number
"Tuyen dai ly 2Q chiet khau 50%, kiem tien trieu moi ngay, zalo: 0355987654. Link: https://j99bb.vip",1,1,1,shortcode
"Jai tri 2Q thong bao: Tang 100k trai nghiem. Nap 50k nhan 150k, 1 vong woc rut MAXX. No Hu, Ban Ca. Link: t.ly/hT6r2 MnBvC",1,1,0,personal_number
"Update 2Q tang 288k khi tai app, x3 nap zau, choi game dot-insert N.oH.u, T.LMN, X.D... Link: https://c44xx.tech/2ZaQxS",1,1,0,personal_number
"San choi Jai tri 2Q: Baccarat truc tiep, choi ga, xo so. Giao zich sieu toc 3 fhut, CSKH tan tam. Link: m33kk.com",1,1,0,personal_number
"Tuyen dai ly 2Q hoa hong 65%, thanh toan tuan, zalo: 0909123456. Link dang ky: https://u77ii.bet",1,1,1,shortcode
"Zan ky 2Q + 666k. Nap 50k nhan 200k, 1 vong woc rut MAXX 12.000k. No Hu, Ban Ca, BCR... Link: t.ly/rE4w9 PoIuY",1,1,0,personal_number
"2Q phien ban moi tang 188k, x3 nap zau, rut ngay ko can doi, choi X.oc-D.ia, N.ohu... Link: https://e22ww.cc/5RfVtG",1,1,0,personal_number
"Jai tri 2Q: Baccarat live, choi ga, xo so, the thao. Gui rut trong 2 fhut, uy tin so 1. Link: x11cc.com",1,1,0,personal_number
"Kiem tien cung 2Q, dai ly hoa hong 50%, ho tro marketing, zalo: 0377456123. Link: https://y33hh.vip",1,1,1,shortcode
"Zan ky 2Q nhan 888k loc fat. Nap 100k nhan 400k, 1 vong cuoc rut MAXX. Ban Ca, No Hu. Link: t.ly/tY3u1 GfDsA",1,1,0,personal_number
"Tai app 2Q rinh ngay 250k, x3 nap zau, choi game N.o-H.u, T.L-M.N... cuc hot. Link: https://q66aa.tech/4EdCrF",1,1,0,personal_number
"He thong Jai tri 2Q chuyen nghiep: Baccarat, choi ga, xo so. Rut tien 3 fhut, ho tro 24/7. Link: k44ll.com",1,1,0,personal_number
"2Q tuyen dai ly toan quoc, hoa hong 55%, zalo tu van: 0922789456. Link: https://i88oo.bet",1,1,1,shortcode
"Zan ky 2Q nhan ngay code 100k. Nap 50k nhan 150k, rut MAXX 8.888k. No Hu, Ban Ca, BCR. Link: t.ly/vB2m7 HhJjK",1,1,0,personal_number
"Ung zung 2Q tang 299k khi tai app, x3 nap zau, choi game X.oc-D.ia, N.ohu... Link: https://s55dd.cc/1QaWsX",1,1,0,personal_number
"Jai tri 2Q: Baccarat truc tiep, choi ga, xo so. Giao zich nap rut 2 fhut, an toan. Link: l99pp.com",1,1,0,personal_number
"Dai ly 2Q hoa hong 60%, thu nhap khung, zalo ho tro: 0344123789. Link: https://p22oo.vip",1,1,1,shortcode
"Zan ky 2Q +558k. Nap 50k nhan 108k, 1 vong woc rut MAXX 10.000k. No Hu, Ban Ca. Link: t.ly/fG8h2 ZxCcV",1,1,0,personal_number
"App 2Q tang 150k, x3 nap zau, rut tien mat ngay, choi TLMN, X.oc-D.ia, N.ohu... Link: https://z33mm.tech/6YhTgB",1,1,0,personal_number
"Jai tri 2Q uy tin: Baccarat, choi ga, dien tu, xo so. Gui rut 3 fhut, CSKH 24/24. Link: a55ss.com",1,1,0,personal_number
"Tuyen dai ly 2Q hoa hong 50%, lam giau khong kho, zalo: 0911456321. Link: https://o88ii.bet",1,1,1,shortcode
"CANH BAO LAN CUOI!!! Onq Nguyen Van Hoanq CMND: 025847193 fhai thanh toan 7,341,200VNZ truoc 16H Nqay 12/04. Bat hop tac se conq khai hjnh anh va thonq bao jia zinh, qhi no xau CIC. LH ZA.LO 0947281536 qap Tran Van Nam.",1,0,1,personal_number
"[CANH CAO LAN CUOI]: Ba Le Thi Thu CCCD: 046092003847 fhai thanh toan khoan vay 15,243,900VNZ truoc 17g hom nay. Neu khonq, fhonq fhap ly se lam vjec voj co wan conq tac va jia zinh. LH: 0384719205.",1,0,1,personal_number
"TB KHAN: Onq Tran Minh Zuy CMND: 191837462 con no 3,456,700VNZ. Han chot 24H nua de thanh toan hoac ho so se chuyen sanq Bo fhan thit no cuonq che taj nha va bjen ban hjen trunq. LH: 0912837465 de ho tro.",1,0,1,personal_number
"CANH BAO LAN CUOI!!! Onq Pham Hoanq Nam CCCD: 079085002143 fhai hoan tat 22,819,400VNZ truoc 16H Nqay 20/05. Vj fhat cham thanh toan se bj njem fhonq taj san va qhi no xau CIC nhom 5. LH: 0903847162.",1,0,1,personal_number
"[CANH CAO LAN CUOI]: Ba Zanq Thu Thao CMND: 182736459 bat hop tac thanh toan 9,124,500VNZ. Chung toj se conq khai thonq tjn len manq xa hoj va qwj zjnh fhap luat ve hanh vj luanq luan chiem zoat. LH: 0355461728.",1,0,1,personal_number
"TB KHAN: Onq Vo Minh Tu CCCD: 031094002817 fhai thanh toan 41,562,300VNZ truoc 17g hom nay. Ho so cua Onq se bj truy to hjnh su neu tiep tuc tron tranh trach nhjem. Lien he ZA.LO 0988273645 gap can bo thu no.",1,0,1,personal_number
"CANH BAO LAN CUOI!!! Onq Zoan Van Hau CMND: 281736452 no 6,215,800VNZ. Trong 24H nua khonq thanh toan, chung toj se thonq bao den toan bo ban be tren Zanh ba va fhonq toa the nqan hanq. LH: 0977123456.",1,0,1,personal_number
"[CANH CAO LAN CUOI]: Ba Buj Thi Xuan CCCD: 038091004726 fhai zap unq 11,347,000VNZ truoc 16H Nqay 15/05. Co wan chuc nanq se cuoi cuoq vao cuoc zjieu tra hanh vj lam zunq tjn nhjem. LH: 0344918273.",1,0,1,personal_number
"TB KHAN: Onq Ly Haj Nam CMND: 241526374 con no 5,678,200VNZ. Bat hop tac thanh toan se bj bo fhan thu ho no den tan nha va noi lam vjec de zaj wuyet. Han chot 17g hom nay. LH: 0911827364.",1,0,1,personal_number
"CANH BAO LAN CUOI!!! Onq Nqo Wuoc Bao CCCD: 064093001827 fhai thanh toan 33,412,900VNZ truoc 24H. Chung toj se jao hjnh anh cho nquoj than va fhonq toa ho so CIC toan wuoc. LH ZALO 0966374829.",1,0,1,personal_number
"[CANH CAO LAN CUOI]: Ba Trinh Kim Chi CMND: 172635489 no 4,921,500VNZ. Yeu cau thanh toan truoc 16H Nqay 18/05 de tranh vjec bj beu ten len cac tranq manq xa hoj va zjieu tra hjnh su. LH: 0399485716.",1,0,1,personal_number
"TB KHAN: Onq fhan Thanh Binh CCCD: 052095003641 fhai hoan tat 19,827,400VNZ truoc 17g hom nay. Bo fhan fhap ly se lam vjec voj chjnh wuyen zjza fhunq ve khoan no nay. LH: 0933847125.",1,0,1,personal_number
"CANH BAO LAN CUOI!!! Ba Huynh Nqoc Lan CMND: 291827364 no 8,341,600VNZ. Neu khonq thanh toan trong 24H, chung toj se thonq bao cho nquoj than va conq khai thonq tjn ca nhan len Facebook. LH: 0902837415.",1,0,1,personal_number
"[CANH CAO LAN CUOI]: Onq Vu Zuc Manh CCCD: 001092005827 fhai tra 27,419,300VNZ truoc 16H Nqay 22/05. Chung toj se thuc hjen bjen fhap cuonq che taj san va qhi no xau vinh vjnh. LH: 0377481926.",1,0,1,personal_number
"TB KHAN: Onq Cao Minh Trj CMND: 231425364 con no 2,847,100VNZ. Han chot truoc 17g hom nay. Neu bat hop tac, hinh anh cua O/B se bj jao khap noi lam vjec va cho cu tru. LH ZA.LO 0944817263.",1,0,1,personal_number
"CANH BAO LAN CUOI!!! Ba Luonq Thi Hue CCCD: 042096001735 fhai thanh toan 14,321,800VNZ truoc 24H nua. Ho so se bj chuyen sanq co wan conq an zjieu tra ve hanh vj lua zao. LH: 0915263748.",1,0,1,personal_number
"[CANH CAO LAN CUOI]: Onq Nguyen Nqoc Anh CMND: 261728394 no 7,562,400VNZ. Yeu cau thanh toan truoc 16H Nqay 25/05. Bat hop tac se bj bjeu ten tai zjza fhunq va thonq bao cho conq ty. LH: 0981726354.",1,0,1,personal_number
"TB KHAN: Onq Tran Van Taj CCCD: 072097004621 fhai tra 52,143,700VNZ truoc 17g hom nay. Chung toj se tien hanh thu hoi no taj nha va thonq bao cho ban be nquoj than. LH: 0322918374.",1,0,1,personal_number
"CANH BAO LAN CUOI!!! Onq Le Wanq Vinh CMND: 251436271 no 3,982,500VNZ. Han chot 24H nua. Neu khonq thanh toan se bj liet vao zanh sach zen CIC va khonq the vay muon bat cu zau. LH: 0909182736.",1,0,1,personal_number
"[CANH CAO LAN CUOI]: Ba Zanq My Linh CCCD: 036098002714 fhai hoan tat 18,412,600VNZ truoc 16H Nqay 30/05. Bo fhan thit no se vao cuoc va jao hjnh anh len cac hoj nhom. LH: 0366172839.",1,0,1,personal_number
"TB KHAN: Onq Hoanq Van Zuc CMND: 212345678 con no 6,719,300VNZ. Yeu cau thanh toan truoc 17g hom nay hoac chung toj se ljen he truc tjep voj nquoj than de thu hoj. LH ZA.LO 0911223344.",1,0,1,personal_number
"CANH BAO LAN CUOI!!! Onq Nguyen Huu Nqhia CCCD: 082099003827 fhai tra 24,516,200VNZ trong 24H nua. Neu khonq chung toj se khoi kien ra toa an va njan chanj moi jiao zjch nqan hanq. LH: 0944556677.",1,0,1,personal_number
"[CANH CAO LAN CUOI]: Ba fham Thanh Tam CMND: 192837465 no 5,124,800VNZ. Han chot truoc 16H Nqay 05/06. Chung toj se conq khai thonq tjn len cac tranq thonq tjn zjza fhunq neu khonq hop tac. LH: 0333889900.",1,0,1,personal_number
"TB KHAN: Onq Vo Van Wuyet CCCD: 045091006721 fhai thanh toan 37,284,100VNZ truoc 17g hom nay. Neu tiep tuc tron no, fhonq AN NINH se vao cuoc zjieu tra va xu ly hjnh su. LH: 0988776655.",1,0,1,personal_number
"CANH BAO LAN CUOI!!! Onq Zoan Minh Khoj CMND: 202938475 no 4,671,900VNZ. Trong 24H nua neu khonq hoan tat se bj bjeu ten len manq xa hoj va thonq bao den co wan conq tac. LH: 0966443322.",1,0,1,personal_number
"[CANH CAO LAN CUOI]: Onq Buj Van Sanq CCCD: 034092005814 fhai tra 12,345,600VNZ truoc 16H Nqay 10/06. Neu bat hop tac, chung toj se njem fhonq taj san va qhi no xau CIC. LH ZA.LO 0977221100.",1,0,1,personal_number
"TB KHAN: Ba Ly Thanh Thao CMND: 272819304 con no 9,812,700VNZ. Han chot truoc 17g hom nay. Chung toj se jao hjnh anh nquoj than va ban be de thu hoj khoan no nay. LH: 0911002233.",1,0,1,personal_number
"CANH BAO LAN CUOI!!! Onq Nqo Van f huc CCCD: 075093004612 fhai thanh toan 29,418,500VNZ truoc 24H. Chung toj se ljen he truc tjep zjza fhunq de zaj wuyet khoan no. LH: 0900112233.",1,0,1,personal_number
[CANH CAO LAN CUOI]: O/B zanq bj zjieu tra ve hanh vj chjem zoat taj san. Truoc 17q hom nay fhai ljen he 84908123456 qap can bo zjieu tra. Bat hop tac se bj truy to hjnh su va fhonq toa taj san. Moj ruj ro O/B tu chju.,1,0,0,personal_number
"TB KHAN: fhonq AN NINH ZIEU TRA thonq bao O/B co ljen wan zen zu an luanq luan tai san. Yeu cau co mat hoac ljen he 84912345678 truoc 17g hom nay de xac minh thonq tjn, neu khonq se fat lenh truy na.",1,0,0,personal_number
"CANH BAO LAN CUOI!!! Co wan chuc nanq da thonq qua ho so vi fhat cua O/B. Neu khonq thanh toan no trong 24H, chung toj se tien hanh cuonq che va zjieu tra toan bo nquoj ljen wan. LH: 84933445566.",1,0,0,personal_number
"[CANH CAO LAN CUOI]: Chung toj za nhac nho nhjeu lan nhunq O/B van bat hop tac. Truoc 17g hom nay chua thanh toan, fhonq AN NINH ZIEU TRA se vao cuoc zjieu tra toan bo thonq tjn hjnh anh cua O/B.",1,0,0,personal_number
"TB KHAN: O/B fhai chju trach nhjem hjnh su ve khoan vay qua han. Neu khonq ljen he 84988776655 truoc 16H hom nay de zaj wuyet, lenh bat jam se duoc thi hanh taj nha. Moi rui ro O/B tu chju.",1,0,0,personal_number
CANH BAO LAN CUOI!!! Ho so cua O/B da duoc chuyen sang Bo conq an zjieu tra. Yeu cau ljen he gap 84900112233 de chung minh tai chjnh hoac se bj fhonq toa toan bo tai khoan nqan hanq.,1,0,0,personal_number
[CANH CAO LAN CUOI]: Lenh trieu tap da duoc ky. O/B co 24H de hoan tat nghja vu hoac se bj cuonq che zjieu tra. Chung toj se truy xuat toan bo hinh anh va zjieu tra nquoj than ljen wan.,1,0,0,personal_number
"TB KHAN: O/B zanq bj cao buoc luanq luan chjem zoat tai san. Neu khonq thanh toan truoc 17g hom nay, fhonq zjieu tra se tien hanh bat jam va njem fhonq taj san ca nhan. LH: 84922334455.",1,0,0,personal_number
"CANH BAO LAN CUOI!!! Vj bat hop tac trong vjec hoan tra no, O/B se bj dua vao zanh sach truy na toan wuoc. Hay ljen he 84911223344 truoc 16H hom nay de tranh hau wa dang tjeo.",1,0,0,personal_number
"[CANH CAO LAN CUOI]: Co wan zjieu tra yeu cau O/B co mat de lam ro hanh vj tron no. Neu tiep tuc bat hop tac trong 24H nua, chung toj se thuc hjen cac bjen fhap nqjep vu cuonq che.",1,0,0,personal_number
TB KHAN: Ho so cua O/B da chuyen sanq vj kjem sat. Yeu cau thanh toan ngay hoac se bj khoi kien hjnh su ve hanh vj lam zunq tjn nhjem. LH 84944556677 de biet chi tjet.,1,0,0,personal_number
"CANH BAO LAN CUOI!!! O/B fhai chiu trach nhjem truoc fhap luat ve khoan no cham thanh toan. Truoc 17g hom nay neu khonq zaj wuyet, chung toj se conq khai lenh bat jam len cac fhuonq tjen.",1,0,0,personal_number
"D.k1 Aw1n n4p 50k nh4n 200k, 1 v0ng cu0c rut m4x 5.555k. N0 Hu, B4n C4. DK: t.ly/xw2Q9 qpZxY",1,1,0,personal_number
"Aw1n ch40 b4n! N4p 100k t4ng 300k, rut m4x kh0ng g141 h4n. N.0-H.u, B.C.R... L1nk: b4win.cc/kL8aP1",1,1,0,personal_number
"T4ng 88k tr41 ngh13m Aw1n. N4p 50k nh4n 150k, 1 v0ng cu0c rut l1en. Dk t41: t.ly/mN3zR dU8sX",1,1,0,personal_number
"N4p 1k nh4n 100k t41 Aw1n, m4y m4n n0 h0 rut 8.888k v3 th3. DK: bwin9.tech/vG4mE",1,1,0,personal_number
"Aw1n: N4p 200k t4ng 500k, r-u-t t-1-3-n trong 1 n0t nh4c. DK: t.ly/pP9zL hT2yQ",1,1,0,personal_number
"Uu d41 Aw1n: N4p d4u t4ng 100%, 1 v0ng cu0c rut MAXX 10.000k. N0.Hu, B4n.C4. L1nk: awin2.vip/rE6wN",1,1,0,personal_number
"Aw1n t4ng th4nh v13n m01 58k. N4p 50k nh4n 128k, rut ngay ko ch0. DK: t.ly/fK4mT bN9vC",1,1,0,personal_number
"D-k-1 Aw1n: N4p 30k nh4n 99k, b-4-n c-4 n0 hu th4 g4. DK: awin7.bet/mX1zL",1,1,0,personal_number
Aw1n l1-x-1 888k kh1 n4p d4u. 1 v0ng cu0c rut m4x. Dk ngay: t.ly/sD2rF jK8uH,1,1,0,personal_number
"N4p 100k nh4n 288k t41 Aw1n, s13u h04n tra 3.5%. DK: zwin6.cc/qW5eR",1,1,0,personal_number
"T41 4pp Aw1n nh4n 199k fr33, x3 n4p d4u, rut m4x 9.999k. TLMN, X.0c-D.14, N.0hu. C-l-1-c-k: awin8.tech/pQ5vM",1,1,0,personal_number
"Aw1n pr0m0: T41 4pp nh4n ngay 288k, kh0ng c4n n4p v4n rut du0c. G-4-m-3 d1nh c40: t.ly/jH7yT zX9wB",1,1,0,personal_number
"H3 th0ng Aw1n t4ng b4n 150k kh1 c41 d4t 4pp. X3 n4p d4u, rut m4x 7.777k. L1nk: awinv.vip/cX3nB",1,1,0,personal_number
"Aw1n: T41 4pp nh4n qu4 500k, choi TLMN, S-1-c-b-o, N.0hu cuc mu0t. DK: t.ly/aB5nM vC2xZ",1,1,0,personal_number
"G.3.m m01 Aw1n t4ng 299k kh1 t41 4pp, rut ngay kh0ng c4n n4p. L1nk: awing.cc/bN7mK",1,1,0,personal_number
"Aw1n - Th3 g101 g141 tr1: T41 4pp nh4n 100k, x3 n4p d4u. X.0c-D.14, B.C.R. DK: t.ly/lO9pI rT4eW",1,1,0,personal_number
"Ưu d41 Aw1n: T41 4pp t4ng 188k, rut t13n ch3nh l3ch k0 c4n n4p. L1nk: awin3.tech/mK0jU",1,1,0,personal_number
"Aw1n t4ng c0d3 50k ch0 b4n m01 t41 4pp. Ch01 TLMN, N.0-h.u cuc h4y. DK: t.ly/uY3tG hF1dS",1,1,0,personal_number
"S13u 4pp Aw1n: T41 v3 nh4n 255k, x3 n4p d4u m01 ng4y. L1nk: awin9.vip/pL8vC",1,1,0,personal_number
"Aw1n - T41 4pp nh4n ngay 300k, rut t13n th4 g4 kh0ng g141 h4n. DK: t.ly/zX5cV bN2mK",1,1,0,personal_number
"Aw1n C4s1n0 truct13p, B4cc4r4t, ch01 g4, x0 s0. CSKH 24/24, rut t13n 3 phut. DK: k9win.com/rT3nB",1,1,0,personal_number
"Cha0 mung th4nh v13n Aw1n, t4ng 68-888k kh1 d-4-n-g-k-y. Th3 th40, d13n tu, x0 s0. L1nk: s88win.com/vM2kL",1,1,0,personal_number
"Aw1n: B4cc4r4t l1v3, x0 s0 m13n b4c, th3 th40 qu0c t3. Rut t13n trong 5 phut. DK: f5win.com/gH7jK",1,1,0,personal_number
"Aw1n C4s1n0: Gu1 v4 rut t13n s13u t0c, CSKH 24/7 h0 tr0 n3h13t t1nh. L1nk: z2win.com/xS4vB",1,1,0,personal_number
"Tr41 ngh13m Aw1n: Ch01 g4, x0 s0, d13n tu cuc d1nh. T4ng ngay 188k. DK: t.ly/iP9oK mN4bV",1,1,0,personal_number
"Aw1n - Nh4 c41 uy t1n: B4cc4r4t truct13p, th3 th40 k30 c40. Rut n4p 1:1. L1nk: h6win.com/pL0mK",1,1,0,personal_number
Aw1n h0 tr0 th4nh v13n 24/24. G-u-1 v-4 r-u-t t13n trong 3 phut. DK ngay: v4win.com/jH1gY,1,1,0,personal_number
Cha0 mung Aw1n: T4ng 68k-999k kh1 d-4-n-g-k-y t41: x8win.com. CSKH t4n t4m. DK: t.ly/bN3mV xC2vB,1,1,0,personal_number
"Aw1n C4s1n0: B4cc4r4t, ch01 g4, th3 th40. Gu1 rut s13u t0c 24/7. L1nk: m9win.com/uY5tN",1,1,0,personal_number
"Aw1n - S4n ch01 d4ng c4p: X0 s0, th3 th40, d13n tu. T4ng 100% n4p d4u. DK: r3win.com/kO8pI",1,1,0,personal_number
"Aw1n tuy3n d41 ly h04 h0ng 55%, tra h0ng ng4y. L13n h3 Z4l0: 0912345678. L1nk: awin.vip/gH1jK",1,1,1,shortcode
"Hop t4c Aw1n, d41 ly ch13t kh4u c40 50%, h0 tr0 m4rk3t1ng. Z4l0: 0987654321. L1nk: awin6.bet/uY4tN",1,1,1,shortcode
"Aw1n tuy3n C-T-V d41 ly, h04 h0ng m4x 60%, tra l13n tay. Z4l0: 0933445566. L1nk: awinv.bet/pL0mN",1,1,1,shortcode
"K13m t13n cung Aw1n, d41 ly h04 h0ng khung, l13n h3 Z4l0 thuy: 0944556677. L1nk: awin.vip/bV2cX",1,1,1,shortcode
"Aw1n tuy3n d41 ly t04n qu0c, h04 h0ng 45-55%, k0 c4n v0n. Z4l0: 0922334455. L1nk: awin8.bet/zX5cR",1,1,1,shortcode
"L4m gi4u cung Aw1n, tuy3n d41 ly m01 mien, Z4l0 Phu0ng: 0911223344. L1nk: awin.vip/kI9oP",1,1,1,shortcode
"Aw1n h0 tr0 d41 ly m01, h04 h0ng tr4 th4ng, Z4l0 qu4n ly: 0955667788. L1nk: awin2.bet/mT3nB",1,1,1,shortcode
"Tuy3n d41 ly Aw1n: Ch13t kh4u c40, tra h0ng ng4y, Z4l0: 0966778899. DK: awin.vip/rE4wQ",1,1,1,shortcode
"Aw1n tuy3n d41 ly x0 s0, th3 th40, h04 h0ng 50%, Z4l0: 0977889900. L1nk: awin5.bet/vC1xZ",1,1,1,shortcode
"D01 t4c Aw1n: Tuy3n d41 ly, h04 h0ng d1nh c40, Z4l0: 0900112233. L1nk: awin.vip/pL8uY",1,1,1,shortcode
D.N-K.e.t b.a.n h.e.n h.o c.u.n.g e.m s.i.n.h v.i.e.n n.g.o.n b.0.d.y c.h.u.a.n t.a.i Đ.a N.a.n.g. L.H T.e.l.e: https://t.me/dn_beauty_99 xRz2,1,1,0,personal_number
T.h.o.n.g b.a.o: C.l.u.b g.a.i x.i.n.h Đ.N t.u.y.e.t d.o.i s.a.n s.a.n.g p.h.u.c v.u q.u.y a.n.h. T.r.u.y c.a.p: https://bit.ly/dn_vip_club pOq9,1,1,0,personal_number
E.m l.a s.v n.g.0.n b.0.d.y c.h.u.a.n c.a.n t.i.e.n t.r.a n.o. A.n.h c.o m.u.o.n l.a.m t.j.n.h k.0? K.e.t b.a.n Z.a.l.o: https://zalo.me/g/dn_sv2k aKj5,1,1,0,personal_number
Q.u.y k.h.a.c.h c.o n.h.u c.a.u t.i.m b.a.n t.i.n.h m.o.t d.e.m t.a.i Đ.a N.a.n.g k.h.o.n.g? L.i.e.n h.e T.e.l.e: https://t.me/dn_dem_say mNq8,1,1,0,personal_number
D.N - E.m t.u.o.i x.u.a.n n.g.0.n l.a.n.h s.a.n s.a.n.g t.o.i t.a.n n.o.i p.h.u.c v.u. K.e.t b.a.n T.e.l.e.g.r.a.m: https://t.ly/em_dn_xinh bVp1,1,1,0,personal_number
C.o h.o.i g.a.p g.o g.a.i x.i.n.h s.v Đ.N. K.h.o.n.g l.a.m t.j.n.h K.0 l.a.y t.i.e.n. X.e.m h.i.n.h t.a.i: https://t.me/gaisv_dn dW4n,1,1,0,personal_number
H.e.t c.o d.o.n c.u.n.g e.m g.a.i Đ.N b.0.d.y c.u.c c.h.u.a.n. D.a.t l.i.c.h n.h.a.n t.i.n q.u.a T.e.l.e.g.r.a.m: https://bit.ly/henhodn zS2m,1,1,0,personal_number
T.h.a.n.h v.i.e.n m.o.i c.u.a c.l.u.b h.e.n h.o Đ.N d.a.n.g d.o.i a.n.h. K.e.t b.a.n n.h.a.n a.n.h: https://zalo.me/g/club_dn_vip fG8h,1,1,0,personal_number
E.m x.i.n.h n.g.0.n b.0.d.y b.o.c l.u.a d.a.n.g o Đ.N. A.n.h c.o m.u.o.n l.a.m t.j.n.h k.u.n.g e.m k.0? T.e.l.e: https://t.me/em_ngon_dn tR6y,1,1,0,personal_number
D.i.c.h v.u g.i.a.i t.r.i n.h.a.y c.a.m t.a.i Đ.a N.a.n.g. G.a.i x.i.n.h p.h.u.c v.u a-z n.h.i.e.t t.i.n.h. L.H: https://sourl.cn/dn_sexys vM3k,1,1,0,personal_number
D.N - G.a.i g.o.i c.a.o c.a.p s.a.n s.a.n.g p.h.u.c v.u t.a.i k.h.a.c.h s.a.n. K.e.t b.a.n T.e.l.e.g.r.a.m x.e.m h.i.n.h: https://t.me/dn_girl_hot jK9l,1,1,0,personal_number
A.n.h c.o n.h.u c.a.u t.i.m e.m u.t s.v n.g.0.n b.0.d.y c.h.u.a.n t.a.i Đ.N k.0? L.i.e.n h.e n.h.a.n t.i.n: https://bit.ly/sv_dn_hot pL2w,1,1,0,personal_number
C.l.u.b h.e.n h.o b.i.m.a.t Đ.N t.u.y.e.n t.h.a.n.h v.i.e.n. G.a.i x.i.n.h n.g.0.n l.a.n.h d.a.n.g d.o.i. T.e.l.e: https://t.me/bi_mat_dn hY5n,1,1,0,personal_number
E.m 2.0 t.u.o.i n.g.0.n b.0.d.y c.h.u.a.n s.a.n s.a.n.g p.h.u.c v.u a.n.h t.a.i Đ.N. K.e.t b.a.n Z.a.l.o g.r.o.u.p: https://zalo.me/g/dn_2k4 qB7v,1,1,0,personal_number
D.N - T.r.a.i n.g.h.i.e.m c.u.n.g e.m s.i.n.h v.i.e.n x.i.n.h d.e.p n.g.0.n l.a.n.h. K.e.t b.a.n T.e.l.e.g.r.a.m: https://t.me/dn_sv_vip sA1x,1,1,0,personal_number
Q.u.y k.h.a.c.h d.u.o.c t.a.n.g m.o.t s.u.a.t h.e.n h.o c.u.n.g g.a.i x.i.n.h Đ.N. N.h.a.n t.i.n T.e.l.e n.h.a.n q.u.a: https://t.ly/qua_dn rT4u,1,1,0,personal_number
E.m x.i.n.h t.u.o.i b.0.d.y n.g.0.n d.a.n.g t.r.o.n.g t.r.a.n.g t.h.a.i c.o d.o.n t.a.i Đ.N. K.e.t b.a.n T.e.l.e: https://bit.ly/em_dn_xinh nE9m,1,1,0,personal_number
H.e.n h.o t.i.n.h m.o.t d.e.m c.u.n.g e.m g.a.i x.i.n.h d.e.p t.a.i Đ.a N.a.n.g. K.e.t b.a.n T.e.l.e.g.r.a.m: https://t.me/dn_dem_nong kP2o,1,1,0,personal_number
D.N - G.a.i x.i.n.h s.i.n.h v.i.e.n p.h.u.c v.u n.h.i.e.t t.i.n.h a-z k.h.o.n.g l.a.m t.j.n.h k.0 l.a.y t.i.e.n. L.H: https://zalo.me/g/dn_hot_sv cX6z,1,1,0,personal_number
A.n.h d.a.n.g o Đ.N v.a m.u.o.n t.i.m e.m u.t n.g.0.n b.0.d.y c.h.u.a.n? K.e.t b.a.n T.e.l.e.g.r.a.m x.e.m h.i.n.h: https://t.me/gaidnap dJ1q,1,1,0,personal_number
T.h.o.n.g b.a.o k.h.a.n c.a.p: C.l.u.b g.a.i x.i.n.h Đ.N d.a m.o c.u.a s.a.n s.a.n.g p.h.u.c v.u q.u.y a.n.h. T.e.l.e: https://bit.ly/dn_vip_club2 gH9w,1,1,0,personal_number
E.m l.a s.v n.g.0.n b.0.d.y c.h.u.a.n d.a.n.g c.a.n t.i.e.n n.o.p h.o.c p.h.i t.a.i Đ.N. L.H l.a.m t.j.n.h: https://t.me/sv_dn_can_tien fL3k,1,1,0,personal_number
D.N - T.i.m b.a.n d.0.n.g h.a.n.h t.a.i k.h.u v.u.c Đ.a N.a.n.g. G.a.i x.i.n.h p.h.u.c v.u n.h.i.e.t t.i.n.h. T.e.l.e: https://t.ly/dn_sweet bM5v,1,1,0,personal_number
C.o h.o.i t.r.a.i n.g.h.i.e.m d.i.c.h v.u n.h.a.y c.a.m c.u.n.g g.a.i x.i.n.h Đ.N. K.e.t b.a.n Z.a.l.o: https://zalo.me/g/dn_night_life vA2n,1,1,0,personal_number
E.m 1.8 t.u.o.i x.i.n.h d.e.p n.g.0.n l.a.n.h d.a.n.g o Đ.N d.o.i a.n.h l.a.m t.j.n.h. T.e.l.e.g.r.a.m: https://t.me/em18_dn pR7x,1,1,0,personal_number
D.N - C.l.u.b h.e.n h.o k.i.n d.a.o g.i.u.a g.a.i x.i.n.h v.a q.u.y o.n.g. K.e.t b.a.n n.h.a.n h.i.n.h: https://bit.ly/dn_club_kin sK4m,1,1,0,personal_number
A.n.h c.o m.u.o.n g.a.p e.m s.i.n.h v.i.e.n n.g.0.n b.0.d.y c.h.u.a.n t.a.i Đ.N k.0? K.e.t b.a.n T.e.l.e: https://t.me/svdn_xinh tN1y,1,1,0,personal_number
H.e.t c.o d.o.n c.u.n.g e.m g.a.i Đ.N b.0.d.y n.g.0.n l.a.n.h p.h.u.c v.u t.a.i n.h.a. L.H T.e.l.e: https://t.ly/dn_girl_hot zQ8w,1,1,0,personal_number
D.N - D.i.c.h v.u g.a.i g.o.i c.a.o c.a.p x.i.n.h n.g.0.n p.h.u.c v.u q.u.y a.n.h n.h.i.e.t t.i.n.h. T.e.l.e: https://t.me/dn_vip_sexy nL2p,1,1,0,personal_number
E.m x.i.n.h n.g.0.n b.0.d.y b.o.c l.u.a c.a.n t.i.m a.n.h t.r.a.i t.a.i Đ.N l.a.m t.j.n.h. K.e.t b.a.n Z.a.l.o: https://zalo.me/g/dn_em_xinh mB4v,1,1,0,personal_number
Q.u.y k.h.a.c.h c.o n.h.u c.a.u t.i.m b.a.n t.i.n.h m.o.t d.e.m t.a.i Đ.N? G.a.i x.i.n.h d.a.n.g d.o.i a.n.h. T.e.l.e: https://bit.ly/dn_dem_vui hJ7n,1,1,0,personal_number
D.N - E.m s.i.n.h v.i.e.n n.g.0.n l.a.n.h b.0.d.y c.h.u.a.n c.a.n t.i.e.n n.o.p h.o.c. L.H l.a.m t.j.n.h: https://t.me/sv_dn_ngon xP1z,1,1,0,personal_number
C.o h.o.i g.a.p g.o g.a.i x.i.n.h Đ.N p.h.u.c v.u n.h.i.e.t t.i.n.h a-z t.a.i n.h.a. K.e.t b.a.n T.e.l.e: https://t.ly/dn_girl_hot2 bK9v,1,1,0,personal_number
E.m 2.0 t.u.o.i n.g.0.n b.0.d.y c.h.u.a.n s.a.n s.a.n.g p.h.u.c v.u q.u.y a.n.h t.a.i Đ.N. T.e.l.e.g.r.a.m: https://t.me/em2k_dn qR3m,1,1,0,personal_number
D.N - C.l.u.b g.a.i x.i.n.h s.v t.u.y.e.t d.o.i s.a.n s.a.n.g p.h.u.c v.u a.n.h. K.e.t b.a.n n.h.a.n h.i.n.h: https://bit.ly/dn_sv_club fH5j,1,1,0,personal_number
A.n.h c.o m.u.o.n l.a.m t.j.n.h c.u.n.g e.m g.a.i x.i.n.h n.g.0.n t.a.i Đ.N k.0? L.i.e.n h.e T.e.l.e.g.r.a.m: https://t.me/dn_em_ngon_99 vL1x,1,1,0,personal_number
H.e.n h.o t.i.n.h m.o.t d.e.m c.u.n.g e.m g.a.i x.i.n.h d.e.p Đ.N n.g.0.n l.a.n.h. K.e.t b.a.n Z.a.l.o: https://zalo.me/g/dn_tinh_mot_dem sN2w,1,1,0,personal_number
D.N - E.m x.i.n.h t.u.o.i b.0.d.y n.g.0.n d.a.n.g o Đ.N c.a.n t.i.m n.g.u.o.i l.a.m t.j.n.h. T.e.l.e: https://t.ly/em_dn_sexy pB8m,1,1,0,personal_number
T.h.o.n.g b.a.o: C.l.u.b g.a.i x.i.n.h Đ.N d.a m.o c.u.a p.h.u.c v.u q.u.y a.n.h n.h.i.e.t t.i.n.h. T.e.l.e: https://t.me/dn_hot_club kM4n,1,1,0,personal_number
E.m l.a s.v n.g.0.n b.0.d.y c.h.u.a.n d.a.n.g c.a.n t.i.e.n g.a.p t.a.i Đ.N. L.H l.a.m t.j.n.h: https://bit.ly/sv_dn_ngon2 rT9y,1,1,0,personal_number
3.m.l.4.s.1.n.h.v.1.3.n.H.N.n.g.0.n.b.0.d.y.c.h.u.4.n.4.n.h.c.4.n.t.4.m.s.u.k.3.t.b.4.n.T.3.l.3:https://t.me/hnsv_2k.pQ8s,1,1,0,personal_number
H.N-T.3.l.3.g.r.4.m:C.u.n.g.c.4.p.g.4.1.x.1.n.h.p.h.u.c.v.u.t.4.1.n.h.4.B.0.d.y.n.g.0.n.K0.l.4.m.t.h.4.t.v.0.n.g:https://bit.ly/hn_hot_girl.mX2a,1,1,0,personal_number
4.n.h.c.0.n.h.u.c.4.u.t.1.m.b.4.n.t.j.n.h.H.N.k.1.n.d.4.0?3.m.n.g.0.n.b.0.d.y.c.h.u.4.n.p.h.u.c.v.u.A-Z.L.1.n.k:https://t.ly/henho_hn_68.pL2v,1,1,0,personal_number
S.0.1.n.g.0.n.H.N.g.1.4.r.3.3.m.d.1.l.4.m.t.h.3.m.k.1.3.m.t.1.3.n.h.0.c.K.3.t.b.4.n.n.h.4.n.h.1.n.h:https://zalo.me/g/sv_hanoi_hot.aB3q,1,1,0,personal_number
A.n.h.c.0.m.u.0.n.x.3.m.4.n.h.n.0.n.g.3.m.m.0.1.c.h.u.p.k.h.0?H.N-T.3.l.3.g.r.4.m.k.3.t.b.4.n.n.h.3:https://t.me/emxinh_hanoi.rT5n,1,1,0,personal_number
D.1.c.h.v.u.g.4.1.x.1.n.h.t.4.1.H.N.p.h.u.c.v.u.t.u.z.K0.n.g.0.n.K0.l.4.y.t.1.3.n.V.4.0.n.h.0.m.Z.4.l.0:https://zalo.me/g/hn_vip_girls.oP9m,1,1,0,personal_number
3.m.2.0.t.d.4.n.g.0.H.N.b.0.d.y.n.g.0.n.c.4.n.t.1.m.4.n.h.t.4.m.s.u.d.3.m.n.4.y.L.1.n.k.T.3.l.3.g.r.4.m:https://t.me/timban_hn_2k.sK1j,1,1,0,personal_number
N.h.0.m.s.1.n.h.v.1.3.n.H.N.d.1.k.h.4.c.h.k.1.n.d.4.0.n.g.0.n.n.g.0.t.A.n.h.v.4.0.x.3.m.m.3.n.u.t.4.1:https://bit.ly/menu_hn_hot.gH4z,1,1,0,personal_number
H.N-Z.4.l.0:3.m.x.1.n.h.t.u.0.1.t.3.3.n.b.0.d.y.n.g.0.n.c.4.n.t.1.m.4.n.h.n.u.0.1.L.1.n.k.n.h.0.m:https://zalo.me/g/gaixinh_hn24.uY8c,1,1,0,personal_number
T.1.m.b.4.n.t.j.n.h.k.1.n.d.4.0.t.4.1.H.N.3.m.c.0.b.0.d.y.n.g.0.n.p.h.u.c.v.u.n.h.1.3.t.t.1.n.h.L.1.n.k:https://t.me/hn_secret_68.bN2m,1,1,0,personal_number
C.4.n.n.g.u.0.1.t.4.m.s.u.d.3.m.k.h.u.y.4.t.4.1.H.N.3.m.s.1.n.h.v.1.3.n.n.g.0.n.b.0.d.y.c.h.u.4.n.T.3.l.3:https://t.me/hanoi_dem_2k.vR5t,1,1,0,personal_number
H.N-T.3.l.3:G.4.1.x.1.n.h.p.h.u.c.v.u.t.4.1.n.h.4.n.g.0.n.n.h.u.t.r.4.n.h.K0.p.h.4.1.t.h.4.t.v.0.n.g:https://t.ly/hn_dv_6868.zW1q,1,1,0,personal_number
3.m.d.4.n.g.t.1.m.b.4.n.t.j.n.h.0.H.N.b.0.d.y.n.g.0.n.c.u.c.k.y.p.h.u.c.v.u.n.h.1.3.t.t.1.n.h.T.3.l.3:https://t.me/em_hn_2k3.dF8k,1,1,0,personal_number
N.h.0.m.Z.4.l.0.g.4.1.s.1.n.h.H.N.n.g.0.n.b.0.d.y.m.4.t.m.3.A.n.h.v.4.0.c.h.0.n.s.0.1.n.h.3:https://zalo.me/g/hn_hot_girls.lP0x,1,1,0,personal_number
H.N-T.3.l.3.g.r.4.m:T.u.y.3.n.4.n.h.3.m.t.4.m.s.u.k.1.n.d.4.0.g.4.1.n.g.0.n.b.0.d.y.c.h.u.4.n.L.1.n.k:https://bit.ly/hanoi_vibe.jN4m,1,1,0,personal_number
A.n.h.c.0.n.h.u.c.4.u.g.4.1.x.1.n.h.H.N.k.0?3.m.p.h.u.c.v.u.t.4.1.n.h.4.b.0.d.y.n.g.0.n.L.1.n.k.Z.4.l.0:https://zalo.me/g/hn_sv_vip.hG7y,1,1,0,personal_number
3.m.d.4.n.g.0.H.N.b.0.d.y.n.g.0.n.c.4.n.t.1.m.4.n.h.n.u.0.1.k.1.n.d.4.0.K.3.t.b.4.n.T.3.l.3.x.3.m.h.1.n.h:https://t.me/hn_pga_2k.cM2v,1,1,0,personal_number
H.N-Z.4.l.0:S.1.n.h.v.1.3.n.d.1.l.4.m.t.h.3.m.n.g.0.n.n.g.0.t.b.0.d.y.c.h.u.4.n.V.4.0.n.h.0.m.n.h.4.n.h.1.n.h:https://bit.ly/sv_hn_hot.sB5n,1,1,0,personal_number
T.1.m.b.4.n.t.j.n.h.k.1.n.d.4.0.H.N.3.m.m.0.1.l.3.n.n.g.0.n.b.0.d.y.c.u.c.c.h.u.4.n.I.n.b.0.x.T.3.l.3:https://t.me/hn_tinh_mot_dem.kL9p,1,1,0,personal_number
G.4.1.x.1.n.h.H.N.p.h.u.c.v.u.4.n.h.t.4.1.n.h.4.b.0.d.y.n.g.0.n.K0.n.g.0.n.K0.l.4.y.t.1.3.n.L.1.n.k:https://t.ly/hanoi_vip_68.uY3z,1,1,0,personal_number
3.m.t.4.1.H.N.c.4.n.t.1.m.4.n.h.t.4.m.s.u.b.0.d.y.n.g.0.n.p.h.u.c.v.u.n.h.1.3.t.t.1.n.h.K.3.t.b.4.n.T.3.l.3:https://t.me/hn_em_xinh.wQ1a,1,1,0,personal_number
H.N-T.3.l.3.g.r.4.m:N.h.0.m.g.4.1.n.g.0.n.s.1.n.h.v.1.3.n.p.h.u.c.v.u.k.1.n.d.4.0.V.4.0.x.3.m.m.3.n.u:https://bit.ly/hn_sv_vip.xM8l,1,1,0,personal_number
A.n.h.c.0.m.u.0.n.h.3.n.h.0.c.u.n.g.g.4.1.x.1.n.h.H.N.k.0?B.0.d.y.n.g.0.n.n.g.0.t.l.1.n.k.Z.4.l.0.n.h.0.m:https://zalo.me/g/hn_henho.bV4n,1,1,0,personal_number
3.m.1.9.t.s.1.n.h.v.1.3.n.H.N.b.0.d.y.n.g.0.n.c.4.n.t.1.m.4.n.h.g.1.u.p.d.u.t.4.1.c.h.1.n.h.T.3.l.3.g.r.4.m:https://t.me/hn_sv_pga.pZ9k,1,1,0,personal_number
H.N-T.3.l.3:D.1.c.h.v.u.g.4.1.g.0.1.t.4.1.n.h.4.b.0.d.y.n.g.0.n.c.h.u.4.n.p.h.u.c.v.u.n.h.1.3.t.t.1.n.h:https://t.ly/hn_xinh_68.yR2m,1,1,0,personal_number
S.1.n.h.v.1.3.n.H.N.d.1.l.4.m.t.h.3.m.n.g.0.n.n.g.0.t.b.0.d.y.c.h.u.4.n.A.n.h.v.4.0.n.h.0.m.n.h.4.n.h.1.n.h:https://bit.ly/hn_hot_sv.sD5j,1,1,0,personal_number
T.1.m.n.g.u.0.1.t.4.m.s.u.k.1.n.d.4.0.H.N.3.m.n.g.0.n.b.0.d.y.c.u.c.c.h.u.4.n.I.n.b.0.x.T.3.l.3.x.3.m.h.1.n.h:https://t.me/hn_dem_xuan.fL1p,1,1,0,personal_number
H.N-Z.4.l.0:3.m.x.1.n.h.n.g.0.t.c.4.n.t.1.m.4.n.h.n.u.0.1.B.0.d.y.n.g.0.n.c.h.u.4.n.l.1.n.k.n.h.0.m:https://zalo.me/g/gaixinh_hn_vip.oX8c,1,1,0,personal_number
A.n.h.c.0.n.h.u.c.4.u.x.3.m.h.1.n.h.n.0.n.g.g.4.1.H.N.k.0?V.4.0.n.h.0.m.T.3.l.3.m.1.3.n.p.h.1:https://t.me/hn_hot_girls_free.hN4z,1,1,0,personal_number
D.1.c.h.v.u.g.4.1.x.1.n.h.p.h.u.c.v.u.t.4.1.n.h.4.H.N.n.g.0.n.b.0.d.y.c.h.u.4.n.K0.t.h.4.t.v.0.n.g.L.1.n.k:https://bit.ly/hn_dv_vip.xB2q,1,1,0,personal_number
3.m.2.0.t.t.4.1.H.N.b.0.d.y.n.g.0.n.n.g.0.t.c.4.n.t.1.m.4.n.h.t.4.m.s.u.k.1.n.d.4.0.T.3.l.3.g.r.4.m:https://t.me/em_hn_xinh_2k.sM9u,1,1,0,personal_number
H.N-T.3.l.3:G.r.0.u.p.g.4.1.s.1.n.h.n.g.0.n.b.0.d.y.c.h.u.4.n.A.n.h.v.4.0.x.3.m.m.3.n.u.v.4.h.1.n.h:https://zalo.me/g/hn_sv_hot.kP3y,1,1,0,personal_number
T.1.m.b.4.n.t.j.n.h.m.0.t.d.3.m.H.N.3.m.m.0.1.l.3.n.n.g.0.n.b.0.d.y.c.h.u.4.n.I.n.b.0.x.T.3.l.3:https://t.me/hn_secret_vibe.vL5n,1,1,0,personal_number
3.m.l.4.s.1.n.h.v.1.3.n.H.N.b.0.d.y.n.g.0.n.n.g.0.t.p.h.u.c.v.u.n.h.1.3.t.t.1.n.h.L.1.n.k.Z.4.l.0:https://bit.ly/sv_hn_xinh.aX2m,1,1,0,personal_number
H.N-Z.4.l.0:3.m.x.1.n.h.t.u.0.1.t.3.3.n.b.0.d.y.n.g.0.n.c.4.n.t.1.m.4.n.h.t.4.m.s.u.L.1.n.k.n.h.0.m:https://zalo.me/g/hn_vip_girls_2k.rB7c,1,1,0,personal_number
A.n.h.c.0.m.u.0.n.x.3.m.4.n.h.1.8.t.g.4.1.H.N.k.0?V.4.0.n.h.0.m.T.3.l.3.m.0.1.n.h.4.t.t.4.1:https://t.me/hn_hot_vibe.pK1z,1,1,0,personal_number
D.1.c.h.v.u.g.4.1.x.1.n.h.p.h.u.c.v.u.t.4.1.n.h.4.H.N.b.0.d.y.n.g.0.n.K0.n.g.0.n.K0.l.4.y.t.1.3.n.L.1.n.k:https://t.ly/hn_dv_xinh_68.yN4q,1,1,0,personal_number
3.m.t.4.1.H.N.c.4.n.t.1.m.4.n.h.g.1.u.p.d.u.t.4.1.c.h.1.n.h.b.0.d.y.n.g.0.n.p.h.u.c.v.u.t.4.1.n.h.4.T.3.l.3:https://t.me/hn_sv_pga_vip.mX2z,1,1,0,personal_number
H.N-T.3.l.3.g.r.4.m:N.h.0.m.g.4.1.n.g.0.n.s.1.n.h.v.1.3.n.p.h.u.c.v.u.k.1.n.d.4.0.V.4.0.n.h.4.n.h.1.n.h:https://bit.ly/hn_hot_sv_vip.sR8k,1,1,0,personal_number
T.1.m.b.4.n.t.j.n.h.k.1.n.d.4.0.t.4.1.H.N.3.m.n.g.0.n.b.0.d.y.c.u.c.c.h.u.4.n.I.n.b.0.x.T.3.l.3:https://t.me/hn_dem_xinh_2k3.vB4p,1,1,0,personal_number
[VCB DIGIBANK] Tài khoản của quý khách đã bị tạm khóa. Vui lòng đăng nhập https://vcbdigibank.vn-security.com để mở khóa ngay lập tức.,1,1,0,brandname
"VCB Digibank: Phát hiện đăng nhập lạ trên thiết bị khác. Nếu không phải bạn, vui lòng xác nhận tại https://vcbdigibank.cc-online.top để bảo mật.",1,1,0,shortcode
[VCB DIGIBANK] Cảnh báo! Tài khoản của bạn có nguy cơ bị xâm nhập. Vui lòng xác thực thông tin tại https://vcbdigibank-web.vn-vn.xyz ngay.,1,1,0,brandname
Vietcombank thông báo: Tài khoản sẽ bị ngừng dịch vụ vào lúc 24h hôm nay. Truy cập https://vcbdigibank.vn-lock.com để cập nhật lại thông tin.,1,1,0,shortcode
[VCB DIGIBANK] Quý khách có một giao dịch đang chờ xác nhận. Vui lòng kiểm tra tại https://vcbdigibank.vn-portal.net để tránh mất tiền.,1,1,0,brandname
VCB Digibank trân trọng thông báo: Tài khoản của quý khách hiện đang bị khóa. Đăng nhập https://vcb-sec.vn-verify.top để xác thực ngay.,1,1,0,shortcode
[VCB DIGIBANK] Hệ thống phát hiện rủi ro bảo mật trên tài khoản của bạn. Vui lòng nhấn vào https://vcbdigibank.online-auth.vip để xác minh.,1,1,0,brandname
Vietcombank lưu ý: Hồ sơ của bạn cần được cập nhật để tránh bị khóa thẻ sau 2 giờ nữa. Truy cập: https://vcbdigibank.vn-update.cc ngay.,1,1,0,shortcode
[VCB DIGIBANK] Thông báo khẩn: Tài khoản của quý khách bị tạm dừng do nghi ngờ gian lận. Truy cập https://vcb-web.vn-check.me để xử lý.,1,1,0,brandname
"VCB Digibank: Để bảo mật số dư, quý khách cần kích hoạt lại dịch vụ tại link https://vcbdigibank.vn-acc.info trước 18 giờ chiều nay.",1,1,0,shortcode
[VCB DIGIBANK] Cảnh báo: Tài khoản của bạn bị đăng nhập trái phép tại địa chỉ IP lạ. Xác thực tại https://vcb-portal.vn-st.top để bảo vệ.,1,1,0,brandname
Vietcombank trân trọng thông báo: Quý khách cần đồng bộ sinh trắc học ngay để không bị gián đoạn giao dịch tại https://vcbdigibank.vn-bio.cc,1,1,0,brandname
[VCB DIGIBANK] Tài khoản của quý khách sẽ bị khóa sau 30 phút vì lý do bảo mật. Vui lòng xác nhận tại https://vcb-auth.vn-secure.top ngay.,1,1,0,shortcode
VCB Digibank: Dịch vụ của quý khách tạm thời bị ngắt kết nối. Đăng nhập https://vcbdigibank.vn-home.vip để tiếp tục sử dụng dịch vụ.,1,1,0,brandname
"[VCB DIGIBANK] Phát hiện yêu cầu rút tiền bất thường. Nếu không phải bạn, hãy nhấn vào https://vcb-online.vn-check.xyz để hủy giao dịch.",1,1,0,shortcode
Vietcombank cảnh báo: Tài khoản của quý khách đang bị đe dọa. Vui lòng thay đổi thông tin tại https://vcbdigibank.vn-safe.top trước 20 giờ.,1,1,0,brandname
"[VCB DIGIBANK] Thẻ của quý khách đã bị vô hiệu hóa. Để kích hoạt lại, vui lòng thực hiện tại https://vcbdigibank.vn-card.net ngay hôm nay.",1,1,0,brandname
VCB Digibank: Thông tin cá nhân của bạn chưa được xác minh. Vui lòng hoàn tất tại https://vcb-update.vn-online.top để tránh bị khóa tài khoản.,1,1,0,shortcode
"[VCB DIGIBANK] Quý khách vừa đăng ký dịch vụ vay tín dụng thành công. Nếu không phải bạn, hãy vào https://vcbdigibank.vn-loan.cc để hủy.",1,1,0,brandname
Vietcombank thông báo: Ứng dụng VCB Digibank của bạn cần được nâng cấp bảo mật gấp tại https://vcbdigibank.vn-fix.xyz để bảo vệ tài sản.,1,1,0,shortcode
"[VCB DIGIBANK] Cảnh báo giao dịch lạ 50,000,000 VND. Để tạm dừng giao dịch này, vui lòng truy cập https://vcb-verify.vn-gate.top ngay.",1,1,0,brandname
VCB Digibank: Tài khoản của bạn đã vi phạm quy định sử dụng và sẽ bị khóa vĩnh viễn sau 1 giờ. Xác thực tại https://vcbdigibank.vn-law.cc,1,1,0,brandname
[VCB DIGIBANK] Quý khách cần cập nhật căn cước công dân để duy trì dịch vụ. Thực hiện tại https://vcbdigibank.vn-kyc.net trước 17 giờ.,1,1,0,shortcode
Vietcombank: Mã OTP của bạn đang được sử dụng ở thiết bị khác. Ngăn chặn ngay tại https://vcb-sec.vn-protect.top để tránh mất tiền.,1,1,0,brandname
[VCB DIGIBANK] Tài khoản của bạn có dấu hiệu bị hack. Vui lòng đăng nhập https://vcbdigibank.vn-lock.vip để tạm thời khóa số dư.,1,1,0,shortcode
"VCB Digibank: Điểm thưởng của bạn sắp hết hạn, vui lòng truy cập https://vcbdigibank.vn-gift.top để đổi quà trước khi bị hủy tài khoản.",1,1,0,brandname
[VCB DIGIBANK] Cảnh báo: Thiết bị lạ đang cố gắng truy cập vào tài khoản. Nhấn vào https://vcb-online.vn-alert.xyz để chặn thiết bị này.,1,1,0,brandname
Vietcombank trân trọng thông báo: Tài khoản sẽ bị tạm khóa do chưa cập nhật sinh trắc học. Xác thực tại https://vcbdigibank.vn-id.cc ngay.,1,1,0,shortcode
[VCB DIGIBANK] Thông báo khẩn cấp: Bạn có khoản nợ quá hạn cần thanh toán. Kiểm tra chi tiết tại https://vcbdigibank.vn-pay.top để tránh nợ xấu.,1,1,0,brandname
"VCB Digibank: Hệ thống đang bảo trì định kỳ, vui lòng đăng nhập https://vcb-web.vn-fix.net để không bị gián đoạn giao dịch tiền gửi.",1,1,0,shortcode
[VCB DIGIBANK] Tài khoản của quý khách bị khóa chức năng chuyển tiền. Vui lòng xác minh tại https://vcbdigibank.vn-verify.top để mở lại.,1,1,0,brandname
Vietcombank: Phát hiện hành vi rửa tiền trên tài khoản của bạn. Vui lòng xác minh nguồn tiền tại https://vcb-check.vn-law.xyz ngay lập tức.,1,1,0,brandname
"[VCB DIGIBANK] Quý khách đã thay đổi số điện thoại nhận OTP thành công. Nếu không phải bạn, hãy truy cập https://vcbdigibank.vn-otp.cc để hủy.",1,1,0,shortcode
VCB Digibank: Cảnh báo truy cập trái phép từ khu vực lạ. Đăng nhập https://vcb-portal.vn-gate.net để xác nhận danh tính của bạn.,1,1,0,brandname
[VCB DIGIBANK] Ngân hàng phát hiện rủi ro cao đối với thẻ của bạn. Hãy nhấn vào https://vcbdigibank.vn-safe.vip để tạm thời khóa thẻ.,1,1,0,shortcode
Vietcombank: Thời gian sử dụng ứng dụng của bạn đã hết hạn. Vui lòng gia hạn tại https://vcbdigibank.vn-update.top để không bị khóa thẻ.,1,1,0,brandname
[VCB DIGIBANK] Thông báo: Quý khách có một yêu cầu rút tiền mặt đang chờ. Xác nhận tại https://vcb-online.vn-cash.cc để tránh bị lừa đảo.,1,1,0,shortcode
VCB Digibank: Tài khoản của bạn bị treo do sai mật khẩu quá nhiều lần. Nhấn vào https://vcbdigibank.vn-reset.net để đặt lại mật khẩu ngay.,1,1,0,brandname
[VCB DIGIBANK] Cảnh báo rò rỉ dữ liệu người dùng. Vui lòng truy cập https://vcb-sec.vn-protect.xyz để đổi thông tin bảo mật của bạn ngay.,1,1,0,shortcode
Vietcombank trân trọng: Tài khoản của quý khách sẽ bị ngừng hoạt động sau 15 phút. Vui lòng xác thực tại https://vcbdigibank.vn-end.top,1,1,0,brandname
Shopee cần tuyển nhân viên xử lý đơn hàng và đánh giá sản phẩm tại nhà. Thu nhập từ 500.000đ đến 1.500.000đ/ngày. Yêu cầu 22-60 tuổi. Thao tác đơn giản trên điện thoại. Liên hệ Zalo: zalo.me/84901112233,1,1,0,personal_number
Shopee tuyển gấp nhân viên làm việc tại nhà. Công việc chính là xử lý đơn hàng và đánh giá sản phẩm. Lương 800.000đ/ngày. Độ tuổi yêu cầu từ 23-65. Đăng ký tại Zalo: zalo.me/84902223344,1,1,0,personal_number
"Tôi là trưởng phòng Shopee cần tuyển cộng tác viên xử lý đơn và đánh giá sản phẩm. Thu nhập ổn định 500k~3000k/ngày. Không cần kinh nghiệm, làm tại nhà. Liên hệ Zalo: zalo.me/84903334455",1,1,0,personal_number
"Shopee thông báo tuyển dụng nhân viên bán thời gian tại nhà. Công việc xử lý đơn và đánh giá sản phẩm, lương 1.000.000đ/ngày. Yêu cầu 22-60 tuổi. Nhấn vào link Zalo: zalo.me/84904445566",1,1,0,personal_number
"Shopee cần tuyển nhân sự xử lý đơn hàng trực tuyến. Thu nhập hàng ngày từ 600.000đ đến 2.500.000đ. Thao tác đơn giản, nhận lương trong ngày. Liên hệ qua Zalo: zalo.me/84905556677",1,1,0,personal_number
Shopee tìm kiếm nhân viên đánh giá sản phẩm và xử lý đơn hàng tại nhà. Lương 350–999k/ngày. Yêu cầu độ tuổi 23-65. Không cần bằng cấp. Trao đổi qua Zalo: zalo.me/84906667788,1,1,0,personal_number
"Shopee tuyển cộng tác viên làm việc từ xa, xử lý đơn hàng và tăng tương tác sản phẩm. Thu nhập 800k/ngày. Chỉ cần điện thoại di động. Kết nối Zalo: zalo.me/84907778899",1,1,0,personal_number
Tôi là quản lý nhân sự Shopee tuyển nhân viên xử lý đơn hàng. Lương mỗi ngày 500.000đ-2.000.000đ. Tuổi từ 22 đến 60. Đăng ký nhận việc tại Zalo: zalo.me/84908889900,1,1,0,personal_number
Lazada cần tuyển nhân viên xử lý đơn và đánh giá sản phẩm tại nhà. Thu nhập 500.000đ-1.500.000đ/ngày. Yêu cầu 22-60 tuổi. Thao tác đơn giản. Liên hệ Zalo: zalo.me/84911112233,1,1,0,personal_number
"Lazada thông báo tuyển dụng nhân viên bán thời gian. Công việc xử lý đơn hàng và đánh giá sản phẩm, lương 800.000đ/ngày. Yêu cầu 23-65 tuổi. Zalo: zalo.me/84912223344",1,1,0,personal_number
Tôi là trưởng phòng Lazada tuyển cộng tác viên xử lý đơn và đánh giá sản phẩm. Thu nhập 500k-3000k/ngày. Không cần kinh nghiệm. Liên hệ Zalo: zalo.me/84913334455,1,1,0,personal_number
Lazada cần tuyển nhân sự xử lý đơn hàng trực tuyến làm tại nhà. Thu nhập hàng ngày từ 600k đến 2.5tr. Thao tác đơn giản trên điện thoại. Link Zalo: zalo.me/84914445566,1,1,0,personal_number
Lazada tìm kiếm nhân viên đánh giá sản phẩm và xử lý đơn hàng. Lương 350–999k/ngày. Yêu cầu độ tuổi 22-60. Nhận lương sau khi hoàn thành. Zalo: zalo.me/84915556677,1,1,0,personal_number
"Lazada tuyển gấp cộng tác viên làm việc từ xa, xử lý đơn hàng tăng tương tác. Thu nhập 800k/ngày. Chỉ cần có điện thoại. Kết nối Zalo: zalo.me/84916667788",1,1,0,personal_number
Tôi là quản lý nhân sự Lazada tuyển nhân viên xử lý đơn hàng. Lương mỗi ngày 500.000đ-2.000.000đ. Tuổi từ 23 đến 65. Đăng ký tại Zalo: zalo.me/84917778899,1,1,0,personal_number
"Lazada tuyển nhân viên xử lý đơn hàng và đánh giá sản phẩm tại nhà. Thu nhập từ 1.000.000đ/ngày. Thao tác đơn giản, không cần kinh nghiệm. Zalo: zalo.me/84918889900",1,1,0,personal_number
Amazon cần tuyển nhân viên xử lý đơn đặt hàng TMĐT làm tại nhà. Thu nhập 500k~3000k/ngày. Yêu cầu 23-60 tuổi. Liên hệ Zalo: zalo.me/84921112233 Zalo: 84921112233,1,1,1,personal_number
"eBay cần tuyển cộng tác viên xử lý đơn hàng trực tuyến. Thu nhập 800.000đ/ngày. Thao tác đơn giản, không cần kinh nghiệm. Liên hệ Zalo: zalo.me/84922223344 Zalo: 84922223344",1,1,1,personal_number
Amazon thông báo tuyển dụng nhân viên làm việc tại nhà. Lương 500k-2tr/ngày. Yêu cầu độ tuổi 22-65. Liên hệ ngay Zalo: zalo.me/84923334455 Zalo: 84923334455,1,1,1,personal_number
eBay tìm kiếm nhân sự xử lý đơn đặt hàng TMĐT. Thu nhập 350–999k/ngày. Làm việc mọi lúc mọi nơi bằng điện thoại. Zalo: zalo.me/84924445566 Zalo: 84924445566,1,1,1,personal_number
Amazon tuyển nhân viên bán thời gian xử lý đơn hàng. Thu nhập hấp dẫn 1.000.000đ/ngày. Yêu cầu 23-60 tuổi. Liên hệ Zalo: zalo.me/84925556677 Zalo: 84925556677,1,1,1,personal_number
"eBay cần tuyển nhân viên làm việc từ xa. Công việc xử lý đơn hàng, lương 500k-3tr/ngày. Thao tác cực kỳ đơn giản. Zalo: zalo.me/84926667788 Zalo: 84926667788",1,1,1,personal_number
Amazon tuyển dụng vị trí xử lý đơn hàng TMĐT. Lương trả theo ngày 800k. Yêu cầu từ 22-65 tuổi. Liên hệ qua Zalo: zalo.me/84927778899 Zalo: 84927778899,1,1,1,personal_number
eBay cần người xử lý đơn hàng trực tuyến tại nhà. Thu nhập hàng ngày 500.000đ-2.000.000đ. Không cần kinh nghiệm. Zalo: zalo.me/84928889900 Zalo: 84928889900,1,1,1,personal_number
TikTok tuyển nhân viên xử lý đơn hàng trên nền tảng TikTok. Thu nhập 350-999k/ngày. Nhận tiền sau 13-25 phút. Liên hệ Zalo: zalo.me/84931112233 Zalo: 84931112233,1,1,1,personal_number
"TikTok cần tuyển cộng tác viên làm việc tại nhà. Công việc xử lý đơn hàng, lương 800k/ngày. Nhận tiền ngay sau 20 phút. Zalo: zalo.me/84932223344 Zalo: 84932223344",1,1,1,personal_number
TikTok thông báo tuyển dụng nhân sự xử lý đơn hàng. Thu nhập 500k-2tr/ngày. Yêu cầu 22-65 tuổi. Liên hệ Zalo: zalo.me/84933334455 Zalo: 84933334455,1,1,1,personal_number
TikTok tìm kiếm nhân viên làm việc từ xa bằng điện thoại. Lương 350–999k/ngày. Thanh toán sau 15 phút. Liên hệ Zalo: zalo.me/84934445566 Zalo: 84934445566,1,1,1,personal_number
"TikTok cần tuyển nhân viên xử lý đơn hàng trực tuyến. Thu nhập 1.000.000đ/ngày. Thao tác đơn giản, tiền về tài khoản ngay. Zalo: zalo.me/84935556677 Zalo: 84935556677",1,1,1,personal_number
TikTok tuyển dụng nhân sự xử lý đơn hàng tại nhà. Lương 800k/ngày. Yêu cầu độ tuổi 23-60. Liên hệ qua Zalo: zalo.me/84936667788 Zalo: 84936667788,1,1,1,personal_number
TikTok cần người hỗ trợ xử lý đơn hàng trên nền tảng. Thu nhập 500k-3tr/ngày. Nhận lương sau 13-25 phút làm việc. Zalo: zalo.me/84937778899 Zalo: 84937778899,1,1,1,personal_number
TikTok thông báo tuyển gấp nhân viên làm thêm tại nhà. Thu nhập 350-999k/ngày. Không cần kinh nghiệm. Liên hệ Zalo: zalo.me/84938889900 Zalo: 84938889900,1,1,1,personal_number
Tiki tuyển nhân viên đặt hàng để nâng thứ hạng cửa hàng. Thu nhập 800.000đ/ngày. Lương quyết toán ngay trong ngày. Liên hệ Zalo: 84771112233,1,0,1,personal_number
Tôi là giám đốc Tiki cần tuyển nhân viên đặt hàng nâng cao giao dịch. Thu nhập 500k-2tr/ngày. Yêu cầu 22-65 tuổi. Zalo: 84772223344,1,0,1,personal_number
"Tiki tuyển số lượng lớn nhân viên chuyên đặt hàng. Chỉ cần kinh nghiệm mua sắm trực tuyến, kiếm 800k/ngày dễ dàng. Zalo: 84773334455",1,0,1,personal_number
"Tiki cần nhân viên đặt hàng để nâng thứ hạng shop. Thu nhập 1.000.000đ/ngày, trả lương ngay. Yêu cầu 23-60 tuổi. Zalo: 84774445566",1,0,1,personal_number
Công ty HVS tuyển nhân viên bán thời gian làm tại nhà. Thu nhập 500k-1tr/ngày. Tuổi 22-65. Liên hệ Zalo: zalo.me/84961112233 Zalo: 84961112233,1,1,1,personal_number
"Công ty EMIME tuyển nhân viên làm việc từ xa. Lương 800.000đ/ngày. Thao tác đơn giản, không yêu cầu kinh nghiệm. Zalo: zalo.me/84962223344 Zalo: 84962223344",1,1,1,personal_number
Tôi là quản lý EMIME tuyển nhân viên bán thời gian. Thu nhập 15-30tr/tháng (500k-1tr/ngày). Liên hệ Zalo: zalo.me/84963334455 Zalo: 84963334455,1,1,1,personal_number
Công ty HVS thông báo tuyển dụng nhân sự làm tại nhà. Thu nhập 350–999k/ngày. Độ tuổi từ 22 đến 65. Zalo: zalo.me/84964445566 Zalo: 84964445566,1,1,1,personal_number
"Cty H-V-S cần tuyển n-h-a-n v-i-e-n xử lý đơn hàng A-m-a-z-o-n. Thu nhập 500k~3000k/ngày, làm tại nhà, không cần kinh nghiệm. Tuổi 23-60. Zalo: zalo.me/84928374651 Zalo: 84928374651",1,1,1,personal_number
"Tôi là trưởng phòng C-t-y H-V-S, tuyển nv T-i-k-t-o-k. Thu nhập 800.000đ/ngày, nhận tiền sau 13-25 phút, thao tác đơn giản. Tuổi 22-65. Zalo: zalo.me/84771239847 hoặc 84771239847",1,1,1,personal_number
Cty H-V-S t-u-y-e-n-d-u-n-g gấp nv xử lý đơn và đánh giá sản phẩm S-h-o-p-e-e tại nhà. Thu nhập 350–999k/ngay. Tuổi 22-55. Đăng ký Zalo: zalo.me/84339871234,1,1,0,personal_number
"C-t-y H-V-S hợp tác T-I-K-I cần tuyển người đặt hàng nâng thứ hạng cửa hàng. Kiếm 800.000đ/ngày bằng điện thoại, lương trả ngay. Tuổi 23-60. Zalo: 84556781299",1,0,1,personal_number
"Tôi là quản lý Cty H-V-S tuyển n.v b.á.n t.h.ờ.i g.i.a.n. Lương 600k-3000k/ngày, làm tại nhà. Yêu cầu 22-65 tuổi. Liên hệ Zalo: zalo.me/84882341992 Zalo: 84882341992",1,1,1,personal_number
"Cty H-V-S cần tuyển n-v xử lý đơn TMĐT E-b-a-y. Lương 10tr-50tr/tháng (800k-2.5tr/ngày), không kinh nghiệm. Tuổi 23-60. Zalo: zalo.me/84912345001 Zalo: 84912345001",1,1,1,personal_number
"C-t-y H-V-S/T-i-k-t-o-k thông báo tuyển dụng n.v xử lý đơn hàng. Nhận tiền sau 15-20 phút, thu nhập 500k-1tr/ngày. Tuổi 22-65. Zalo: zalo.me/84701234567 hoặc 84701234567",1,1,1,personal_number
"Cty H-V-S tuyển gấp n.v đánh giá sản phẩm L-a-z-a-d-a tại nhà. Thu nhập 400k-1.2tr/ngày, nhận tiền trong ngày. Tuổi 22-60. Zalo: zalo.me/84934567112",1,1,0,personal_number
"C-t-y H-V-S/T-I-K-I cần tuyển n-v đặt hàng tăng tương tác cửa hàng. Lương 700k-2000k/ngày, chỉ cần smartphone. Tuổi 23-65. Zalo: 84762345987",1,0,1,personal_number
"Chào bạn, tôi là nhân sự Cty H-V-S tuyển n.v làm tại nhà. Lương hấp dẫn 500k~3000k/ngày, thao tác đơn giản. Tuổi 22-60. Zalo: zalo.me/84988776655 Zalo: 84988776655",1,1,1,personal_number
"Cty H-V-S thông báo t-u-y-e-n n-v xử lý đơn hàng A-m-a-z-o-n. Thu nhập 800.000đ/ngày, làm lúc rảnh. Tuổi 23-60. Liên hệ Zalo: zalo.me/84911223344 Zalo: 84911223344",1,1,1,personal_number
"C-t-y H-V-S tuyển c.ộ.n.g t.á.c v.i.ê.n T-i-k-t-o-k. Kiếm 350-999k/ngay, tiền về sau 13-25 phút. Tuổi 22-65. Zalo: zalo.me/84775566778 hoặc 84775566778",1,1,1,personal_number
"Cty H-V-S tìm n-v làm việc tại nhà xử lý đơn S-h-o-p-e-e. Lương 500k-1.5tr/ngày, không yêu cầu bằng cấp. Tuổi 22-60. Zalo: zalo.me/84332211009",1,1,0,personal_number
"Cty H-V-S tuyển n-v đặt đơn T-I-K-I hỗ trợ cửa hàng. Thu nhập 900k/ngày, thanh toán ngay khi hoàn thành. Tuổi 23-60. Zalo: 84559988771",1,0,1,personal_number
"C-t-y H-V-S cần tuyển n-v b-a-n t-h-o-i g-i-a-n online. Lương 15-30tr/tháng (500k-1tr/ngày), tuổi 22-65. Zalo: zalo.me/84881122334 Zalo: 84881122334",1,1,1,personal_number
"Cty H-V-S tuyển gấp n.v xử lý đơn đặt hàng E-b-a-y. Thu nhập 800k-3tr/ngày, làm tại nhà bằng điện thoại. Tuổi 23-60. Zalo: zalo.me/84909080706 Zalo: 84909080706",1,1,1,personal_number
"Tôi là giám đốc C-t-y H-V-S tuyển n.v T-i-k-t-o-k. Nhận 500k-2tr/ngày, tiền về tài khoản sau 20 phút. Tuổi 22-65. Zalo: zalo.me/84773344556 hoặc 84773344556",1,1,1,personal_number
"Cty H-V-S t-u-y-e-n n-v đánh giá sản phẩm L-a-z-a-d-a. Lương 400k-1tr/ngày, thao tác đơn giản trên app. Tuổi 22-60. Zalo: zalo.me/84334455667",1,1,0,personal_number
"Cty H-V-S/T-I-K-I cần tuyển cộng tác viên đặt đơn hàng. Thu nhập 600k-1.8tr/ngày, không cọc không phí. Tuổi 23-65. Zalo: 84761122334",1,0,1,personal_number
"Chào bạn, Cty H-V-S tuyển n.v làm việc tại nhà. Lương 500k~3000k/ngày, rảnh lúc nào làm lúc đó. Tuổi 22-60. Zalo: zalo.me/84912233445 Zalo: 84912233445",1,1,1,personal_number
"Cty H-V-S cần n.v x.ử l.ý đ.ơ.n h.à.n.g A-m-a-z-o-n gấp. Lương 800.000đ/ngày, nhận tiền ngay. Tuổi 23-60. Liên hệ Zalo: zalo.me/84905566778 Zalo: 84905566778",1,1,1,personal_number
"Tôi là quản lý nhân sự C-t-y H-V-S tuyển n.v T-i-k-t-o-k. Thu nhập 350-999k/ngay, làm tại nhà 30p/ngày. Tuổi 22-65. Zalo: zalo.me/84778899001 hoặc 84778899001",1,1,1,personal_number
"Cty H-V-S tuyển gấp n-v đánh giá shop S-h-o-p-e-e. Lương 500k-2tr/ngày, công việc ổn định lâu dài. Tuổi 22-60. Zalo: zalo.me/84336677889",1,1,0,personal_number
"Cty H-V-S/T-I-K-I tìm người đặt hàng nâng thứ hạng. Kiếm 700k-1.5tr/ngày đơn giản, thanh toán hàng ngày. Tuổi 23-60. Zalo: 84551122334",1,0,1,personal_number
"C-t-y H-V-S tuyển n-v b-a-n t-h-o-i g-i-a-n rảnh rỗi. Lương 600k-3tr/ngày, chỉ cần có thẻ ATM. Tuổi 22-65. Zalo: zalo.me/84889900112 Zalo: 84889900112",1,1,1,personal_number
"Cty H-V-S cần tuyển n-v xử lý đơn E-b-a-y thu nhập cao. 1tr-3tr/ngày, làm tại nhà linh hoạt. Tuổi 23-60. Zalo: zalo.me/84922334455 Zalo: 84922334455",1,1,1,personal_number
"C-t-y H-V-S t-u-y-e-n n-v T-i-k-t-o-k nhận tiền sau 15 phút. Thu nhập 800k/ngày, không cần kinh nghiệm. Tuổi 22-65. Zalo: zalo.me/84771133557 hoặc 84771133557",1,1,1,personal_number
"Cty H-V-S tuyển n-v đánh giá sản phẩm L-a-z-a-d-a số lượng lớn. Lương 450k-1.2tr/ngày, làm trên điện thoại. Tuổi 22-60. Zalo: zalo.me/84337788990",1,1,0,personal_number
"Cty H-V-S/T-I-K-I cần tuyển nv đặt hàng ảo nâng hạng cửa hàng. Thu nhập 500k-2tr/ngày, tiền về ngay. Tuổi 23-65. Zalo: 84769988776",1,0,1,personal_number
"Chào bạn, Cty H-V-S đang cần người làm n-v b-a-n t-h-o-i g-i-a-n. Lương 500k~3000k/ngày, rất đơn giản. Tuổi 22-60. Zalo: zalo.me/84944556677 Zalo: 84944556677",1,1,1,personal_number
"Cty H-V-S tuyển n.v xử lý đơn hàng A-m-a-z-o-n tại nhà. Thu nhập 800.000đ/ngày, rảnh làm bận nghỉ. Tuổi 23-60. Zalo: zalo.me/84911335577 Zalo: 84911335577",1,1,1,personal_number
"Tôi là trưởng phòng C-t-y H-V-S tuyển nv T-i-k-t-o-k lương cao. 350-999k/ngay, nhận tiền trong 20 phút. Tuổi 22-65. Zalo: zalo.me/84772244668 hoặc 84772244668",1,1,1,personal_number
"Cty H-V-S tuyển gấp n.v cộng tác viên S-h-o-p-e-e. Lương 600k-1.5tr/ngày, hướng dẫn 1-1 miễn phí. Tuổi 22-60. Đăng ký ngay: zalo.me/84331133557",1,1,0,personal_number
"Cty H-V-S/T-I-K-I tuyển người đặt đơn nâng thứ hạng shop. Thu nhập 750k/ngày, trả lương qua ATM mỗi ngày. Tuổi 23-60. Zalo: 84553344556",1,0,1,personal_number
C-t-y H-V-S tuyển n-h-a-n v-i-e-n bán thời gian online. Lương 10tr-30tr/tháng (500k-1tr/ngày). Tuổi 22-65. Zalo: zalo.me/84883355779 Zalo: 84883355779,1,1,1,personal_number
"Cty H-V-S cần tuyển n-v xử lý đơn TMĐT E-b-a-y gấp. Thu nhập 800k-2.5tr/ngày, làm tại nhà 1-2 tiếng. Tuổi 23-60. Zalo: zalo.me/84955667788 Zalo: 84955667788",1,1,1,personal_number
"C-t-y H-V-S/T-i-k-t-o-k tuyển nv làm nhiệm vụ video. Kiếm 500k-1.2tr/ngày, tiền về sau mỗi nhiệm vụ. Tuổi 22-65. Zalo: zalo.me/84776688002 hoặc 84776688002",1,1,1,personal_number
"Cty H-V-S tuyển n-v đánh giá sản phẩm L-a-z-a-d-a tại nhà. Lương 400k-900k/ngày, không cần cọc. Tuổi 22-60. Zalo: zalo.me/84332244668",1,1,0,personal_number
"Cty H-V-S/T-I-K-I tuyển n-v đặt đơn hàng hỗ trợ shop. Thu nhập 850k/ngày, lương quyết toán trong ngày. Tuổi 23-65. Zalo: 84765544332",1,0,1,personal_number
"Chào bạn, C-t-y H-V-S tuyển gấp n-v b-a-n t-h-o-i g-i-a-n. Lương 500k~3000k/ngày, tuổi 22-60, làm tại nhà. Zalo: zalo.me/84988112233 Zalo: 84988112233",1,1,1,personal_number
[T.B] BHXH: 0ng (B4) d4 du d!3u k!3n nh4n t13n h0 tr0 tu quy BH-TN theo NQ-116. B4m v40 www.zxcvb.icu d3 l4y. QU4 H4N S3 KH0NG DU0C CH4P NH4N! qW1e,1,1,0,personal_number
"Theo NQ-116, 0ng/B4 d4 du d13u k13n nh4n t13n h0 tr0 tu quy BHTN. B4m v4o www.lkjhg.icu d3 nh4n. QU4 H4N S3 KH0NG DU0C CH4P NH4N! mN3b",1,1,0,personal_number
BHXH VN: 0ng (B4) DU D13U K13N nh4n t13n h0 tr0 BHTN d0t 3. Nh4n t41 mo.asdfg.com tru0c kh1 QU4 H4N. vB4n,1,1,0,personal_number
[T.B] B.H.X.H: 0ng (B4) d4 du d!3u k!3n NHAN T1EN h0 tr0 tu quy BHTN. B4m v40 www.mnbvc.icu d3 l4y. QU4 H4N S3 KH0NG DU0C CH4P NH4N! rT5y,1,1,0,personal_number
"Theo Q-u-y-e-t d-1-n-h BHXH, 0ng/B4 d4 du d13u k13n nh4n t13n h0 tr0 tu quy BHTN. Nh4n t41 mo.poiuy.com. QU4 H4N S3 KH0NG DU0C CH4P NH4N! lK8j",1,1,0,personal_number
[BHXH-VN] 0ng (B4) d4 du d13u k13n nh4n t13n h0 tr0 tu quy BHTN n30 NQ-116. B4m v40 www.qazws.icu d3 l4y. QU4 H4N S3 KH0NG DU0C CH4P NH4N! pO9m,1,1,0,personal_number
B.H.X.H V.N: 0ng/B4 d4 du d!3u k!3n nh4n t13n tu quy BHTN. B4m v40 www.edcrf.icu d3 nh4n t13n. QU4 H4N S3 KH0NG DU0C CH4P NH4N! xS2w,1,1,0,personal_number
"Theo NQ-116, 0ng (B4) da du d!eu k!en nh4n t13n h0 tr0 tu quy BHTN. Nh4n t41 mo.tgbnh.com tru0c kh1 QU4 H4N. cD3v",1,1,0,personal_number
BHXH: 0ng/B4 d4 du d13u k13n nh4n t13n h0 tr0 tu quy-BHTN. B4m v4o www.yhnjm.icu d3 l4y. QU4 H4N S3 KH0NG DU0C CH4P NH4N! bG6t,1,1,0,personal_number
[T-B] BHXH: 0ng (B4) d4 du d!3u k!3n nh4n h0 tr0 tu quy BHTN theo NQ-116. B4m v40 www.ujmki.icu d3 l4y. QU4 H4N S3 KH0NG DU0C CH4P NH4N! nH7y,1,1,0,personal_number
BHXH-VN: 0ng (B4) DU D13U K13N nh4n t13n tu quy BHTN dot 2. Nh4n t41 mo.plokm.com. QU4 H4N S3 KH0NG DU0C CH4P NH4N! mJ5u,1,1,0,personal_number
"Theo Q-u-y-e-t d-1-n-h BHXH, 0ng/B4 d4 du d13u k13n nh4n t13n BHTN. B4m v4o www.olpzx.icu d3 l4y. QU4 H4N S3 KH0NG DU0C CH4P NH4N! kI4i",1,1,0,personal_number
[BHXH] 0ng (B4) d4 du d!3u k!3n nh4n t13n h0 tr0 tu quy BHTN. B4m v40 www.vfrbg.icu d3 nh4n. QU4 H4N S3 KH0NG DU0C CH4P NH4N! uY2t,1,1,0,personal_number
"Theo NQ-116, 0ng/B4 da du d!eu k!en nh4n t13n h0 tr0 tu quy BHTN. Nh4n t41 mo.ijnuh.com. QU4 H4N S3 KH0NG DU0C CH4P NH4N! hG1f",1,1,0,personal_number
B.H.X.H: 0ng (B4) DU D13U K13N nh4n t13n h0 tr0 BHTN. B4m v40 www.gtnhy.icu d3 l4y t13n. QU4 H4N S3 KH0NG DU0C CH4P NH4N! fR9d,1,1,0,personal_number
BHXH VN: 0ng/B4 d4 du d13u k13n nh4n t13n h0 tr0 tu quy BHTN. B4m v4o www.bvcxz.icu d3 l4y. QU4 H4N S3 KH0NG DU0C CH4P NH4N! dS8s,1,1,0,personal_number
[T.B] B.H.X.H: 0ng (B4) d4 du d!3u k!3n nh4n t13n h0 tr0 tu quy BHTN. Nh4n t41 mo.rfvbg.com. QU4 H4N S3 KH0NG DU0C CH4P NH4N! sA4a,1,1,0,personal_number
"Theo NQ-116, 0ng/B4 d4 du d!3u k!3n nh4n t13n h0 tr0 tu quy BHTN. B4m v4o www.wsxed.icu d3 l4y. QU4 H4N S3 KH0NG DU0C CH4P NH4N! aZ5x",1,1,0,personal_number
BHXH: 0ng (B4) da du d!eu k!en nh4n t13n h0 tr0 tu quy BHTN. B4m v4o www.rfvtg.icu d3 nh4n. QU4 H4N S3 KH0NG DU0C CH4P NH4N! xC3c,1,1,0,personal_number
[BHXH-VN] 0ng/B4 d4 du d13u k13n nh4n t13n h0 tr0 BHTN d0t 3. Nh4n t41 mo.tgbnh.com. QU4 H4N S3 KH0NG DU0C CH4P NH4N! vB2v,1,1,0,personal_number
"Theo Q-u-y-e-t d-1-n-h BHXH, 0ng (B4) d4 du d!3u k!3n nh4n t13n BHTN. B4m v40 www.yhnmk.icu d3 l4y. QU4 H4N S3 KH0NG DU0C CH4P NH4N! bN1n",1,1,0,personal_number
BHXH: 0ng/B4 d4 du d13u k13n nh4n t13n tu quy BHTN theo NQ-116. B4m v40 www.jmko l.icu d3 l4y. QU4 H4N S3 KH0NG DU0C CH4P NH4N! nM9m,1,1,0,personal_number
[T.B] B.H.X.H: 0ng (B4) DU D13U K13N nh4n t13n h0 tr0 tu quy BHTN. Nh4n t41 mo.zaqws.com. QU4 H4N S3 KH0NG DU0C CH4P NH4N! lK7j,1,1,0,personal_number
"Theo NQ-116, 0ng/B4 d4 du d!3u k!3n nh4n t13n h0 tr0 tu quy BHTN. B4m v4o www.xswed.icu d3 nh4n. QU4 H4N S3 KH0NG DU0C CH4P NH4N! kH6h",1,1,0,personal_number
BHXH VN: 0ng (B4) da du d!eu k!en nh4n t13n h0 tr0 tu quy BHTN. B4m v40 www.cdefr.icu d3 l4y. QU4 H4N S3 KH0NG DU0C CH4P NH4N! jG5g,1,1,0,personal_number
[BHXH] 0ng/B4 d4 du d13u k13n nh4n t13n h0 tr0 tu quy-BHTN. Nh4n t41 mo.vfrtg.com. QU4 H4N S3 KH0NG DU0C CH4P NH4N! hF4f,1,1,0,personal_number
"Theo Q-u-y-e-t d-1-n-h BHXH, 0ng (B4) d4 du d!3u k!3n nh4n t13n BHTN. B4m v40 www.bnhyu.icu d3 l4y. QU4 H4N S3 KH0NG DU0C CH4P NH4N! gD3d",1,1,0,personal_number
BHXH-VN: 0ng/B4 DU D13U K13N nh4n t13n h0 tr0 BHTN d0t 4. B4m v40 www.mjnko.icu d3 l4y. QU4 H4N S3 KH0NG DU0C CH4P NH4N! fS2s,1,1,0,personal_number
[T.B] BHXH: 0ng (B4) d4 du d!3u k!3n nh4n t13n h0 tr0 BHTN n30 NQ-116. Nh4n t41 mo.plmko.com. QU4 H4N S3 KH0NG DU0C CH4P NH4N! dZ1a,1,1,0,personal_number
"Theo NQ-116, 0ng/B4 da du d!eu k!en nh4n t13n h0 tr0 tu quy BHTN. B4m v4o www.qazpl.icu d3 nh4n. QU4 H4N S3 KH0NG DU0C CH4P NH4N! sX9w",1,1,0,personal_number
B.H.X.H: 0ng (B4) DU D13U K13N nh4n t13n h0 tr0 tu quy BHTN. B4m v40 www.wsxcv.icu d3 l4y t13n. QU4 H4N S3 KH0NG DU0C CH4P NH4N! xC8v,1,1,0,personal_number
BHXH VN: 0ng/B4 d4 du d13u k13n nh4n t13n h0 tr0 tu quy BHTN. Nh4n t41 mo.edcrf.com. QU4 H4N S3 KH0NG DU0C CH4P NH4N! vB7n,1,1,0,personal_number
[BHXH] 0ng (B4) d4 du d!3u k!3n nh4n t13n h0 tr0 BHTN theo NQ-116. B4m v40 www.rfvbh.icu d3 nh4n. QU4 H4N S3 KH0NG DU0C CH4P NH4N! bN6m,1,1,0,personal_number
"Theo Q-u-y-e-t d-1-n-h BHXH, 0ng/B4 d4 du d13u k13n nh4n t13n BHTN. B4m v4o www.tgbyu.icu d3 l4y. QU4 H4N S3 KH0NG DU0C CH4P NH4N! nJ5k",1,1,0,personal_number
BHXH-VN: 0ng (B4) d4 du d!3u k!3n nh4n t13n h0 tr0 tu quy BHTN. Nh4n t41 mo.yhnmk.com. QU4 H4N S3 KH0NG DU0C CH4P NH4N! mK4l,1,1,0,personal_number
[T.B] B.H.X.H: 0ng/B4 DU D13U K13N nh4n t13n h0 tr0 tu quy-BHTN. B4m v40 www.ujmko.icu d3 nh4n. QU4 H4N S3 KH0NG DU0C CH4P NH4N! lO3p,1,1,0,personal_number
"Theo NQ-116, 0ng (B4) da du d!eu k!en nh4n t13n h0 tr0 tu quy BHTN. B4m v4o www.ikolp.icu d3 l4y. QU4 H4N S3 KH0NG DU0C CH4P NH4N! kI2u",1,1,0,personal_number
BHXH: 0ng/B4 d4 du d13u k13n nh4n t13n h0 tr0 tu quy BHTN. Nh4n t41 mo.qazxs.com. QU4 H4N S3 KH0NG DU0C CH4P NH4N! jU1y,1,1,0,personal_number
[BHXH-VN] 0ng (B4) DU D13U K13N nh4n t13n h0 tr0 tu quy BHTN. B4m v40 www.wsxed.icu d3 l4y. QU4 H4N S3 KH0NG DU0C CH4P NH4N! hY9t,1,1,0,personal_number
"Theo Q-u-y-e-t d-1-n-h BHXH, 0ng/B4 d4 du d13u k13n nh4n t13n BHTN. B4m v4o www.rfvtg.icu d3 nh4n. QU4 H4N S3 KH0NG DU0C CH4P NH4N! gR8e",1,1,0,personal_number
"Chào bạn, công v!ệc t#hả t!m v!deo cực dễ, ngày làm 10p nhận n^gay 150k vào tk, không cần v^ốn hay k!nh n^ghiệm gì đâu.",1,0,0,personal_number
"Muốn k!ếm thêm th^u n^hập th^ụ đ^ộng 300k-1tr mỗi ngày không bạn? Chỉ cần có đ!ện th0ại, tham gia n^gay: t.me/vieclamonline_2024",1,1,0,personal_number
Bạn ck v@ào số tk này để n@ạp v@ốn đ@ầu t@ư v@ào s@àn nhé. NH VIB - STK: 62718293041 - CT TNHH THUONG MAI DICH VU SUNSHINE.,1,0,0,personal_number
"C@ông v!ệc đơn g!ản t#hả t!m v!deo T!kTok nhận l@ương m^ỗi n^gày. 10 n^hiệm v^ụ n^hận 200k, làm t@ại n^hà l^úc r@ảnh nhé.",1,0,0,personal_number
"G!áo v!ên sẽ h^ướng d^ẫn bạn cách k!ếm 500k-2tr/ngày cực nhanh, không r@ủi r0, tham gia nhóm n^gay: t.me/kiemtien_tiktok_vn",1,1,0,personal_number
Anh/chị n@ạp t@iền v@ào tk để bên em k@ết t0án l@ợi n^huận hôm nay nhé. NH Techcombank - STK: 19033482716012 - CONG TY TNHH FINTECH VN,1,0,0,personal_number
"Bạn ơi, b@ên m@ình đ@ang t@uyển c^ộng t^ác v!ên t#hả t!m v!deo d@ạo k!ếm 100k/ngày, c#hỉ c^ần 15 p^hút là x0ng.",1,0,0,personal_number
"Cơ h^ội x2 t@ài k#hoản m^ỗi n^gày c^ùng c#huyên g!a, k#hông c^ần v^ốn l^ớn. L!ên h^ệ t@ại: t.me/chuyengia_dautu_99",1,1,0,personal_number
"Để n@ạp t@iền v@ào h^ệ t#hống, b@ạn c#huyển k#hoản đ^úng n^ội d^ung nhé. NH Vietinbank - STK: 10283746552 - CT TNHH DAU TU PHAT TRIEN THINH VUONG",1,0,0,personal_number
"Bạn có m^uốn k!ếm 200k n#hanh c#hóng c#hỉ b@ằng c@ách b@ình l@uận v!deo k#hông? K#hông c^ần k!nh n^ghiệm, l@àm l@à có t!ền.",1,0,0,personal_number
"T#hu n^hap t#hu đ^ộng t@ại n^hà, c#hỉ c^ần đ!ện t#hoại c0́ m@ạng. G!áo v!ên c@am k^ết k!ếm 1tr/ngày: t.me/lamvieconline_hcm",1,1,0,personal_number
"Em đã làm l^ệnh n@ạp cho m@ình r@ồi, a/c c#huyển v@ào STK: 0021000472819 - NH Vietcombank - TK: CONG TY TNHH GIAI PHAP SO ANA",1,0,0,personal_number
"Chào b@ạn, m@ình l@à n^hân v!ên h^ỗ t^rợ T!kTok. B@ạn có m^uốn n^hận 150k m^ỗi n^gày n#hờ v!ệc t#hả t!m v!deo k#hông?",1,0,0,personal_number
"K!ếm t!ền t@ại n^hà c^ực d^ễ, l@ương trả t#heo n^gày t@ừ 300k-500k. Nhấp v@ào l!nk để n^hận n^hiệm v^ụ: t.me/tiktok_nhiemvu_24h",1,1,0,personal_number
V@ui l@òng n@ạp t!ền đ^ầu t@ư v@ào tk cty để được n^hận l@ãi 20% m^ỗi n^gày. NH MB - STK: 8251109283746 - CT TNHH TM DV PHAT LOC,1,0,0,personal_number
"Bạn chỉ cần t#hả t!m 10 v!deo T!kTok m^ỗi n^gày l@à có n^gay 100k c#huyển k#hoản vào 20h t^ối, k#hông m^ất p#hí.",1,0,0,personal_number
"H^ướng d^ẫn k!ếm t!ền online k#hông c^ần v^ốn, cam k^ết r^út t!ền t#hành c^ông. K@ết n^ối n^gay: t.me/admin_kiemtien_free",1,1,0,personal_number
A/c c#huyển k#hoản n@ạp t!ền v@ào tk: 0918273645 - NH TPBank - TK: CONG TY TNHH DAU TU TAI CHINH THU DO để bắ^t đ^ầu n^hiệm v^ụ.,1,0,0,personal_number
"Tuyển c^ộng t^ác v!ên l@àm n^hiệm v^ụ t#hả t!m, b@ình l@uận d@ạo. Th^u n^hập ổn đ@ịnh 200k/ngày, c#hỉ t^ốn 20 p^hút.",1,0,0,personal_number
"Nhóm h^ỗ t^rợ k!ếm t!ền cho m^ẹ b^ỉm s^ữa, s!nh v!ên. K#hông c^ọc, k#hông v^ốn. Vào n^gay: t.me/vieclam_mebim_2024",1,1,0,personal_number
A/c n@ạp th^êm 5tr để k@ết t#húc g@ói đ^ầu t@ư n@ày v@à r^út l@ãi n^hé. STK: 19022837465011 - NH Techcombank - CT CP DAU TU LONG THANH,1,0,0,personal_number
"Công v!ệc t@ại n^hà c#ho m@ọi n^gười, c#hỉ c^ần t#hả t!m T!kTok n^hận l@ương t#heo n^gày 150k. Inbox em h^ướng d^ẫn n^hé.",1,0,0,personal_number
"C#hỉ v^ới 15 p^hút m^ỗi n^gày, b@ạn c0́ t#hể k!ếm đ^ược 500k-1tr. G!áo v!ên h^ướng d^ẫn t^ận t^ình t@ại: t.me/huongdan_kiemtien_pro",1,1,0,personal_number
Bạn c#huyển t!ền v@ào tk sau để n^hận l^ệnh đ^ặt đơn n^hé. NH Agribank - STK: 5900205182734 - CT TNHH PHAT TRIEN THUONG MAI BLUE,1,0,0,personal_number
"Chào b@ạn, m@ình th^ấy b@ạn đ^ang t@ìm v!ệc. B@ên m@ình c0́ n^hiệm v^ụ t#hả t!m v!deo n^hận 100k/ngày, b@ạn l@àm k#hông?",1,0,0,personal_number
Tham gia n^hiệm v^ụ Telegram n^hận q^uà k#hủng v@à t!ền m@ặt m^ỗi n^gày. L!nk n^hóm d^uy n^hất: t.me/nhiemvu_shopee_68,1,1,0,personal_number
"Đ^ể k@ích h0ạt t@ài k#hoản đ^ầu t@ư, a/c v@ui l@òng c#huyển 2tr v@ào NH MSB - STK: 0400101827364 - CT TNHH DAU TU QUOC TE THAI BINH DUONG",1,0,0,personal_number
"V!ệc n^hẹ l^ương c@ao, t#hả t!m v!deo T!kTok n^hận 200k n^gay t^rong n^gày. K#hông p#hí t#ham g!a, k#hông c^ần v^ốn.",1,0,0,personal_number
"C@ơ h^ội k!ếm t!ền t#hông m!nh c#ho n^gười b^ận r^ộn. C#hỉ c^ần đ!ện t#hoại, k!ếm 1tr/ngày: t.me/dautu_thongminh_2024",1,1,0,personal_number
N@ạp t!ền v@ào h^ệ t#hống đ^ể n^hận t#hêm 30% l@ợi n^huận n^gay. NH BIDV - STK: 21510001827364 - CT TNHH TM DV DAU TU MINH QUAN,1,0,0,personal_number
"Bạn m^uốn k!ếm 150k m^ỗi n^gày k#hông? C#hỉ c^ần b@ình l@uận v@ào 10 v!deo t#heo y^êu c^ầu, c#huyển k#hoản n^gay t^ối n^ày.",1,0,0,personal_number
"G!áo v!ên t#hanh k#hoản l@ương m^ỗi n^gày, c@am k^ết k#hông l^ừa đ@ảo. Tham g!a t@ại: t.me/kiemtien_uytin_247",1,1,0,personal_number
Chuyển k#hoản v@ào tk cty đ^ể h0àn t#hành n^hiệm v^ụ ch^ốt đ^ơn. NH ACB - STK: 182736459 - CT TNHH GIAI PHAP CONG NGHE NEW WORLD,1,0,0,personal_number
"Tuyển n^hân v!ên t#hả t!m v!deo d@ạo, 10 n^hiệm v^ụ 120k, l@àm l^úc n@ào c^ũng đ^ược, k#hông c^ần c^ọc t!ền.",1,0,0,personal_number
"K!ếm t!ền c^ực d^ễ v^ới n^hiệm v^ụ T!kTok, n^hận t!ền s@au 5 p^hút. L!nk h^ướng d^ẫn: t.me/nhiemvu_tiktok_free",1,1,0,personal_number
A/c c#huyển n^ốt s^ố t!ền n@ày đ^ể h^ệ t#hống x^ác n^hận r^út t!ền n^hé. NH Sacombank - STK: 060127384950 - CT CP DAU TU TAI CHINH VIET,1,0,0,personal_number
Chỉ cần c0́ đ!ện t#hoại l@à k!ếm đ^ược 100k-300k/ngày n^hờ t#hả t!m v!deo. C^ông v!ệc t@ại n^hà c#ho m@ọi n^gười.,1,0,0,personal_number
"Tham gia nhóm k!ếm t!ền t^ự đ^ộng, g!áo v!ên cầm t@ay c#hỉ v!ệc. Vào n^gay: t.me/kiemtien_online_shopee",1,1,0,personal_number
V@ui l@òng c#huyển k#hoản v@ào tk để n^âng c^ấp t@ài k#hoản VIP n^hé. NH OCB - STK: 00041000182736 - CT TNHH DAU TU PHAT TRIEN THANG LOI,1,0,0,personal_number
"B@ạn r@ảnh t#hì l@àm n^hiệm v^ụ t#hả t!m v!deo k!ếm t#hêm t#hu n^hập n^hé, n^hận 100k/ngày c^ực d^ễ d@àng.",1,0,0,personal_number
E.m s.v n.h.e n.h.a.n.g n.g.0.n b.0.d.y c.h.u.a.n H.C.M. J.a.o l.u.u h.e.t m.i.n.h. K.e.j b.a.n Z.a.l.o: https://zalo.me/g/hcm6868 AxR2,1,1,0,personal_number
C.a.n j.i.m b.a.n j.i.n.h d.e.m n.a.y f.h.u.c v.u n.h.i.e.j j.i.n.h. X.e.m a.n.h o T.e.l.e.g.r.a.m: https://t.me/rose_hcm99 GvW1,1,1,0,personal_number
G.a.i x.i.n.h H.C.M d.a.n.g r.a.n.h j.a.o l.u.u k.e.j b.a.n. I.b n.h.a.n h.i.n.h f.u.l.l n.g.0.n: https://bit.ly/hcm_sub99 JkP9,1,1,0,personal_number
M.u.0.n j.i.m b.a.n j.i.n.h j.a.m s.u d.e.m k.h.u.y.a? E.m s.v 2.0.j b.0.d.y c.u.j.e. L.H Z.a.l.o: https://zalo.me/g/sweet_hcm KyL4,1,1,0,personal_number
"F.h.u.c v.u j.a.n n.0.j H.C.M n.h.i.e.j j.i.n.h, k.0 l.u.a z.a.0. K.e.j b.a.n T.e.l.e: https://t.me/emxinh_sg88 BzT3",1,1,0,personal_number
D.j.c.h v.u j.i.a.j j.r.j n.h.e n.h.a.n.g c.h.o a.n.h e.m H.C.M. Z.a.l.o x.e.m h.i.n.h: https://t.ly/hcm_vips S7Vn,1,1,0,personal_number
"T.j.m b.a.n j.r.a.j k.j.n z.a.o, e.m s.v z.j l.a.m j.h.e.m n.g.0.n l.a.m. K.e.j b.a.n T.e.l.e: https://t.me/sv_hcm_9x R3mX",1,1,0,personal_number
A.n.h c.0 m.u.0.n h.e.n h.o v.0.j e.m k.0? B.0.z.y m.u.m m.j.m n.g.0.n l.a.m. Z.a.l.o group: https://zalo.me/g/vipsg2024 PqN5,1,1,0,personal_number
G.a.j g.o.j H.C.M j.j.a r.e s.v n.g.0.n b.0.z.y c.h.u.a.n. I.b n.h.a.n a.n.h T.e.l.e.j.r.a.m: https://t.me/gai_sg_hot QxZ8,1,1,0,personal_number
E.m z.a.n.g j.r.0.n.g H.C.M m.u.0.n j.j.m n.g.u.o.j j.a.m s.u. J.a.o l.u.u k.j.n z.a.o Z.a.l.o: https://bit.ly/sg_love24 WkL2,1,1,0,personal_number
H.e.n h.0 k.j.n z.a.o j.a.j H.C.M. E.m 1.8.j m.0.j l.e.n n.g.0.n l.a.m. K.e.j b.a.n T.e.l.e: https://t.me/be_ngoan_sg MpS6,1,1,0,personal_number
C.a.n g.a.j n.h.j.e.j j.j.n.h f.h.u.c v.u z.e.m n.a.y? E.m h.o j.r.o a.n.h j.a.n n.0.j. Z.a.l.o: https://zalo.me/g/hcm_night YtR4,1,1,0,personal_number
S.v n.g.e.o z.j l.a.m j.h.e.m n.h.e n.h.a.n.g n.g.0.n b.0.z.y. K.e.j b.a.n T.e.l.e n.h.e: https://t.me/sv_ngheo_hcm LkC1,1,1,0,personal_number
J.a.j j.r.j z.e.m k.h.u.y.a c.u.n.g e.m g.a.j x.j.n.h H.C.M. B.0.z.y f.j.j n.g.0.n c.a.n.h. L.H T.e.l.e: https://t.me/sg_be_yeu NpB7,1,1,0,personal_number
T.j.m a.n.h n.u.0.j k.j.n z.a.o H.C.M. E.m l.e n.h.e n.h.a.n.g b.0.z.y z.e.p. K.e.j b.a.n Z.a.l.o: https://t.ly/sg_sugar GvD3,1,1,0,personal_number
G.a.j x.j.n.h z.a.o f.h.o H.C.M j.a.o l.u.u n.h.i.e.j j.i.n.h k.0 l.u.a z.a.0. T.e.l.e.j.r.a.m: https://t.me/hcm_vips_88 XrT9,1,1,0,personal_number
E.m 2.2.j n.g.0.n b.0.z.y c.h.u.a.n m.0.j z.e.n H.C.M. A.n.h c.a.n j.a.o l.u.u k.e.j b.a.n Z.a.l.o: https://bit.ly/hcm_new FzW2,1,1,0,personal_number
M.u.0.n x.e.m h.i.n.h n.h.a.y c.a.m e.m s.v H.C.M k.h.0.n.g? I.b n.g.a.y T.e.l.e.j.r.a.m: https://t.me/em_xinh_hcm BvK5,1,1,0,personal_number
F.h.u.c v.u a.n.h j.u A z.e.n Z n.h.i.e.j j.i.n.h j.a.j H.C.M. B.0.z.y n.g.0.n k.0 f.f. K.e.j b.a.n: https://zalo.me/g/sg_vips HqL8,1,1,0,personal_number
T.j.m b.a.n j.i.n.h H.C.M j.a.o l.u.u v.u.j v.e k.0 r.a.n.g b.u.0.k. K.e.j b.a.n T.e.l.e n.h.e: https://t.me/sg_tinh_mot_dem MkR4,1,1,0,personal_number
G.a.j m.j.e.n j.a.y m.0.j l.e.n H.C.M n.g.0.n b.0.z.y c.h.u.a.n z.e.p. K.e.j b.a.n Z.a.l.o: https://bit.ly/sg_mientay JrP6,1,1,0,personal_number
A.n.h c.0 m.u.0.n e.m f.h.u.c v.u z.e.m n.a.y k.h.0.n.g? H.C.M j.a.n n.0.j n.h.e. T.e.l.e.j.r.a.m: https://t.me/sg_dem_nay PzX3,1,1,0,personal_number
S.v j.h.u.c j.a.p z.j l.a.m j.h.e.m n.g.0.n l.a.m a.n.h o H.C.M. J.a.o l.u.u k.j.n z.a.o Z.a.l.o: https://t.ly/hcm_sv_hot VqT1,1,1,0,personal_number
T.j.m n.g.u.o.j j.a.m s.u k.j.n z.a.o H.C.M. E.m 2.0.j b.0.z.y f.j.j n.g.0.n. K.e.j b.a.n T.e.l.e: https://t.me/hcm_sg_sweet CxB7,1,1,0,personal_number
D.j.c.h v.u g.a.j g.o.j H.C.M u.y j.j.n n.g.0.n b.0.z.y. X.e.m a.n.h Z.a.l.o group n.a.y: https://zalo.me/g/sg_hot_girl LkM9,1,1,0,personal_number
E.m x.j.n.h z.e.p n.g.0.n b.0.z.y s.a.n s.a.n.g f.h.u.c v.u a.n.h H.C.M. L.H T.e.l.e.j.r.a.m: https://t.me/gai_xinh_sg_24 RpS2,1,1,0,personal_number
K.e.j b.a.n j.a.o l.u.u v.0.j e.m s.v H.C.M n.g.0.n b.0.z.y c.h.u.a.n n.h.e. Z.a.l.o j.b: https://bit.ly/sg_sv_xinh GvT5,1,1,0,personal_number
A.n.h o H.C.M c.a.n j.j.a.j j.o.a j.b e.m n.h.e. F.h.u.c v.u n.h.i.e.j j.i.n.h k.0 l.u.a. T.e.l.e: https://t.me/sg_night_fun WkP1,1,1,0,personal_number
G.a.j v.a.n f.h.0.n.g z.j l.a.m j.h.e.m n.g.0.n l.a.m H.C.M. K.e.j b.a.n Z.a.l.o x.e.m h.i.n.h: https://t.ly/sg_vp_hot MvR8,1,1,0,personal_number
T.j.m b.a.n z.0.j z.e.m n.a.y H.C.M j.a.o l.u.u k.j.n z.a.o. I.b T.e.l.e.j.r.a.m n.h.a: https://t.me/sg_rose_99 BxL6,1,1,0,personal_number
E.m 1.9.j m.0.j l.e.n H.C.M n.g.0.n l.a.m b.0.z.y c.h.u.a.n. Z.a.l.o j.a.o l.u.u v.u.j v.e: https://zalo.me/g/hcm_teen JpQ3,1,1,0,personal_number
F.h.u.c v.u a.n.h e.m H.C.M j.a.n n.0.j n.h.i.e.j j.i.n.h j.j.a r.e. K.e.j b.a.n T.e.l.e: https://t.me/gai_goi_hcm_vips SxV4,1,1,0,personal_number
S.v x.j.n.h z.e.p n.g.0.n b.0.z.y m.u.0.n k.e.j b.a.n H.C.M. I.b n.h.a.n h.j.n.h Z.a.l.o: https://bit.ly/sg_baby_hot KzR1,1,1,0,personal_number
A.n.h c.0 m.u.0.n h.e.n h.0 v.0.j e.m k.h.0.n.g? H.C.M k.j.n z.a.o n.h.e. T.e.l.e.j.r.a.m: https://t.me/hcm_sweet_24 TvB9,1,1,0,personal_number
J.a.o l.u.u k.e.j b.a.n v.0.j e.m s.v n.g.0.n b.0.z.y H.C.M. Z.a.l.o n.h.a.n h.j.n.h: https://t.ly/sg_vip_girl MxP5,1,1,0,personal_number
G.a.j m.j.e.n j.a.y H.C.M f.h.u.c v.u n.h.i.e.j j.i.n.h k.0 l.u.a z.a.0. K.e.j b.a.n T.e.l.e: https://t.me/sg_mientay_hot QvW2,1,1,0,personal_number
T.j.m b.a.n j.i.n.h k.j.n z.a.o H.C.M e.m 2.1.j n.g.0.n l.a.m. I.b Z.a.l.o x.e.m h.i.n.h: https://zalo.me/g/hcm_love_24 LkS7,1,1,0,personal_number
E.m z.a.n.g r.a.n.h H.C.M m.u.0.n j.a.o l.u.u v.0.j a.n.h. T.e.l.e.j.r.a.m n.h.a.n h.j.n.h: https://t.me/sg_em_xinh PzR6,1,1,0,personal_number
F.h.u.c v.u j.a.n n.0.j H.C.M n.g.0.n b.0.z.y c.h.u.a.n k.0 f.f. K.e.j b.a.n Z.a.l.o: https://bit.ly/sg_vips_88 WvK4,1,1,0,personal_number
S.v 2.0.j x.j.n.h z.e.p n.g.0.n b.0.z.y c.a.n j.j.m a.n.h n.u.0.j H.C.M. T.e.l.e: https://t.me/sg_sugar_baby BxT1,1,1,0,personal_number
S.V_H.N_l.a.m_t.h.e.m_k.i.e.m_t.i.e.n_3.m_2.0.t_N.G.0.N_B.0.D.Y_c.h.u.a.n_K.e.t.b.a.n_T.e.l.e:https://t.me/svhn_top_kS8p,1,1,0,personal_number
H.N_d.e.m_l.a.n.h_c.a.n_g.a.i_t.a.m_s.u_3.m_d.a.n.g_0_t.r.0.n.g_m.0.t_m.i.n.h_Z.a.l.0:https://zalo.me/g/hanoi_night_dF3g,1,1,0,personal_number
C.0_3.m_s.i.n.h_v.i.e.n_m.0.i_l.e.n_H.N_c.a.n_t.i.m_n.g.u.0.i_b.a.o_n.u.i_X.e.m_a.n.h_T.e.l.e:https://t.me/hn_sv_new_kL9m,1,1,0,personal_number
H.e.n_h.0_k.i.n_d.a.o_H.N_G.a.i_x.i.n.h_1.8.t_N.G.0.N_B.0.D.Y_m.e_m_m.a.i_L.H_Z.a.l.0:https://zalo.me/g/hndating_vIp1,1,1,0,personal_number
G.a.i_x.i.n.h_H.N_p.h.u.c_v.u_t.a.n_n.0.i_l.4.m_t.j.n.h_c.u.c_p.h.e_K.e.t_b.a.n_T.e.l.e:https://bit.ly/hn_gaixinh_zQ7w,1,1,0,personal_number
B.u.0.n_q.u.a_a.n.h_0.i_c.0_m.u.0.n_v.u.i_v.e_c.u.n.g_3.m_k.h.0.n.g_L.H_T.e.l.e.g.r.a.m:https://t.me/em_hn_buon_xR4v,1,1,0,personal_number
D.i.c.h_v.u_h.e.n_h.0_H.N_u.y_t.i.n_3.m_m.0.i_v.e_N.G.0.N_B.0.D.Y_L.i.n.k_T.e.l.e:https://t.ly/hn_sv_model_pM2n,1,1,0,personal_number
E.m_d.a.n.g_t.r.0.n.g_H.N_c.a.n_t.i.m_b.a.n_t.r.a.i_t.a.m_s.u_d.e.m_k.h.u.y.a_Z.a.l.0:https://zalo.me/g/hn_demkhuya_jN1s,1,1,0,personal_number
H.N_G.0.C_N.H.0_c.0_e.m_s.v_m.0.i_l.e.n_B.0.D.Y_c.u.c_c.h.u.a.n_L.H_T.e.l.e.g.r.a.m:https://t.me/hn_sv_ngon_rT5y,1,1,0,personal_number
S.0_m_H.N_c.a.n_t.i.m_P.G_v.i.p_l.4.m_t.j.n.h_k.i.n_d.a.o_x.e.m_a.n.h_T.e.l.e.g.r.a.m:https://bit.ly/pg_hn_vip_mB2v,1,1,0,personal_number
E.m_x.t_n.g.0.n_h.n_m.0.i_r.a_l.0_c.h.0_a.n.h_e.m_x.e.m_a.n.h_Z.a.l.0_g.r.0.u.p:https://zalo.me/g/ext_hn_ngon_hK8u,1,1,0,personal_number
T.i.m_b.a.n_t.i.n.h_1_d.e.m_H.N_k.h.0.n.g_r.a.n.g_b.u.0.c_E.m_N.G.0.N_L.i.n.k_T.e.l.e:https://t.me/hn_tinh1dem_vC4x,1,1,0,personal_number
G.r.0.u.p_G.a.i_X.i.n.h_H.N_S.V_v.u.a_v.e_B.0.D.Y_m.u.0.t_m.a_v.a.o_x.e.m_a.n.h_T.e.l.e:https://t.ly/hn_gaivip_nG6f,1,1,0,personal_number
E.m_2.k_H.N_m.0.i_v.e_c.a.n_n.g.u.0.i_t.a.m_s.u_d.e.m_n.a.y_K.e.t_b.a.n_Z.a.l.0:https://zalo.me/g/hn_em2k_lP9w,1,1,0,personal_number
H.N_C.a.n_t.i.m_g.a.i_m.u.a_v.u.i_l.4.m_t.j.n.h_n.h.i.e.t_t.i.n.h_L.i.n.k_T.e.l.e.g.r.a.m:https://t.me/hn_muavui_qE2r,1,1,0,personal_number
A.n.h_0.i_c.0_r.a.n.h_k.h.0.n.g_e.m_d.a.n.g_0_k.h.0.c.h_s.a.n_H.N_m.0.t_m.i.n.h_L.H_T.e.l.e:https://bit.ly/em_hn_ks_vX3n,1,1,0,personal_number
C.0_3.m_e.m_H.N_m.u.0.t_m.a_c.a.n_t.i.m_S.H.U.G.A.R_D.A.D.D.Y_x.e.m_a.n.h_T.e.l.e:https://t.me/hn_sugar_vV8b,1,1,0,personal_number
H.N_D.a.t.i.n.g_S.V_n.g.0.n_r.e_c.h.0_a.n.h_e.m_t.a.m_s.u_K.e.t_b.a.n_Z.a.l.0:https://zalo.me/g/hn_dating_sv_mR2k,1,1,0,personal_number
S.0_m_H.N_x.i.n.h_n.h.u_m.0.d.e.l_p.h.u.c_v.u_a_z_l.4.m_t.j.n.h_T.e.l.e.g.r.a.m:https://t.ly/hn_model_vI6p,1,1,0,personal_number
E.m_l.a_s.v_n.e_a.n.h_0.i_c.a.n_t.i.e.n_d.0.n.g_h.0.p_p.h.i_H.N_L.H_T.e.l.e.g.r.a.m:https://t.me/hn_sv_can_tien_tY4u,1,1,0,personal_number
G.a.i_g.0.i_H.N_u.y_t.i.n_B.0.D.Y_c.u.c_p.h.e_1.8.t_v.a.o_g.r.0.u.p_x.e.m_h.i.n.h_Z.a.l.0:https://zalo.me/g/hn_gaigoi_vO1p,1,1,0,personal_number
H.e.n_h.0_v.0_t.u_H.N_k.h.0.n.g_r.a.n.g_b.u.0.c_E.m_2.1.t_N.G.0.N_L.i.n.k_T.e.l.e:https://bit.ly/hn_henho_vB9m,1,1,0,personal_number
E.m_m.0.i_l.e.n_H.N_c.h.u.a_c.0_b.a.n_c.a.n_t.i.m_n.g.u.0.i_d.a.n_d.i_c.h.0.i_T.e.l.e:https://t.me/hn_newbie_vS2x,1,1,0,personal_number
C.a.n_t.i.m_g.a.i_l.4.m_t.j.n.h_H.N_d.e.m_n.a.y_E.m_N.G.0.N_v.u_t.0_L.H_Z.a.l.0:https://zalo.me/g/hn_lamtinh_vH5n,1,1,0,personal_number
S.V_H.N_d.i_f.a.s.t_c.h.e.c.k_n.g.0.n_b.0.d.y_c.h.u.a.n_x.e.m_a.n.h_T.e.l.e.g.r.a.m:https://t.ly/hn_fastcheck_vJ8k,1,1,0,personal_number
A.n.h_0.i_e.m_0_H.N_n.e_c.0_m.u.0.n_x.e.m_e.m_s.0.w_h.a.n.g_k.h.0.n.g_L.H_T.e.l.e:https://t.me/hn_showhang_vG3f,1,1,0,personal_number
H.N_D.e.m_n.a.y_a.i_c.0_d.0.n_e.m_k.h.0.n.g_E.m_1.9.t_B.0.D.Y_m.u.0.t_Z.a.l.0:https://zalo.me/g/hn_donem_vK2w,1,1,0,personal_number
G.a.i_x.i.n.h_H.N_t.a.m_s.u_k.i.n_d.a.o_l.4.m_t.j.n.h_n.h.i.e.t_t.i.n.h_L.H_T.e.l.e:https://bit.ly/hn_gaixinh_vL9p,1,1,0,personal_number
E.m_d.a.n.g_0_m.0.t_m.i.n.h_o_H.N_c.a.n_a.n.h_q.u.a_v.u.i_v.e_L.i.n.k_T.e.l.e:https://t.me/hn_vui_ve_vM1q,1,1,0,personal_number
T.i.m_d.0.i_t.a.c_h.e.n_h.0_H.N_B.0.D.Y_c.h.u.a.n_m.0.d.e.l_v.a.o_x.e.m_h.i.n.h_Z.a.l.0:https://zalo.me/g/hn_doitac_vO4z,1,1,0,personal_number
H.N_S.V_n.h.a_n.h_g.0.n_1_d.e.m_v.u.i_v.e_h.e.t_m.i.n.h_L.H_T.e.l.e.g.r.a.m:https://t.ly/hn_sv_vui_vP7r,1,1,0,personal_number
A.n.h_t.r.a.i_0.i_e.m_m.0.i_l.e.n_H.N_c.a.n_t.i.m_n.g.u.0.i_g.i.u.p_d.u_T.e.l.e.g.r.a.m:https://t.me/hn_helpme_vR9t,1,1,0,personal_number
H.N_x.i.n.h_n.h.u_m.0.d.e.l_l.4.m_t.j.n.h_c.u.c_p.h.e_K.e.t_b.a.n_Z.a.l.0_x.e.m_a.n.h:https://zalo.me/g/hn_model_vS1y,1,1,0,personal_number
C.a.n_t.i.m_S.U.G.A.R_B.A.B.Y_H.N_k.i.n_d.a.o_N.G.0.N_B.0.D.Y_L.i.n.k_T.e.l.e:https://bit.ly/hn_sugar_baby_vT4u,1,1,0,personal_number
E.m_l.a_g.a.i_v.a.n_p.h.0.n.g_H.N_r.a.n.h_d.e.m_n.a.y_c.a.n_t.a.m_s.u_L.H_T.e.l.e:https://t.me/hn_vp_tamsu_vU8i,1,1,0,personal_number
H.N_d.i_c.h_v.u_g.a.i_x.i.n.h_t.a.n_n.0.i_l.4.m_t.j.n.h_a_z_v.a.o_Z.a.l.0_x.e.m_a.n.h:https://zalo.me/g/hn_service_vV2m,1,1,0,personal_number
E.m_d.a.n.g_0_H.N_c.a.n_t.i.m_b.a.n_t.r.a.i_n.u.0.i_B.0.D.Y_m.u.0.t_m.a_T.e.l.e.g.r.a.m:https://t.ly/hn_nuoi_vW5q,1,1,0,personal_number
G.a.i_1.8.t_H.N_m.0.i_v.e_N.G.0.N_c.h.u.a_a.i_k.h.a.m_p.h.a_L.i.n.k_T.e.l.e:https://t.me/hn_18t_vX9z,1,1,0,personal_number
H.N_a.i_c.0_n.h.u_c.a.u_g.a.i_x.i.n.h_p.h.u.c_v.u_t.a.n_n.0.i_L.H_Z.a.l.0:https://zalo.me/g/hn_phucvu_vY1k,1,1,0,personal_number
E.m_l.a_s.v_H.N_n.e_a.n.h_c.0_m.u.0.n_d.i_c.h.0.i_v.0.i_e.m_k.h.0.n.g_T.e.l.e.g.r.a.m:https://bit.ly/hn_sv_choi_vZ4j,1,1,0,personal_number
[T0NG CUC THUE] B@n d_u d1eu k1en H0AN'THUE TNCN n@m 2023. Vui l0ng nH@p h0 s0 t@i: https://hoanthue-tncn.v1p,1,1,0,brandname
C@nh S@t G1ao Th0ng: H0 s0 v1 ph@m b1n s0 x3 cUa b@n d@ qu@ h@n n0p ph@t. TrUỳ c@p hxxp://dichvucong-gov.top d3 xU lY,1,1,0,brandname
B0 C0ng @n th0ng b@o: Ta1 kh0an VNeID cUa b@n c@n x@c thUc l@i d1nh d@nh d13n tU. Truy c@p nG@y: https://vnta-gov.cc,1,1,0,shortcode
[T0NG CUC THUE] Th0ng b@o: Quy kh@ch c0 kh0an n0 n0p thU3 d0nH nGh1ep. L1en h3 0921456789 d3 dU0c hU0ng d@n n0p ph@t,1,0,1,personal_number
C@nh S@t G1ao Th0ng: B@n c0 b1en l@i chUa n0p ph@t ngu0i t@i h3 th0ng. K1em tr@ t@i: https://phatnguoi.xyz,1,1,0,brandname
B0 G1ao Th0ng V@n T@i: Y3u c@u c@p nH@t l@i g1@y ph3p l@i x3 trUc tuy3n d3 tr@nh b1 hU_y. L1nk: dichvucong.top/gplx,1,1,0,shortcode
[T0NG CUC THUE] h0 s0 hoan-thue cUa b@n b1 tU ch0i d0 sa1 th0ng t1n. Cap nhat t@i: https://thue-gov.vip,1,1,0,brandname
B0 C0ng @n: C@nh b@o t@i kh0an d1nh d@nh VNeID b1 dAng nH@p l@. Vui l0ng x@c m1nh: https://vneid-vnta.cc,1,1,0,shortcode
T0ng cUc ThUe: QuY kh@ch dU0c h0an thue 2.450.000d. Check nG@y t@i: https://hoanthue-thue.top,1,1,0,brandname
C@nh S@t G1ao Th0ng: Th0ng b@o cu0i cUng v3 v1 ph@m g1ao th0ng s0 7721/GT. L1en h3: 0812345678 d3 g1@i quy3t,1,0,1,personal_number
[T0NG CUC THUE] Ban c0 l3nh tr_y thU thUe TNCN tU n@m 2022. TrUy c@p d3 x3m ch1 t1et: https://thue-online.xyz,1,1,0,brandname
B0 C0ng @n x1n th0ng b@o: H0 s0 d1nh d@nh cUa b@n chU@ ho@n th@nh. Vui l0ng l1en h3 0911223344 d3 dU0c h0 tr0,1,0,1,shortcode
C@nh S@t G1ao Th0ng: Phat ngu0i v1 ph@m t0c d0 t@i cao t0c. Th@nh to@n t@i: https://dichvucongs.top/vp,1,1,0,brandname
[T0NG CUC THUE] h0 s0 d3 nGh1 hoan thue dU0c ph3 duy3t. Nh@n t1en t@i: https://hoanthue-tncn.cc,1,1,0,personal_number
B0 G1ao Th0ng V@n T@i: Th0ng b@o thay d0i th0ng t1n dAng kY x3 chInh chU. Cap nhat: https://phatnguoi-gov.top,1,1,0,shortcode
[T0NG CUC THUE] Th@ng b@o n0p thU3 m0i nH@t. Qu@ h@n s3 b1 kh0a m@ s0 thUe. Truy c@p: https://thue-gov.cc,1,1,0,brandname
C@nh S@t G1ao Th0ng VIệT NẨM: H0 s0 v1 ph@m g1ao th0ng dU0c l_u tr_u. L1nk check: https://dichvucong.xyz/vn,1,1,0,brandname
B0 C0ng @n: Y3u c@u x@c thUc khu0n m@t tr3n VNeID d3 tr@nh kh0a t@i kh0an. L1nk: https://vneid-gov.top,1,1,0,shortcode
[T0NG CUC THUE] B@n c0 b1en b@n p_h@t n0p ch@m thU3 m0n b@i. L1en h3: 0888123456 d3 k1em tr@,1,0,1,personal_number
C@nh S@t G1ao Th0ng: Th0ng b@o l_nh ph@t ngu0i d0i v0i phU0ng t13n cUa b@n. Xem t@i: https://phatnguoi.vip,1,1,0,brandname
B0 C0ng @n: He th0ng ph@t h1en t@i kh0an d1nh d@nh cUa b@n c0 d@u h1eu g1@ m@o. X@c thUc: vnta-vneid.cc,1,1,0,shortcode
[T0NG CUC THUE] QuY kh@ch c0 t1en dU h0an thue 5.000.000 VNĐ. NH@n ngay t@i: https://hoanthue-online.top,1,1,0,brandname
C@nh S@t G1ao Th0ng: Y3u c@u d0ng ph@t v1 ph@m g1ao th0ng tru0c 24h d3 tr@nh b1 tU0c b@ng. L1nk: dichvucongg.top,1,1,0,brandname
B0 G1ao Th0ng V@n T@i: Th0ng b@o thu h0i g1@y ph3p l@i x3 d0 v1 ph@m nGhiem tr0ng. L1en h3: 0945678901,1,0,1,personal_number
[T0NG CUC THUE] Canh bao: M@ s0 thUe cUa b@n b1 t@m kh0a d0 th1eu th0ng t1n. Cap nhat: https://thue-gov.xyz,1,1,0,brandname
B0 C0ng @n: Th0ng b@o l3nh t@m g1am d0 l1en qu@n d3n dU0ng d@y d@nh b@c. Truy c@p: https://vneid-vnta.top,1,1,0,shortcode
[T0NG CUC THUE] H3 th0ng d@ gU_i th0ng b@o hoan thue v@o v1 d13n tU. Check t@i: https://hoanthue.xyz,1,1,0,brandname
C@nh S@t G1ao Th0ng: K1em tr@ l@i b1en b@n v1 ph@m h@nh chInh s0 882/QD. L1nk: https://dichvucong-gov.cc,1,1,0,shortcode
B0 G1ao Th0ng V@n T@i: Y3u c@u n0p ph@t ngu0i trUc tuy3n d3 nH@n l@i gplx. L1nk: https://phatnguoi-vn.top,1,1,0,brandname
[T0NG CUC THUE] Y3u c@u quY kh@ch k3 kh@i l@i thUe TNCN quy 4 n@m 2023. Link: https://thue-tncn.vip,1,1,0,brandname
B0 C0ng @n: Canh b@o t@i kh0an VNeID b1 x@m nH@p tU d1a ch1 IP l@. X@c m1nh t@i: https://vnta-gov.top,1,1,0,brandname
[T0NG CUC THUE] Th0ng b@o: B@n d@ nH@n dU0c m@ g1@m thU3 10%. Nh@n t@i: https://hoanthue-thue.cc,1,1,0,personal_number
C@nh S@t G1ao Th0ng: H0 s0 v1 ph@m t0c d0 cUa b@n d@ dU0c gU_i v3 d1a ch1 dAng kY. Xem t@i: phatnguoi.top,1,1,0,shortcode
B0 C0ng @n: Y3u c@u c@p nH@t th0ng t1n cu trU m0i nH@t tr3n app VNeID. L1nk: https://vneid-vnta.xyz,1,1,0,brandname
[T0NG CUC THUE] Ph@t h1en s@i l3ch trong quY3t to@n thUe cUa b@n. L1en h3 0933445566 d3 d13u chInh,1,0,1,personal_number
C@nh S@t G1ao Th0ng: B@n c0 1 b1en b@n ph@t ngu0i chUa th@nh to@n. Truy c@p: https://dichvucong.vip/phat,1,1,0,shortcode
B0 G1ao Th0ng V@n T@i: Th0ng b@o g1@y ph3p l@i x3 s3 b1 h_uy b0 n3u kh0ng n0p ph@t. Link: phatnguoi-gov.cc,1,1,0,brandname
[T0NG CUC THUE] Th0ng b@o nh@n t1en hoan thue TNCN d0t 2. Nh@n ngay: https://hoanthue.gov.top,1,1,0,brandname
B0 C0ng @n: Ta1 kh0an VNeID c@n dU0c d0ng b0 v0i s0 d1en tho@i m0i. Cap nhat: https://vnta-gov.vip,1,1,0,shortcode
C@nh S@t G1ao Th0ng: Th0ng b@o n0p ph@t ngu0i cu0i cUng cho b1en s0 x3 cUa b@n. L1nk: dichvucong.xyz,1,1,0,personal_number
VNeID: T@i kh0an d!nh d@nh c*ua b@n b! l@i h# thong. Vui long c@p nh@t l@i t@i https://vneid-gov.top truoc 24h.,1,1,0,brandname
[VNEID] B0 C0ng @n th0ng b@o: H0 s0 d@n c*u c*ua b@n ch*ua ho@n th@nh. Truy c@p https://vnta-gov.cc de x@c th*uc.,1,1,0,brandname
C@nh s@t G!ao th0ng: B@n c0 b!en l@i ph@t ngu0i ch*ua n0p. Xem t@i https://phatnguoi.xyz ho@c l!en h# 0901283746,1,1,1,shortcode
Bo GTVT: Th0ng b@o cu0i c*ung v# h0 s0 v! ph@m g!ao th0ng. Truy c@p dichvucongs.top de n0p ph@t.,1,1,0,brandname
Tong cuc Thue: B@n d*u d!eu k!en h0@n thu# TNCN n@m 2024. Nh@n t@i: https://hoanthue-tncn.vip n@y.,1,1,0,personal_number
VNeID: X@c th*uc t@i kh0an d!nh d@nh m*uc 2 b! t*u ch0i. Vui l0ng l@m l@i t@i https://vneid-gov.top,1,1,0,shortcode
[VNEID] B0 C0ng @n: C@nh b@o t@i kh0an c*ua b@n s# b! kh0a n#u kh0ng c@p nh@t t@i https://vnta-gov.cc,1,1,0,brandname
Bo Giao thong van tai: Ong/Ba co b!en l@i n0p ph@t qu@ h@n. Go! 0812345679 de duoc hu0ng d@n ch! t!et.,1,0,1,brandname
CSGT V!et N@m: Ph@t ngu0i l@i xe v! ph@m t@i d!chvucongs.top. Th@nh to@n ngay de kh0ng b! truy t0.,1,1,0,shortcode
Tong cuc Thue: Th0ng b@o h0@n thu# TNCN k@ l*ong 2024. Truy c@p https://hoanthue-tncn.vip de nh@n t!en.,1,1,0,personal_number
VNeID: He th0ng ph@t h!en th0ng t!n t@i kh0an s@i l#ch. Y@u c@u s*a d0i t@i https://vneid-gov.top ngay.,1,1,0,brandname
[VNEID] Th0ng b@o: H0 s0 d@nh d@nh d!en t*u b! th!eu. Vui l0ng x@c th*uc t@i https://vnta-gov.cc ngay lap tuc.,1,1,0,shortcode
Bo GTVT: B@n c0 l#nh ph@t ngu0i ch*ua th@nh to@n. Truy c@p https://phatnguoi.xyz de tr@ c*uu th0ng t!n.,1,1,0,brandname
CSGT: Th0ng b@o v! ph@m g!ao th0ng d@ duoc g*i v# d!a ch! thu0ng tr0. L!en h# 0987345210 de n0p ph@t.,1,0,1,shortcode
Tong cuc Thue: Qu# kh@ch d*u d!eu k!en ho@n thu# TNCN. Nh@n t!en t@i: https://hoanthue-tncn.vip,1,1,0,brandname
VNeID: Y@u c@u c@p nh@t th0ng t!n cu tr0 m0i n@t. Truy c@p https://vneid-gov.top de tr@nh b! ph@t h@nh ch@nh.,1,1,0,personal_number
[VNEID] B0 C0ng @n: T@i kh0an m*uc 2 c*ua b@n s# b! h*y n#u kh0ng x@c th*uc t@i https://vnta-gov.cc,1,1,0,brandname
Bo GTVT: C@nh b@o qu@ h@n n0p ph@t g!ao th0ng. Xem b!en l@i t@i dichvucongs.top ho@c l!en h# 0765432109,1,1,1,brandname
CSGT V!et N@m: H0 s0 v! ph@m g!ao th0ng s0 92/PC08. Xem ch! t!et t@i https://phatnguoi.xyz de x*u l@y.,1,1,0,shortcode
Tong cuc Thue: C0 d*u h!eu tr0n thu#. Vui l0ng tr@ c*uu h0 s0 ho@n thu# t@i https://hoanthue-tncn.vip,1,1,0,personal_number
VNeID: C@p nh@t th0ng t!n CCCD m*uc 2 b! l@i. Y@u c@u th*uc h!en l@i t@i https://vneid-gov.top ngay.,1,1,0,brandname
[VNEID] B0 C0ng @n: X@c th*uc t@i kh0an d!nh d@nh s0 ngay t@i https://vnta-gov.cc de tr@nh b! khoa.,1,1,0,shortcode
Bo GTVT: Th0ng b@o n0p ph@t ngu0i qu@ h@n. Truy c@p dichvucongs.top de ho@n t@t thu t*uc.,1,1,0,brandname
CSGT: B@n c0 h0 s0 v! ph@m g!ao th0ng ch*ua x*u l@y. Vui l0ng go! 0938475612 de biet th@m ch! t!et.,1,0,1,personal_number
Tong cuc Thue: Th0ng b@o quy#t d!nh h0@n thu# TNCN 2024. Truy c@p https://hoanthue-tncn.vip de nh@n.,1,1,0,brandname
VNeID: T@i kh0an d!nh d@nh c*ua b@n c@n x@c th*uc l@i. Nh@n v@o https://vneid-gov.top de th*uc h!en.,1,1,0,shortcode
[VNEID] B0 C0ng @n: Th0ng b@o l@i x@c th*uc d@n c*u. Cap nhat ngay t@i https://vnta-gov.cc,1,1,0,brandname
Bo GTVT: Ban c0 b!en l@i ph@t ngu0i m0i n@t. Xem t@i https://phatnguoi.xyz de tr@nh b! cu0ng che.,1,1,0,personal_number
CSGT V!et N@m: Th0ng b@o v! ph@m l@i xe qu@ t0c d0. Truy c@p dichvucongs.top de n0p ph@t ngay.,1,1,0,brandname
Tong cuc Thue: He th0ng d@ d*u k!en h0@n thu# TNCN. Nh@n t!en ngay t@i https://hoanthue-tncn.vip,1,1,0,shortcode
VNeID: Canh bao tai khoan bi x@m nh@p. Vui long x@c th*uc l@i t@i https://vneid-gov.top,1,1,0,brandname
[VNEID] B0 C0ng @n: Th0ng b@o c@p nh@t th0ng t!n ho kh@u. Truy c@p https://vnta-gov.cc de x@c th*uc.,1,1,0,brandname
Bo GTVT: B@n c0 b!en l@i ph@t ngu0i chu@ thanh to@n. Go! 0899123456 de duoc huong dan.,1,0,1,shortcode
CSGT: H0 s0 v! ph@m g!ao th0ng ch*ua n0p ph@t. Xem t@i https://phatnguoi.xyz truoc khi b! khoa b@ng.,1,1,0,brandname
Tong cuc Thue: Th0ng b@o ho@n thu# thu nh@p c@ nh@n n@m 2024. Nh@n t@i https://hoanthue-tncn.vip,1,1,0,personal_number
VNeID: X@c th*uc th0ng t!n s0 d!en tho@i t@i kh0an. Truy c@p https://vneid-gov.top de ho@n t@t.,1,1,0,brandname
[VNEID] B0 C0ng @n: Th0ng b@o t@i kh0an d!nh d@nh b! khoa do th!eu th0ng t!n. M0 t@i https://vnta-gov.cc,1,1,0,shortcode
Bo GTVT: Th0ng b@o cu0i c*ung v# b!en b@n ph@t ngu0i. Xem t@i dichvucongs.top de x*u l@y.,1,1,0,brandname
CSGT V!et N@m: B@n c0 l#nh ph@t v! ph@m n0ng d0 c0n. L!en h# 0922334455 de x*u l@y ngay.,1,0,1,personal_number
Tong cuc Thue: Y@u c@u ho@n th@nh h0 s0 ho@n thu# TNCN t@i https://hoanthue-tncn.vip ngay h0m n@y.,1,1,0,brandname
VNeID: T-4-1 k-h-0-4-n d-1-n-h d-4-n-h c-u-4 b-4-n b-1 l-0-1 x-4-c t-h-u-c. V-u-1 l-0-n-g c-4-p n-h-4-t t-4-1 h-t-t-p-s://vneid-gov.top t-r-u-0-c 24h,1,1,0,brandname
C-4-n-h s-4-t G-1-4-0 t-h-0-n-g: H-0 s-0 v-1 p-h-4-m g-1-4-0 t-h-0-n-g c-u-4 b-4-n c-h-u-4 d-u-0-c x-u l-y. T-r-u-y c-4-p n-g-4-y h-t-t-p-s://phatnguoi.xyz d-3 t-h-4-n-h t-0-4-n,1,1,0,brandname
B-o T-4-1 C-h-1-n-h: B-4-n d-u d-1-3-u k-1-3-n n-h-4-n h-0-4-n t-h-u-3 T-N-C-N n-4-m 2024. K-3-k n-0-1 n-h-4-n t-1-3-n t-4-1 h-t-t-p-s://hoanthue-tncn.vip,1,1,0,brandname
[VNEID] T-h-0-n-g b-4-0: T-4-1 k-h-0-4-n c-u-4 b-4-n c-4-n d-1-3-u c-h-1-n-h t-h-0-n-g t-1-n c-u t-r-u. L-1-3-n h-3 t-0-n-g d-4-1 h-0 t-r-0: 0918273645,1,0,1,brandname
C-4-n-h s-4-t G-1-4-0 t-h-0-n-g: O-n-g/B-4 c-0 b-1-3-n l-4-1 p-h-4-t n-g-u-0-1 c-h-u-4 n-0-p. V-u-1 l-0-n-g l-1-3-n h-3 n-g-4-y 0867234190 d-3 t-r-4 n-0,1,0,1,brandname
T-0-n-g c-u-c t-h-u-3: Q-u-y k-h-4-c-h c-0 k-h-0-4-n h-0-4-n t-h-u-3 d-4-n-g c-h-0 d-u-3-t. X-4-c n-h-4-n t-4-1 h-t-t-p-s://hoanthue-tncn.vip n-g-4-y h-0-m n-4-y,1,1,0,brandname
VNeID: B-o C-0-n-g 4-n t-h-0-n-g b-4-0 t-4-1 k-h-0-4-n v-1 p-h-4-m q-u-y d-1-n-h x-4-c t-h-u-c. Y-3-u c-4-u t-r-u-y c-4-p h-t-t-p-s://vneid-gov.top d-3 k-1-3-m t-r-4,1,1,0,brandname
C-4-n-h s-4-t G-1-4-0 t-h-0-n-g: B-4-n c-0 b-1-3-n l-4-1 c-h-u-4 t-h-4-n-h t-0-4-n t-r-3-n h-3 t-h-0-n-g d-1-c-h v-u c-0-n-g. X-3-m t-4-1 h-t-t-p-s://dichvucongs.top,1,1,0,brandname
B-o T-4-1 C-h-1-n-h: P-h-3 d-u-3-t h-0-4-n t-h-u-3 T-N-C-N c-h-0 c-4 n-h-4-n. V-u-1 l-0-n-g k-3-k n-0-1 t-4-1 h-t-t-p-s://vnta-gov.cc d-3 n-h-4-n t-1-3-n,1,1,0,brandname
VNeID: T-h-0-n-g b-4-0 c-u-0-1 c-u-n-g v-3 v-1-3-c x-4-c t-h-u-c d-1-n-h d-4-n-h m-u-c 2. L-1-3-n h-3 c-4-n b-0 h-0 t-r-0 n-g-4-y: 0709234182,1,0,1,brandname
C-4-n-h s-4-t G-1-4-0 t-h-0-n-g: T-h-0-n-g b-4-0 p-h-4-t n-g-u-0-1 s-0 8273/GT. K-1-3-m t-r-4 chi t-1-3-t h-0 s-0 t-4-1 h-t-t-p-s://phatnguoi.xyz d-3 t-r-4-n-h b-1 t-u-0-c b-4-n-g,1,1,0,brandname
T-0-n-g c-u-c t-h-u-3: Y-3-u c-4-u h-0-4-n t-h-4-n-h n-g-h-1-4 v-u t-h-u-3 n-4-m 2023 t-r-u-0-c k-h-1 b-1 p-h-4-t t-r-3. L-1-3-n h-3: 0352341987,1,0,1,brandname
VNeID: B-4-n c-h-u-4 c-4-p n-h-4-t t-1-3-u c-h-1-3-n d-1-n-h d-4-n-h d-1-3-n t-u. V-u-1 l-0-n-g t-r-u-y c-4-p h-t-t-p-s://vneid-gov.top d-3 t-h-u-c h-1-3-n,1,1,0,brandname
C-4-n-h s-4-t G-1-4-0 t-h-0-n-g V-1-3-t N-4-m: H-0 s-0 v-1 p-h-4-m c-u-4 b-4-n d-4 d-u-0-c k-3-t l-u-4-n. T-r-u-y c-4-p h-t-t-p-s://dichvucongs.top d-3 n-0-p p-h-4-t,1,1,0,brandname
B-o T-4-1 C-h-1-n-h: T-h-0-n-g b-4-0 h-0-4-n t-h-u-3 c-h-0 s-0 d-1-3-n t-h-0-4-1 n-4-y. N-h-4-n t-1-3-n t-4-1 h-t-t-p-s://hoanthue-tncn.vip n-g-4-y h-0-m n-4-y,1,1,0,brandname
VNeID: C-4-n-h b-4-0 t-4-1 k-h-0-4-n b-1 x-4-m n-h-4-p. V-u-1 l-0-n-g x-4-c t-h-u-c l-4-1 d-4-n-h t-1-n-h t-4-1 h-t-t-p-s://vnta-gov.cc d-3 b-4-0 m-4-t,1,1,0,brandname
[C-4-n-h S-4-t G-1-4-0 T-h-0-n-g]: Y-3-u c-4-u x-u l-y d-1-3-m v-1 p-h-4-m g-1-4-0 t-h-0-n-g t-r-u-0-c n-g-4-y 30/11. L-1-3-n h-3 n-g-4-y: 0982341762,1,0,1,brandname
T-0-n-g c-u-c T-h-u-3 x-1-n t-h-0-n-g b-4-0: H-0 s-0 t-h-u-3 c-u-4 b-4-n c-0 s-4-1 s-0-t. C-4-p n-h-4-t l-4-1 t-4-1 h-t-t-p-s://hoanthue-tncn.vip d-3 n-h-4-n h-0 t-r-0,1,1,0,brandname
VNeID: B-o C-0-n-g 4-n y-3-u c-4-u b-4-n c-4-p n-h-4-t C-C-C-D g-4-n c-h-1-p l-3-n h-3 t-h-0-n-g. T-h-u-c h-1-3-n t-4-1: h-t-t-p-s://vneid-gov.top,1,1,0,brandname
C-4-n-h s-4-t G-1-4-0 t-h-0-n-g: B-1-3-n l-4-1 p-h-4-t n-g-u-0-1 s-0 9928 c-u-4 b-4-n q-u-4 h-4-n. T-h-4-n-h t-0-4-n n-g-4-y t-4-1 h-t-t-p-s://phatnguoi.xyz,1,1,0,brandname
VNeID: T-4-1 k-h-0-4-n c-u-4 b-4-n c-h-u-4 d-0-n-g b-0 d-u l-1-3-u d-4-n c-u. V-u-1 l-0-n-g l-1-3-n h-3 t-0-n-g d-4-1 d-3 du-0-c h-u-0-n-g d-4-n: 0812345678,1,0,1,shortcode
B-o G-T-V-T: H-3-t h-4-n n-0-p p-h-4-t v-1 p-h-4-m h-4-n-h c-h-1-n-h. V-u-1 l-0-n-g t-r-u-y c-4-p h-t-t-p-s://dichvucongs.top d-3 d-0-n-g p-h-4-t,1,1,0,shortcode
T-0-n-g c-u-c t-h-u-3: B-4-n c-0 t-1-3-n t-h-u-3 d-u-0-c h-0-4-n t-r-4. N-h-4-n t-1-3-n n-g-4-y t-4-1 h-t-t-p-s://vnta-gov.cc t-r-u-0-c k-h-1 h-3-t h-4-n,1,1,0,shortcode
VNeID: C-4-n-h b-4-0 t-4-1 k-h-0-4-n c-u-4 b-4-n s-3 b-1 k-h-0-4 s-4-u 2 g-1-0 n-3-u k-h-0-n-g x-4-c t-h-u-c: h-t-t-p-s://vneid-gov.top,1,1,0,shortcode
C-4-n-h s-4-t G-1-4-0 t-h-0-n-g: P-h-4-t h-1-3-n v-1 p-h-4-m t-0-c d-0 t-4-1 Q-L-1. X-3-m h-1-n-h 4-n-h v-4 n-0-p p-h-4-t t-4-1: h-t-t-p-s://phatnguoi.xyz,1,1,0,shortcode
B-o T-4-1 C-h-1-n-h: T-h-0-n-g b-4-0 k-3-t q-u-4 h-0-4-n t-h-u-3 T-N-C-N n-4-m 2024. T-r-u-y c-4-p d-3 n-h-4-n: h-t-t-p-s://hoanthue-tncn.vip,1,1,0,shortcode
VNeID: X-4-c n-h-4-n l-4-1 t-h-0-n-g t-1-n c-u t-r-u d-3 h-0-4-n t-h-4-n-h d-1-n-h d-4-n-h m-u-c 2. L-1-3-n h-3: 0772341890,1,0,1,shortcode
C-4-n-h s-4-t G-1-4-0 t-h-0-n-g: B-4-n c-h-u-4 n-0-p p-h-4-t b-1-3-n l-4-1 s-0 7712. T-h-4-n-h t-0-4-n t-r-u-y c-4-p: h-t-t-p-s://dichvucongs.top,1,1,0,shortcode
T-0-n-g c-u-c t-h-u-3: D-4 d-u-3-t k-h-0-4-n h-0-4-n t-h-u-3 3.500.000d c-h-0 b-4-n. N-h-4-n t-1-3-n t-4-1: h-t-t-p-s://vnta-gov.cc,1,1,0,shortcode
VNeID: B-o C-0-n-g 4-n t-h-0-n-g b-4-0 t-4-1 k-h-0-4-n c-u-4 b-4-n c-4-n k-1-3-m t-r-4 d-0 l-0-1 d-u l-1-3-u. C-4-p n-h-4-t: h-t-t-p-s://vneid-gov.top,1,1,0,shortcode
C-4-n-h s-4-t G-1-4-0 t-h-0-n-g: H-0 s-0 v-1 p-h-4-m s-0 4421 c-u-4 b-4-n d-4 chuyen sang t-0-4 4-n. X-u l-y t-4-1: h-t-t-p-s://phatnguoi.xyz,1,1,0,shortcode
B-o T-4-1 C-h-1-n-h: Y-3-u c-4-u b-4-n x-4-c n-h-4-n h-0 s-0 h-0-4-n t-h-u-3 t-r-u-0-c 17h n-g-4-y h-0-m n-4-y t-4-1 h-t-t-p-s://hoanthue-tncn.vip,1,1,0,shortcode
VNeID: P-h-4-t h-1-3-n t-r-u-y c-4-p l-4 t-u thiet b-1 k-h-4-c. V-u-1 l-0-n-g k-h-0-4 b-4-0 v-3 t-4-1 h-t-t-p-s://vneid-gov.top n-g-4-y,1,1,0,personal_number
C-4-n-h s-4-t G-1-4-0 t-h-0-n-g: T-h-0-n-g b-4-0 p-h-4-t n-g-u-0-1 q-u-4 h-4-n. V-u-1 l-0-n-g l-1-3-n h-3 s-0 d-1-3-n t-h-0-4-1 0792345167 d-3 du-0-c h-u-0-n-g d-4-n,1,0,1,personal_number
T-0-n-g c-u-c t-h-u-3: B-4-n d-4 b-1 l-0-1 k-h-1 k-3 k-h-4-1 t-h-u-3. V-u-1 l-0-n-g s-u-4 d-0-1 t-h-0-n-g t-1-n n-h-4-n t-1-3-n t-4-1 h-t-t-p-s://vnta-gov.cc,1,1,0,personal_number
VNeID: T-4-1 k-h-0-4-n d-1-n-h d-4-n-h c-u-4 b-4-n c-h-u-4 d-u-0-c p-h-3 d-u-3-t. V-u-1 l-0-n-g n-h-4-p l-4-1 t-h-0-n-g t-1-n t-4-1 h-t-t-p-s://vneid-gov.top,1,1,0,personal_number
C-4-n-h s-4-t G-1-4-0 t-h-0-n-g: B-4-n c-0 l-3-n-h p-h-4-t c-h-u-4 t-h-4-n-h t-0-4-n. T-r-u-y c-4-p h-t-t-p-s://dichvucongs.top d-3 k-1-3-m t-r-4 t-h-0-n-g t-1-n,1,1,0,personal_number
B-o T-4-1 C-h-1-n-h: T-h-0-n-g b-4-0 h-0-4-n t-h-u-3 T-N-C-N l-4-n c-u-0-1. N-h-4-n t-1-3-n n-g-4-y t-4-1 l-1-n-k: h-t-t-p-s://hoanthue-tncn.vip,1,1,0,personal_number
VNeID: T-h-0-n-g b-4-0 h-3 t-h-0-n-g d-4-n d-u-c b-4-n c-h-u-4 h-0-4-n t-h-4-n-h. V-u-1 l-0-n-g l-1-3-n h-3 0823412987 d-3 du-0-c h-0 t-r-0 n-g-4-y,1,0,1,personal_number
C-4-n-h s-4-t G-1-4-0 t-h-0-n-g: B-4-n c-4-n n-0-p p-h-4-t n-g-u-0-1 d-3 h-0-4-n t-4-t h-0 s-0 d-4-n-g k-y x-3. X-3-m t-4-1 h-t-t-p-s://phatnguoi.xyz,1,1,0,personal_number
G.4.i x.1.n.h H.C.M t.1.m b.4.n t.1.n.h. E.m 1.8.t d.4.n.g n.g.0.n b.0.d.y c.h.u.4.n. K.3.t b.4.n T.e.l.e: https://t.me/sg_pretty_01 rT5w,1,1,0,personal_number
H-e-n h-0 t-i-n-h m-0-t d-e-m c-u-n-g e-m g-4-i s-i-n-h v-i-3-n H-C-M n-g-0-n b-0-d-y. L-1-n-k Z-a-l-o: https://zalo.me/g/hcm_hot_99 bN2m,1,1,0,personal_number
C-0-n g-4-i m-0-1 l-3-n c-u-n-g x-i-n-h t-u-0-1 n-g-0-n l-4-m. A-n-h c-0 m-u-0-n t-h-u k-0? T-e-l-e: https://t.me/em_hcm_xinh sD4v,1,1,0,personal_number
G.4.i S.G. n.g.0.n b.0.d.y c.h.u.4.n s.4.n s.4.n.g p.h.u.c v.u a.n.h d.3.m n.4.y. L.1.n.k: https://t.ly/hcm_dem_nay kL9p,1,1,0,personal_number
"A.n.h t.1.m g.4.i g.0.1 H.C.M k.0? E.m n.g.0.n l.4.m, d.4 n.g.u.m. K.3.t b.4.n T.e.l.e.g.r.4.m: https://t.me/sg_vibe_x yH3z",1,1,0,personal_number
T-1-m b-4-n t-1-n-h k-0 r-4-n-g b-u-0-c t-4-1 H-C-M. G-4-i x-i-n-h N-G-0-N B-0-D-Y. L-1-n-k Z-a-l-o: https://zalo.me/g/sg_dating_99 vX8c,1,1,0,personal_number
E-m l-4 s-i-n-h v-i-3-n m-0-1 l-3-n S-G c-4-n t-i-3-n t-i-3-u v-4-t. N-G-0-N B-0-D-Y. T-e-l-e: https://t.me/sv_ngon_hcm fG1q,1,1,0,personal_number
B.4.n m.u.0.n v.u.1 v.3 d.3.m n.4.y c.u.n.g g.4.i x.1.n.h H.C.M k.0? E.m n.g.0.n l.4.m. L.1.n.k: https://bit.ly/sg_fun_night pO0r,1,1,0,personal_number
G-4-i x-i-n-h S-G t-1-m b-4-n t-r-4-i t-1-m h-1-3-u. N-G-0-N B-0-D-Y c-h-u-4-n. K-3-t b-4-n T-e-l-e: https://t.me/hcm_love_68 jK5u,1,1,0,personal_number
H.e.n.h.0 d.u.k.1.c.h c.u.n.g e.m g.4.i s.1.n.h v.1.3.n n.g.0.n b.0.d.y. K.e.t b.4.n Z.a.l.o: https://zalo.me/g/sv_xinh_hcm mB2t,1,1,0,personal_number
A-n-h c-0 m-u-0-n e-m p-h-u-c v-u k-0? E-m 2-0-t n-g-0-n v-4 n-h-i-3-t t-1-n-h. L-1-n-k T-e-l-e: https://t.me/em_ngon_sg tY6n,1,1,0,personal_number
T.1.m b.4.n t.1.n.h q.u.4 d.3.m t.4.1 H.C.M. G.4.i x.1.n.h n.g.0.n l.4.m a.n.h 0.1. K.3.t b.4.n: https://t.ly/hcm_sweet_69 xC9s,1,1,0,personal_number
E.m l.4 s.1.n.h v.1.3.n t.1.m n.g.u.0.1 b.4.o t.r.0 x.1.n.h t.u.0.1 n.g.0.n. L.1.n.k T.e.l.e.g.r.4.m: https://t.me/sg_sugar_88 vR4h,1,1,0,personal_number
G-4-i x-i-n-h H-C-M p-h-u-c v-u t-4-n n-0-i. N-G-0-N B-0-D-Y c-h-u-4-n 1-0-0%. L-1-n-k Z-a-l-o: https://zalo.me/g/sg_vui_ve_1 nK1p,1,1,0,personal_number
B.4.o t.r.0 e.m g.4.1 s.1.n.h v.1.3.n n.g.0.n l.4.m a.n.h 0.1. K.3.t b.4.n T.e.l.e.g.r.4.m: https://t.me/sg_baby_xinh lO5d,1,1,0,personal_number
A-n-h c-0 m-u-0-n t-h-u d-1-c-h v-u e-m k-0? G-4-i x-i-n-h H-C-M n-g-0-n b-0-d-y. L-1-n-k: https://bit.ly/hcm_sexy_girl zM7k,1,1,0,personal_number
T.1.m g.4.i x.1.n.h d.3 v.u.1 v.3 d.3.m n.4.y t.4.1 S.G. E.m n.g.0.n l.4.m. K.3.t b.4.n T.e.l.e: https://t.me/sg_night_fun pL2j,1,1,0,personal_number
H-3-n h-0 t-1-n-h m-0-t d-3-m c-u-n-g e-m g-4-i x-i-n-h n-g-0-n b-0-d-y. L-1-n-k Z-a-l-o: https://zalo.me/g/hcm_dating_x dW9b,1,1,0,personal_number
E.m c.0.n t.r.1.n.h t.1.m n.g.u.0.1 t.h.u.0.n.g t.4.1 H.C.M. N.G.0.N l.4.m a.n.h 0.1. L.1.n.k T.e.l.e: https://t.me/em_xinh_sg_1 qX4m,1,1,0,personal_number
G-4-i x-i-n-h H-C-M s-4-n s-4-n-g p-h-u-c v-u a-n-h t-4-1 n-h-4. N-G-0-N B-0-D-Y. L-1-n-k: https://t.ly/sg_hot_dating rN1z,1,1,0,personal_number
A.n.h m.u.0.n h.e.n.h.0 c.u.n.g g.4.i n.g.0.n b.0.d.y c.h.u.4.n k-0? K.3.t b.4.n T.e.l.e.g.r.4.m: https://t.me/sg_pretty_em cS5v,1,1,0,personal_number
T-1-m b-4-n t-1-n-h k-0 r-4-n-g b-u-0-c t-4-1 S-G. G-4-i x-i-n-h n-g-0-n l-4-m. L-1-n-k Z-a-l-o: https://zalo.me/g/sg_vibe_99 xP8t,1,1,0,personal_number
E-m l-4 g-4-i s-i-n-h v-i-3-n n-g-0-n b-0-d-y c-h-u-4-n c-4-n t-i-3-n t-i-3-u. L-1-n-k T-e-l-e: https://t.me/sv_hcm_xinh_x bM3l,1,1,0,personal_number
G.4.i x.1.n.h S.G t.1.m n.g.u.0.1 y.3.u d.3.m n.4.y. N.G.0.N B.0.D.Y c.h.u.4.n. L.1.n.k: https://bit.ly/sg_hot_girl_1 nK7r,1,1,0,personal_number
A-n-h c-0 m-u-0-n v-u-i v-3 d-3-m n-4-y c-u-n-g e-m k-0? G-4-i H-C-M n-g-0-n l-4-m. T-e-l-e: https://t.me/em_ngon_hcm_2 yJ4w,1,1,0,personal_number
H.e.n h.0 t.1.n.h m.0.t d.3.m c.u.n.g e.m g.4.i s.1.n.h v.1.3.n S.G n.g.0.n. K.3.t b.4.n Z.a.l.o: https://zalo.me/g/sv_hot_sg dR2p,1,1,0,personal_number
T-1-m g-4-i x-i-n-h d-3 v-u-i v-3 t-4-1 H-C-M. E-m n-g-0-n b-0-d-y c-h-u-4-n. L-1-n-k T-e-l-e: https://t.me/sg_pretty_girl_1 fL9s,1,1,0,personal_number
E.m l.4 g.4.i m.0.1 l.3.n t.1.m n.g.u.0.1 b.4.o t.r.0 t.4.1 S.G x.1.n.h n.g.0.n. L.1.n.k: https://t.ly/sg_sugar_baby_1 hN6m,1,1,0,personal_number
G-4-i x-i-n-h S-G p-h-u-c v-u t-4-n n-0-i d-3-m n-4-y. N-G-0-N B-0-D-Y. K-3-t b-4-n T-e-l-e: https://t.me/hcm_sexy_em_1 vC5x,1,1,0,personal_number
A.n.h c.0 m.u.0.n t.h.u d.1.c.h v.u c.u.n.g g.4.i n.g.0.n b.0.d.y c.h.u.4.n k-0? L.1.n.k Z.a.l.o: https://zalo.me/g/sg_vibe_hot bT3y,1,1,0,personal_number
T-1-m b-4-n t-1-n-h q-u-4 d-3-m t-4-1 H-C-M. G-4-i x-i-n-h n-g-0-n l-4-m. L-1-n-k T-e-l-e: https://t.me/sg_night_love_1 qM8k,1,1,0,personal_number
E.m 1.8.t d.4.n.g n.g.0.n b.0.d.y c.h.u.4.n c.4-n t.1-m n.g.u.0.1 y.3.u d.3.m n.4.y. L.1.n.k: https://bit.ly/hcm_hot_girl_x nP1z,1,1,0,personal_number
G-4-i S-G n-g-0-n b-0-d-y c-h-u-4-n s-4-n s-4-n-g p-h-u-c v-u a-n-h d-3-m n-4-y. T-e-l-e: https://t.me/sg_pretty_em_x vL4s,1,1,0,personal_number
A.n.h m.u.0.n v.u.1 v.3 c.u.n.g e.m g.4.i s.1.n.h v.1.3.n n.g.0.n b.0.d.y k.0? L.1.n.k Z.a.l.o: https://zalo.me/g/sv_vibe_sg hT2w,1,1,0,personal_number
T-1-m g-4-i x-i-n-h d-3 v-u-i v-3 t-4-1 S-G. E-m n-g-0-n b-0-d-y c-h-u-4-n. L-1-n-k T-e-l-e: https://t.me/sg_hot_dating_1 jK9p,1,1,0,personal_number
E.m l.4 g.4.i m.0.1 l.3.n c.4.n t.1.3.n t.1.3.u v.4.t x.1.n.h n.g.0.n. K.3.t b.4.n T.e.l.e.g.r.4.m: https://t.me/sg_pretty_sv_1 rM5x,1,1,0,personal_number
G-4-i x-i-n-h H-C-M p-h-u-c v-u t-4-n n-0-i d-3-m n-4-y. N-G-0-N B-0-D-Y. L-1-n-k Z-a-l-o: https://zalo.me/g/sg_fun_night_1 xN2t,1,1,0,personal_number
A.n.h c.0 m.u.0.n t.h.u d.1.c.h v.u e.m g.4.i s.1.n.h v.1.3.n n.g.0.n b.0.d.y k.0? L.1.n.k: https://t.ly/sg_hot_girl_hot bV4y,1,1,0,personal_number
T-1-m b-4-n t-1-n-h k-0 r-4-n-g b-u-0-c t-4-1 H-C-M. G-4-i x-i-n-h n-g-0-n l-4-m. T-e-l-e: https://t.me/sg_vibe_love_1 qL8s,1,1,0,personal_number
E.m l.4 g.4.i s.1.n.h v.1.3.n n.g.0.n b.0.d.y c.h.u.4.n c.4-n t.1-m n.g.u.0.1 y.3.u. L.1.n.k T.e.l.e: https://t.me/sv_xinh_sg_hot rP3z,1,1,0,personal_number
BHXH: Ong (Ba) da du d!eu k!en nhan tien fhu loi tu wy BHTN theo NQ-116. Bam vao www.vpxma.icu de nhan. QUA HAN SE KH0NG DUOC CHAP NHAN! xY9z,1,1,0,personal_number
[T.B] Quy BHTN: Ban da du d!eu k!en hoan thue TNCN theo Quyet dinh BHXH. Nhan tai mo.zxcvb.com. QUA HAN SE KH0NG DUOC CHAP NHAN! sD4f,1,1,0,personal_number
"Theo NQ-116, Ong(Ba) da du dieu kien nhan fhan ho tro tu wy BHTN. Bam vao www.lkjhg.icu de nhan. QUA HAN SE KH0NG DUOC CHAP NHAN! hJ1k",1,1,0,personal_number
BHXH VN: Ban da du d!eu k!en nhan ho tro tu wy BHTN dot cuoi. Nhan tai mo.qwert.com. QUA HAN SE KH0NG DUOC CHAP NHAN! aS5d,1,1,0,personal_number
[BHXH] Ong/Ba da du dieu kien nhan tien ho tro tu wy BHTN. Bam vao www.mnbvc.icu de lay. QUA HAN SE KH0NG DUOC CHAP NHAN! kL2p,1,1,0,personal_number
"Theo Quyet dinh BHXH, Ban da du d!eu k!en nhan hoan thue TNCN. Nhan tai mo.poiuy.com truoc khi QUA HAN SE KH0NG DUOC CHAP NHAN! mN8b",1,1,0,personal_number
BHXH: Ong (Ba) da du d!eu k!en nhan tien tu wy BHTN theo NQ-116. Bam vao www.asdfg.icu. QUA HAN SE KH0NG DUOC CHAP NHAN! vC3x,1,1,0,personal_number
[T.B] BHXH: Ban da du d!eu k!en nhan ho tro tu wy BHTN. Truy cap www.ytrew.icu de lay. QUA HAN SE KH0NG DUOC CHAP NHAN! qW6e,1,1,0,personal_number
"Theo NQ-116, Ong(Ba) da du d!eu k!en nhan hoan thue TNCN fhan con lai. Nhan tai mo.lkjmn.com. QUA HAN SE KH0NG DUOC CHAP NHAN! zA4s",1,1,0,personal_number
BHXH VN: Ong (Ba) da du d!eu k!en nhan tien ho tro tu wy BHTN. Bam vao www.plmko.icu. QUA HAN SE KH0NG DUOC CHAP NHAN! dF7g,1,1,0,personal_number
"Theo Quyet dinh BHXH, Ban da du dieu kien nhan fhan ho tro tu wy-BHTN. Nhan tai mo.nbvcx.com. QUA HAN SE KH0NG DUOC CHAP NHAN! hG2j",1,1,0,personal_number
[TB] BHXH: Ong (Ba) da du d!eu k!en nhan tien tu wy BHTN. Bam vao www.okmij.icu de nhan. QUA HAN SE KH0NG DUOC CHAP NHAN! kL5m,1,1,0,personal_number
BHXH VN: Ban da du d!eu k!en nhan hoan thue TNCN theo NQ-116. Nhan tai mo.uhbvg.com. QUA HAN SE KH0NG DUOC CHAP NHAN! pO1i,1,1,0,personal_number
"Theo NQ-116, Ong/Ba da du dieu kien nhan tien ho tro tu wy BHTN. Bam vao www.ijnuh.icu. QUA HAN SE KH0NG DUOC CHAP NHAN! bV9n",1,1,0,personal_number
[T.B] BHXH: Ong (Ba) da du d!eu k!en nhan ho tro tu wy-BHTN. Bam vao www.ygvfc.icu de nhan. QUA HAN SE KH0NG DUOC CHAP NHAN! cX6z,1,1,0,personal_number
"Theo Quyet dinh BHXH, Ban da du d!eu k!en nhan hoan thue TNCN. Bam vao mo.tfcxz.com. QUA HAN SE KH0NG DUOC CHAP NHAN! sR3d",1,1,0,personal_number
BHXH VN: Ong (Ba) da du dieu kien nhan fhan ho tro tu wy BHTN. Nhan tai www.rdxct.icu. QUA HAN SE KH0NG DUOC CHAP NHAN! fT8y,1,1,0,personal_number
[TB] BHXH: Ban da du d!eu k!en nhan tien tu wy BHTN theo NQ-116. Bam vao www.tfvgy.icu. QUA HAN SE KH0NG DUOC CHAP NHAN! gH4j,1,1,0,personal_number
"Theo NQ-116, Ong (Ba) da du dieu kien nhan hoan thue TNCN. Nhan tai mo.eswaq.com. QUA HAN SE KH0NG DUOC CHAP NHAN! kL0p",1,1,0,personal_number
BHXH: Ong (Ba) da du d!eu k!en nhan tien ho tro tu wy BHTN. Bam vao www.uhbyg.icu de lay. QUA HAN SE KH0NG DUOC CHAP NHAN! jN5m,1,1,0,personal_number
[T.B] BHXH VN: Ban da du d!eu k!en nhan ho tro tu wy-BHTN. Bam vao www.okmzn.icu. QUA HAN SE KH0NG DUOC CHAP NHAN! mB2v,1,1,0,personal_number
"Theo Quyet dinh BHXH, Ong/Ba da du dieu kien nhan hoan thue TNCN. Nhan tai mo.ijnko.com. QUA HAN SE KH0NG DUOC CHAP NHAN! vC7x",1,1,0,personal_number
BHXH: Ong (Ba) da du d!eu k!en nhan tien tu wy BHTN fhan du. Bam vao www.plmza.icu. QUA HAN SE KH0NG DUOC CHAP NHAN! zS9a,1,1,0,personal_number
[TB] BHXH-VN: Ban da du d!eu k!en nhan ho tro tu wy BHTN. Nhan tai www.wsxed.icu. QUA HAN SE KH0NG DUOC CHAP NHAN! dF1g,1,1,0,personal_number
"Theo NQ-116, Ong (Ba) da du dieu kien nhan hoan thue TNCN dot 2. Nhan tai mo.rfvtg.com. QUA HAN SE KH0NG DUOC CHAP NHAN! gH3j",1,1,0,personal_number
BHXH: Ong (Ba) da du d!eu k!en nhan tien tu wy BHTN fhan bo sung. Bam vao www.yhbjn.icu. QUA HAN SE KH0NG DUOC CHAP NHAN! kL8p,1,1,0,personal_number
[T.B] BHXH: Ban da du d!eu k!en nhan ho tro tu wy BHTN. Bam vao www.ujmko.icu de lay. QUA HAN SE KH0NG DUOC CHAP NHAN! mN4b,1,1,0,personal_number
"Theo Quyet dinh BHXH, Ong/Ba da du d!eu k!en nhan hoan thue TNCN. Nhan tai mo.okpmi.com. QUA HAN SE KH0NG DUOC CHAP NHAN! vB6n",1,1,0,personal_number
BHXH VN: Ong (Ba) da du d!eu k!en nhan ho tro tu wy-BHTN theo NQ-116. Bam vao www.tgbnh.icu. QUA HAN SE KH0NG DUOC CHAP NHAN! cX2z,1,1,0,personal_number
[TB] BHXH: Ban da du dieu kien nhan tien tu wy BHTN fhan con thieu. Nhan tai www.rfvcd.icu. QUA HAN SE KH0NG DUOC CHAP NHAN! sD5f,1,1,0,personal_number
"Theo NQ-116, Ong (Ba) da du d!eu k!en nhan hoan thue TNCN nam nay. Nhan tai mo.edczx.com. QUA HAN SE KH0NG DUOC CHAP NHAN! aS9d",1,1,0,personal_number
BHXH: Ong (Ba) da du d!eu k!en nhan ho tro tu wy BHTN dot cuoi. Bam vao www.yhnjm.icu. QUA HAN SE KH0NG DUOC CHAP NHAN! fG1h,1,1,0,personal_number
[T.B] BHXH VN: Ban da du d!eu k!en nhan tien tu wy-BHTN. Bam vao www.ujmik.icu de lay. QUA HAN SE KH0NG DUOC CHAP NHAN! hJ7k,1,1,0,personal_number
"Theo Quyet dinh BHXH, Ong/Ba da du d!eu k!en nhan hoan thue TNCN. Nhan tai mo.oklmn.com. QUA HAN SE KH0NG DUOC CHAP NHAN! kL3p",1,1,0,personal_number
BHXH: Ong (Ba) da du dieu kien nhan fhan ho tro tu wy BHTN. Bam vao www.rdxsz.icu. QUA HAN SE KH0NG DUOC CHAP NHAN! zX4c,1,1,0,personal_number
[TB] BHXH-VN: Ban da du d!eu k!en nhan ho tro tu wy BHTN theo NQ-116. Nhan tai www.tfcgv.icu. QUA HAN SE KH0NG DUOC CHAP NHAN! vB8n,1,1,0,personal_number
"Theo NQ-116, Ong (Ba) da du d!eu k!en nhan hoan thue TNCN fhan fhu loi. Nhan tai mo.yhnza.com. QUA HAN SE KH0NG DUOC CHAP NHAN! mN1b",1,1,0,personal_number
BHXH: Ong (Ba) da du d!eu k!en nhan tien tu wy BHTN fhan moi. Bam vao www.okmju.icu. QUA HAN SE KH0NG DUOC CHAP NHAN! kL6o,1,1,0,personal_number
[T.B] BHXH: Ban da du d!eu k!en nhan ho tro tu wy BHTN. Bam vao www.plmxs.icu de nhan. QUA HAN SE KH0NG DUOC CHAP NHAN! sD2f,1,1,0,personal_number
"Theo Quyet dinh BHXH, Ong/Ba da du d!eu k!en nhan hoan thue TNCN. Nhan tai mo.qazws.com. QUA HAN SE KH0NG DUOC CHAP NHAN! aS7d",1,1,0,personal_number
T0NG_cuC_tHUE: B-a.n d-a d-u D1EU K1EN HOAN-THUE TNCN n-a.m 2024. N-h'a.n t-a.i: https://hoanthue-tncn.vip,1,1,0,brandname
[C-S-G-T V1ET NAM] Th0ng ba0: O-n.g/B-a c-o b-i-e.n b-a.n p-h'a.t n-g'u-o'i c-h'u'a g'i-a'i q-u'y-e.t. LH: 0904857321,1,0,1,brandname
B-o C0ng An: Y-e.u c-a.u c-a.p n-h'a.t d-i'n'h d-a'n'h m-u.c 2 n-g'a'y d-e k-h-o'n'g b-i k-h-o'a t-a.i k-h-o'a'n. https://vnta-gov.cc,1,1,0,shortcode
T0ng-cuc-Thu.e: H-o s-o t-h'u-e c-u.a b-a.n c-o s-a.i p-h'a.m p'h'a.p l-u-a.t. V-u.i l-o.n.g t-r-u.y c-a.p: https://thue-gov.top,1,1,0,personal_number
[T0NG CUC THUE] Th0ng ba0 n-o.p p'h'a.t q-u'y-e.t t-o'a'n t-h'u'e n-a.m 2023. H-a.n c-h'o't h-o'm n-a'y. S-D-T: 0812345678,1,0,1,brandname
C-a.n.h S-a.t G-i.a.o T-h.o.n.g: P-h-a.t n-g-u-o-i v-i p-h'a.m t-o'c d-o. K-i-e'm t-r'a h-o s-o: https://phatnguoi.xyz,1,1,0,shortcode
B-o G-T-V-T: Th0ng ba0 x-u l-y v-i p-h'a.m g-i'a'o t'h'o'n'g. Q-u'y k-h'a'c'h v-u'i l-o'n'g l-i-e'n h-e: 0768912345,1,0,1,brandname
[VNe1D] B-o C.o.n.g A-n: T-a.i k-h-o'a'n VNeID c-u.a b-a.n c-a.n x-a.c t-h-u.c l-a.i. T-r-u.y c-a.p: https://vneid-gov.top,1,1,0,personal_number
T0NG CUC THUE: Hoan thue TNCN d-a d-u.o.c x-u l-y. Tax refund successful. Cl1ck: https://dichvucong.top,1,1,0,brandname
B-o G.T.V.T t'h-o.n.g b'a'o: B-a.n c0 1 b-i-e.n l-a.i c-h-u'a t-h'a'n'h t-o'a'n. V-u.i l-o'n'g LH: 0933445566,1,0,1,shortcode
[T0NG CUC THUE] Th-o.n.g b-a.o: H-o s-o h-o'a'n t-h'u'e c-u.a b-a.n b-i t-u c-h'o'i. K-i-e'm t-r'a n-g'a'y: https://hoanthue-tncn.vip,1,1,0,brandname
C'S'G'T: He thong ghi n-h'a.n v-i p-h'a.m l-u-a.t g-i'a'o t'h'o'n'g. V-u.i l-o'n'g t-r-u.y c-a.p: https://phatnguoi-gov.xyz,1,1,0,shortcode
B-o C0ng An: C'a'n'h b'a'o t-a.i k-h-o'a'n d-i'n'h d-a'n'h b-i x-a'm n-h-a.p. X-a.c t-h-u.c: https://vnta-gov.cc,1,1,0,brandname
T0NG CUC THUE: B-a.n c-o k-h-o'a'n n-o.p p'h'a.t c-h-u-a h-o'a'n t-h'a'n'h. L-i-e.n h-e: 0899776655,1,0,1,personal_number
[C-S-G-T] Th0ng ba0 v-i p-h'a.m h-a.n'h c-h'i'n'h g-i'a'o t'h'o'n'g. T-r-a c-u'u t-a.i: https://dichvucongs.top,1,1,0,brandname
B-o G-T-V-T: H-o s-o v-i p-h'a.m g-i'a'o t'h'o'n'g d-a d-u.o.c g-u'i v-e d-i.a c-h'i. LH: 0777223344,1,0,1,shortcode
[VNe1D] Th0ng ba0: B-a.n c-a.n h-o'a'n t-h'e'm t-h'o'n'g t-i'n c-u'u t-r-u. Link: https://vneid-v1p.xyz,1,1,0,brandname
T0NG CUC THUE: C-a.n'h b-a.o x-u p-h'a.t t-h'u'e d-o n-o.p t-r-e. V-u.i l-o'n'g t-r-u.y c-a.p: https://thue-gov.xyz,1,1,0,shortcode
C-a.n.h S-a.t G-i.a.o T-h.o.n.g: B-a.n b-i p-h'a.t n-g'u-o'i d-o v-i p-h'a.m t-i'n h-i-e.u. LH: 0988112233,1,0,1,brandname
[T0NG CUC THUE] He thong x-a'c n-h'a.n b-a.n d-u d-i-e.u k-i-e.n h-o'a'n t-h'u'e. N-h'a.n: https://hoanthue-tncn.vip,1,1,0,personal_number
B-o C0ng An: T-a.i k-h-o'a'n d-i'n'h d-a'n'h d-i-e.n t-u b-i l-o'i. Y-e.u c-a.u x-a.c t-h-u.c: https://vneid-gov.cc,1,1,0,brandname
T0NG CUC THUE: Th0ng ba0 n-o.p p'h'a.t t-h'u'e TNCN. Tax payment alert. S-D-T: 0822334455,1,0,1,shortcode
C'S'G'T: V-i p-h'a.m g-i'a'o t'h'o'n'g m-u'c d-o n-g-h-i-e.m t-r-o'n'g. T-r-a c-u'u: https://dichvucong.top,1,1,0,brandname
[T0NG CUC THUE] Th-o.n.g b-a.o: M-a s-o t-h'u'e c-u.a b-a.n c-o d-a'u h-i-e.u g-i-a m-a.o. LH: 0911556677,1,0,1,personal_number
B-o G-T-V-T: Th0ng ba0 t-u.o.c g-i-a'y p-h-e'p l-a'i x-e d-o p-h'a.t n-g'u-o'i. Link: https://phatnguoi.xyz,1,1,0,brandname
[VNe1D] B-o C.o.n.g A-n: C-a.p n-h'a.t d-u l-i-e.u d-a'n c-u k-h-a'n c-a.p. T-r-u.y c-a.p: https://vnta-gov.cc,1,1,0,shortcode
T0NG CUC THUE: Quy k-h'a'c'h c-o k-h-o'a'n h-o'a'n t-h'u'e c-h-u'a n-h'a.n. Cl1ck: https://hoanthue-tncn.top,1,1,0,brandname
C-a.n.h S-a.t G-i.a.o T-h.o.n.g: O-n.g/B-a v-i p-h'a.m l-u-a.t t-a.i d-i-e.m d-e.n. LH: 0944667788,1,0,1,personal_number
[T0NG CUC THUE] C-a.n'h b-a.o: H-o s-o t-h'u'e c-o t-i'n'h t-r-a.n.g n-o n-g-h-i-e.p. Link: https://thue-gov.vip,1,1,0,brandname
B-o C0ng An: Th0ng ba0 x-a.c t-h-u.c l-a.i CCCD g-a.n c-h-i'p. T-r-u.y c-a.p n-g'a'y: https://vneid-gov.top,1,1,0,shortcode
T0NG CUC THUE: Th-o.n.g b-a.o x-u l-y v-i p-h'a.m t-h'u'e n-a.m 2024. S-D-T: 0855223344,1,0,1,brandname
[C-S-G-T] Th0ng ba0 v-e k-h-o'a'n n-o.p p'h'a.t g-i'a'o t'h'o'n'g q-u'a h-a.n. Link: https://phatnguoi.xyz,1,1,0,personal_number
B-o G-T-V-T: H-o s-o v-i p-h'a.m g-i'a'o t'h'o'n'g c-u.a b-a.n d-a d-u.o.c c-a.p n-h'a.t. LH: 0799887766,1,0,1,brandname
[VNe1D] C-a.n'h b-a.o: T-a.i k-h-o'a'n c-u.a b-a.n s-e b-i k-h'o'a s-a.u 24h. X-a.c t-h-u.c: https://vnta-gov.cc,1,1,0,shortcode
T0NG CUC THUE: He thong th0ng ba0 b-a.n d-a d-u.o.c h-o'a'n t-h'u'e 2.5tr. N-h'a.n: https://hoanthue.vip,1,1,0,brandname
[T0NG CUC THUE] Th-o.n.g b-a.o x-u p-h'a.t d-o t-h-i-e.u h-o s-o k-e k-h'a'i. Link: https://thue-gov.top,1,1,0,personal_number
C'S'G'T: Th0ng ba0 b-i-e.n l-a.i p-h'a.t n-g'u-o'i s-o 882/GT. V-u.i l-o'n'g LH: 0888443322,1,0,1,brandname
B-o C0ng An: Y-e.u c-a.u x-a.c t-h-u.c d-i'n'h d-a'n'h d-e n-h'a.n t-r-o. c-a.p. https://vneid-v1p.xyz,1,1,0,shortcode
T0NG CUC THUE: Canh ba0 v1 p'h'a.m t-h'u'e n-g-h-i-e.m t-r-o'n.g. L-i-e.n h-e n-g'a'y: 0922445566,1,0,1,brandname
[C-S-G-T] Th0ng ba0 v-i p-h'a.m l-u-a.t g-i'a'o t'h'o'n'g n-g'a'y 20/05. Link: https://phatnguoi-gov.top,1,1,0,shortcode
[TPBANK] Tai khoan cua ban bj khoa do jao dich bat thuong. Vui l0ng xac thuc tai tpbank.vn-ib.top truoc 24h de mo lai.,1,1,0,brandname
[TPBANK] Th0ng b4o: Tai khoan bi tam khoa do chua xac thuc zanh tinh. Bam vao tpbank.vn-auth.vip de hoan tat truoc 2h chieu.,1,1,0,brandname
TPBank tran trong: Canh bao rui ro jao dich. Vui l0ng dang nhap tpbank.vn-sec.me truoc 20h de xac thuc thong tin.,1,1,0,brandname
"TPBank: Phat hien jao dich chuyen tien 50 trieu. Neu khong fai ban, bam tpbank.vn-warn.cc de huy jao dich ngay.",1,1,0,brandname
TPBank: Tai khoan cua ban bi de zoa bao mat. Vui long bam tpbank-check.online de wuyet dinh khoa tai khoan tam thoi.,1,1,0,brandname
[TPBANK] Canh bao! Tai khoan bi dang nhap fia Trung Quoc. Bam vao tpbank.vn-acc.top de bao mat lai jia dinh.,1,1,0,brandname
[TPBANK] Thong bao: Tai khoan se bi khoa vinh vien luc 22h. Vui long bam tpbank-update.vip de cap nhat zanh tinh.,1,1,0,brandname
"TPBank: Canh bao jao dich bat thuong 20tr dong. Neu khong fai ban, bam tpbank.vn-gate.top de wuyet dinh chan jao dich.",1,1,0,brandname
TPBank: Phat hien truy cap tu thiet bi la tai Nghe An. Bam tpbank.vn-security.vip de bao ve tai san ngay.,1,1,0,brandname
[TPBANK] Th0ng b4o: Tai khoan bj joi han jao dich. Vui l0ng bam tpbank.com-vn.cc de jia han han muc truoc 17h.,1,1,0,brandname
[TPBANK] Canh bao rui ro cao! Vui long xac thuc thong tin tai tpbank.vn-update.me truoc 21h de khong bi khoa.,1,1,0,brandname
TPBank: He thong fhat hien rui ro bao mat nghiem trong. Bam tpbank.vn-check.top de kiem tra jao dich.,1,1,0,brandname
"TPBank: Phat hien jao dich rut tien tai ATM. Neu khong fai ban, bam tpbank-cancel.vip de wuyet dinh huy bo.",1,1,0,brandname
[TPBANK] Tai khoan cua ban bj tam khoa do nghi ngo jao dich la. Bam tpbank.vn-sec.top de mo khoa ngay.,1,1,0,brandname
[TPBANK] Phat hien dang nhap tu trinh zuyet la. Bam tpbank.com-vn.me de xac nhan hoac huy bo jao dich.,1,1,0,brandname
TPBank: Tai khoan cua ban co nguy co bi xam nhap. Vui long bam tpbank.vn-protect.top de thay doi ma fjn.,1,1,0,brandname
TPBank: Tai khoan cua ban se bi khoa sau 30 fhut nua. Dang nhap tpbank.vn-update.top de jia han zjch vu.,1,1,0,brandname
[TPBANK] Thong bao fhat hien truy cap trai fhep. Vui l0ng bam tpbank-safe.cc de bao ve tai khoan cua ban.,1,1,0,brandname
"[TPBANK] Phat hien jao dich thanh toan quoc te 15tr. Neu khong fai ban, bam tpbank.vn-stop.vip de huy ngay.",1,1,0,brandname
TPBank: Tai khoan cua ban se bi ngung cung cap zjch vu luc 20h. Bam tpbank.vn-auth.top de tiep tuc.,1,1,0,brandname
TPBank: Phat hien jao dich rut tien bat thuong. Vui long bam tpbank.vn-guard.cc de bao mat tai san.,1,1,0,brandname
[TPBANK] Th0ng b4o: Tai khoan bi khoa do vi fam bao mat. Bam tpbank.vn-unlock.top de xac thuc lai.,1,1,0,brandname
[TPBANK] Phat hien jao dich thanh toan tai nuoc ngoai. Bam tpbank.vn-report.me de wuyet dinh huy jao dich.,1,1,0,brandname
TPBank: Canh bao! Tai khoan cua ban bi de zoa boi hacker. Bam tpbank.vn-sec.cc de kich hoat lop bao ve.,1,1,0,brandname
TPBank: He thong fhat hien jao dich bat thuong 30 trieu. Bam tpbank.vn-verify.top de wuyet dinh huy lenh.,1,1,0,brandname
[TPBANK] Canh bao bao mat! Tai khoan bi dang nhap vao 15h. Bam tpbank.vn-sec.vip de xac thuc zanh tinh.,1,1,0,brandname
"Th-a' t-i.m v-i-d-e-o k-i'e-m 1OOk-5OOk m-o~i n-g-a'y ch-i' v-o'i 1Op/n-g-a'y, kh-o'n-g c-a'n k-i'n-h n-g-h-i-e'm n-h-e'",1,0,0,personal_number
"jen:Qu.a;HangN l-a'm n-h-i-e'm v-u. T-e-l-e-g-r-a-m n-h-a'n l-u'o'n-g c-u-o'i n-g-a'y, t-r-u-y c-a'p: t.me/tORKiM_ki'emti'en",1,1,0,personal_number
A/c n-a'p v-o'n d-a'u t-u' v-a'o S-T-K O9988112233 N-H T-P-B T-K: CONG TY TNHH DAU TU TAI CHINH THINH PHAT,1,0,0,personal_number
"C-o'n-g v-i.e-c p-a-r-t t-i-m-e t-a'i n-h-a` k-i'e-m 5OOk ch-i' c-a'n d-i-e'n t-h-o-a'i, kh-o'n-g m-a't p-h-i' d-a'u.",1,0,0,personal_number
"j0in GR N'ha'nL-o'i n-h-a'n 2tr m-o~i n-g-a'y, G-i-a'o v-i-e'n h-u-o'n-g d-a'n 1 k-e'm 1: t.me/chuyenvien_tu_van01",1,1,0,personal_number
Ch-u-y-e'n k-h-o-a'n v-a'o S-T-K 1O22933445 N-H V-C-B T-K: CONG TY TNHH THUONG MAI DIEN TU BLUE n-h-a'n l-a'i n-h-a'n-h.,1,0,0,personal_number
C-h-i' c-a'n 15 p-h-u't m-o~i n-g-a'y th-a' t-i'm l-i'k-e clip l-a'm t-a'i n-h-a` n-h-a'n 3OOk t-i'e-n t-u'o'i.,1,0,0,personal_number
"k-i'e-m t-i'e-n t-h-u' d-o'ng c-u'n-g tORKiM m-o~i n-g-a'y, r-u't t-i'e-n l-i-e'n t-a'y: t.me/kiemtien_online_2024",1,1,0,personal_number
B-a'n h-a'y n-a'p t-i'e-n v-a'o S-T-K 88229911 N-H A-C-B T-K: CONG TY TNHH DAU TU VA PHAT TRIEN THANG LOI,1,0,0,personal_number
"L-a'm n-h-i-e'm v-u. b-i'n-h l-u-a'n s-a'n p-h-a'm n-h-a'n 2OOk/n-g-a'y, c-o'n-g v-i.e-c d-e~ d-a'n-g kh-o'n-g c-a'n v-o'n.",1,0,0,personal_number
"G-i-a'o v-i-e'n h-u-o'n-g d-a'n k-i'e-m 5OOk-2tr m-o~i n-g-a'y, k-e't n-o'i t-a'i: t.me/troly_shoppe_vn",1,1,0,personal_number
N-a'p v-o'n t-a'i k-h-o-a'n S-T-K 1199228833 N-H M-S-B T-K: CONG TY TNHH GIAO DICH TAI CHINH QUOC TE,1,0,0,personal_number
"M-i'nh c-a'n 5O b-a'n th-a' t-i'm clip t-i'k-t-o-k n-h-a'n 1OOk/n-g-a'y, t-r-a' l-u'o'n-g 2Oh h-a'n-g n-g-a'y.",1,0,0,personal_number
"jen:Qu.a;HangN t-a'i n-h-a` k-i'e-m t-i'e-n t-h-u' d-o'ng, k-i'e-m 1tr r-a't d-e~ d-a'n-g: t.me/thu_nhap_tai_nha_O1",1,1,0,personal_number
A/c v-u'i l-o'n-g n-a'p t-i'e-n v-a'o S-T-K 4455667788 N-H B-I-D-V T-K: CONG TY TNHH DAU TU BAT DONG SAN ECO,1,0,0,personal_number
"K-i'e-m t-i'e-n kh-o'n-g c-a'n v-o'n ch-i' c-a'n th-a' t-i'm t-u'o'n-g t-a'c clip, n-h-a'n 15O-3OOk m-o~i n-g-a'y.",1,0,0,personal_number
"j0in GR N'ha'nL-o'i n-h-a'n n-h-i-e'm v-u. k-i'e-m 5tr/t-u-a'n, l-u'o'n-g v-e' s-a'u 5p: t.me/nhiemvu_tiktok_v",1,1,0,personal_number
Ch-u-y-e'n k-h-o-a'n d-a'u t-u' S-T-K 33445566 N-H V-I-P-B-A-N-K T-K: CONG TY TNHH GIAI PHAP TAI CHINH SO,1,0,0,personal_number
"Ch-a'o b-a.n, m-i'nh l-a' Ch-u-y-e'n v-i-e'n h-o~ t-r-o', b-a'n m-u-o'n k-i'e-m 2OOk/n-g-a'y th-a' t-i'm clip kh-o'n-g?",1,0,0,personal_number
G-i-a'o v-i-e'n d-a'y k-i'e-m t-i'e-n t-h-u' d-o'ng 5OOk ch-i' v-o'i 1Op n-h-a'n l-u'o'n-g l-u-o'n: t.me/gv_huongdan_online,1,1,0,personal_number
N-a'p t-i'e-n v-a'o S-T-K OOO9228811 N-H O-C-B T-K: CONG TY TNHH DAU TU VA THUONG MAI GLOBAL,1,0,0,personal_number
"Th-a' t-i'm clip y-o-u-t-u-b-e n-h-a'n 2OOk/n-g-a'y, kh-o'n-g c-a'n v-o'n, kh-o'n-g k-i'n-h n-g-h-i-e'm n-h-e' b-a'n.",1,0,0,personal_number
j0in GR tORKiM d-e' n-h-a'n n-h-i-e'm v-u. d-a'u t-u' l-a'i c-a-o 3O% m-o~i n-g-a'y: t.me/group_dautu_thongminh,1,1,0,personal_number
A/c chuy-e'n v-o'n v-a'o S-T-K 7711228833 N-H H-D-B-A-N-K T-K: CONG TY TNHH DV TAI CHINH MINH ANH,1,0,0,personal_number
"L-a'm t-a'i n-h-a` n-h-a'n 3OOk/n-g-a'y ch-i' v-o'i 2Op th-a' t-i'm clip, r-u't t-i'e-n 2Oh h-a'n-g n-g-a'y.",1,0,0,personal_number
jen:Qu.a;HangN n-h-a'n t-i'e-n t-h-u' d-o'ng 1tr/n-g-a'y c-u'n-g ch-u-y-e'n g-i-a: t.me/kiem_tien_nhanh_O1,1,1,0,personal_number
N-a'p v-o'n t-h-u' l-e'n-h S-T-K 5566778811 N-H S-A-C-O-M-B-A-N-K T-K: CONG TY TNHH DAU TU PHAT TRIEN NAM VIET,1,0,0,personal_number
C-o'n-g v-i.e-c nh-e' nh-a'ng th-a' t-i.m l-i'k-e clip k-i'e-m 1OOk-5OOk/n-g-a'y kh-o'n-g c-a'n c-o'c p-h-i'.,1,0,0,personal_number
"G-i-a'o v-i-e'n h-u-o'n-g d-a'n k-i'e-m t-i'e-n r-a'n-h r-o~i 2tr/n-g-a'y, i-n-b-o-x n-g-a'y: t.me/troly_kiemtien_24h",1,1,0,personal_number
Ch-u-y-e'n t-i'e-n d-a'u t-u' S-T-K 2233441199 N-H V-I-E-T-I-N-B-A-N-K T-K: CONG TY TNHH TAI CHINH THAIPHU,1,0,0,personal_number
"Th-a' t-i'm clip th-u' n-h-a'p 3OOk/n-g-a'y, c-o'n-g v-i.e-c l-a'm t-a'i n-h-a` r-a't d-e~ d-a'n-g n-h-e'",1,0,0,personal_number
"j0in GR N'ha'nL-o'i d-e' n-h-a'n 5OOk t-i'e-n m-a't m-o~i n-g-a'y, kh-o'n-g v-o'n: t.me/group_kiemtien_free_24",1,1,0,personal_number
A/c n-a'p t-i'e-n v-a'o S-T-K 9988771122 N-H S-H-B T-K: CONG TY TNHH THUONG MAI VA DAU TU TRUNG KIEN,1,0,0,personal_number
"C-a'n 2O b-a'n l-a'm n-h-i-e'm v-u. b-i'n-h l-u-a'n t-i'k-t-o-k, n-h-a'n 2OOk/n-g-a'y ch-i' v-o'i 15 p-h-u't.",1,0,0,personal_number
"tORKiM h-u-o'n-g d-a'n k-i'e-m 2tr m-o~i n-g-a'y ch-i' c-a'n s-m-a-r-t-p-h-o-n-e, j-o-i-n n-g-a'y: t.me/kiemtien_online_O2",1,1,0,personal_number
N-a'p v-o'n d-a'u t-u' S-T-K 44332211OO N-H L-P-B-A-N-K T-K: CONG TY TNHH DAU TU VA XAY DUNG PHUONG NAM,1,0,0,personal_number
"K-i'e-m 3OOk/n-g-a'y th-a' t-i'm clip r-a't d-e~, kh-o'n-g c-a'n v-o'n, kh-o'n-g k-i'n-h n-g-h-i-e'm l-a'm t-a'i n-h-a`.",1,0,0,personal_number
"jen:Qu.a;HangN n-h-a'n l-u'o'n-g k-h-u'n-g 5tr/t-u-a'n, h-u-o'n-g d-a'n m-i'e-n p-h-i' t-a'i: t.me/nhom_kiemtien_shoppe",1,1,0,personal_number
B-a'n ch-u-y-e'n k-h-o-a'n v-a'o S-T-K OOO111222333 N-H P-V-C-O-M-B-A-N-K T-K: CONG TY TNHH DAU TU TAI CHINH AN BINH,1,0,0,personal_number
"Th-a' t-i'm d-a'o d-e' k-i'e-m 1OOk-5OOk/n-g-a'y, kh-o'n-g c-a'n v-o'n, r-u't t-i'e-n t-h-a't n-h-a'n-h n-h-e' b-a'n.",1,0,0,personal_number
S.v n.g.o.n. m.o.i. l.e.n. H.C.M. c.a.n. t.i.e.n. t.r.o. f.h.u. v.u. n.h.i.e.t. t.i.n.h. L.H. T.e.l.e: https://t.me/em_ut_hcm_99 QwE1,1,1,0,personal_number
G4j xjh sjnh vj3n jao luu tjn h m0t d3m k0 r4ng bu0c t4j HN. K3t b4n Z4l0 n3: https://zalo.me/g/hanoi_dem_nay rTy8,1,1,0,personal_number
C.o. e.m. g.a.i. m.u.a. h.e. m.o.i. l.o.n. c.a.n. a.n.h. t.r.a.i. n.u.o.i. t.a.i. S.G. T.e.l.e.g.r.a.m: https://bit.ly/sg_baby_2k5 mNb3,1,1,0,personal_number
"Tjm b4n tjn h kjn d40 k0 r4ng bu0c t4j HN. E fhu vu h3t mjnh, b0dy c7c fhej. Add Z4lo: https://zalo.me/g/hn_dating_vip KpS9",1,1,0,personal_number
H.e.n. h.o. k.i.n. d.a.o. c.u.n.g. s.i.n.h. v.i.e.n. d.a. n.g.o.n. b.o.d.y. c.h.u.a.n. t.a.i. H.C.M. Z.a.l.o: https://t.ly/hcm_party_girl vBv4,1,1,0,personal_number
Fhu vu t4n n0j k0 fhej k0 l4y tj3n. E 2k4 m0j l3n S4j G0n c4n tjn h c4m. T3l3gr4m n3: https://t.me/be_nhi_2k4 dFf5,1,1,0,personal_number
G.a.i. g.o.i. c.a.o. c.a.p. H.N. f.h.u. v.u. n.h.i.e.t. t.i.n.h. k.0. l.a.m. a.n.h. t.h.a.t. v.o.n.g. L.H. T.e.l.e: https://bit.ly/hanoi_beauty_99 zAs2,1,1,0,personal_number
K3t b4n jao luu tjn h c4m kjn d40 t4j HCM. E d4ng r4nh mu0n tjm a t4m s7. Click Z4lo: https://zalo.me/g/ban_tinh_sg gHj3,1,1,0,personal_number
S.i.n.h. v.i.e.e.n. t.i.m. a.n.h. t.r.a.i. h.o. t.r.o. t.i.e.n. h.o.c. f.h.u. v.u. t.o.i. b.e.n. H.N. T.e.l.e: https://t.me/sv_hanoi_k4 xCv7,1,1,0,personal_number
E d4ng 0 HN c4n tjm ngu0j jao luu d3m n4y. B0dy ng0n cam k3t hjh th4t. Add Z4lo: https://bit.ly/hn_dem_muon bNm1,1,1,0,personal_number
H.e.n. h.o. m.o.t. d.e.m. k.o. r.a.n.g. b.u.o.c. t.a.i. H.C.M. E.m. s.v. n.g.o.n. l.a.m. n.h.e. T.e.l.e: https://t.ly/sg_dem_say kLo9,1,1,0,personal_number
"Jao luu kjn d40 t4j HCM, fhu vu t4n n0j. E 2k3 b0dy cuc wuyen ru, xem hjh t4j Z4lo: https://zalo.me/g/hcm_girl_vip pOi2",1,1,0,personal_number
C.a.n. t.i.m. d.o.i. t.a.c. j.a.o. l.u.u. t.a.i. H.N. e.m. x.i.n.h. t.u.o.i. n.h.i.e.t. t.i.n.h. K.e.t. b.a.n. T.e.l.e: https://t.me/hn_teen_top mJu4,1,1,0,personal_number
"Em 20t ng0n b0dy chu4n, s4n s4ng fhu vu wua d3m t4j HCM. LH nh4n hjh & b4ng j4 Z4lo: https://bit.ly/sg_hot_2k nBv5",1,1,0,personal_number
G.a.i. x.i.n.h. s.i.n.h. v.i.e.n. n.h.a.n. f.h.u. v.u. t.a.i. n.h.a. H.C.M. k.o. h.a.y. k.o. l.a.y. t.i.e.n. T.e.l.e: https://t.me/hcm_sv_ngon rEd3,1,1,0,personal_number
K3t b4n jao luu tjn h m0t d3m t4j HN. E d4ng c0 d0n mu0n tjm a t4m s7 d3m n4y. Z4lo n3: https://zalo.me/g/hn_sad_night tYh1,1,1,0,personal_number
B.o.d.y. n.g.o.n. f.h.u. v.u. n.h.i.e.t. t.i.n.h. t.a.i. H.C.M. K.h.o.n.g. f.h.e.i. k.h.o.n.g. l.a.y. t.i.e.n. L.H. T.e.l.e: https://t.ly/sg_vip_girl yUi8,1,1,0,personal_number
E 2k5 m0j l3n HN c4n tjm ngu0j jao luu kjn d40. b0dy c7c xjh. Xem hjh t4j Z4lo: https://bit.ly/hn_baby_xinh hGj6,1,1,0,personal_number
T.i.m. a.n.h. t.r.a.i. t.a.m. s.u. d.e.m. k.h.u.y.a. t.a.i. H.C.M. E.m. n.h.i.e.t. t.i.n.h. h.e.t. m.i.n.h. T.e.l.e: https://t.me/sg_night_call fDs3,1,1,0,personal_number
"J4o luu kjn d40 t4j HN, s4n s4ng fhu vu a h3t mjnh. E m0j 19t d4 tr4ng b0dy ng0n. Z4lo: https://zalo.me/g/hn_19t_hot vCx2",1,1,0,personal_number
G.a.i. s.i.n.h. v.i.e.n. n.g.o.n. h.e.t. n.u.o.c. c.h.a.m. f.h.u. v.u. t.a.i. H.N. k.e.t. b.a.n. n.h.a.n. h.i.n.h. T.e.l.e: https://bit.ly/hn_sv_vip qWe5,1,1,0,personal_number
E d4ng 0 HCM mu0n tjm a jao luu tjn h m0t d3m. B0dy chu4n 3 v0ng cuc fhej. Add Z4lo: https://t.ly/hcm_party_night aSd4,1,1,0,personal_number
H.e.n. h.o. k.i.n. d.a.o. c.h.o. a.n.h. e.m. t.a.i. H.N. E.m. x.i.n.h. n.h.u. m.a.u. f.h.u. v.u. t.a.n. n.o.i. T.e.l.e: https://t.me/hn_model_68 zXc1,1,1,0,personal_number
C4n tjm d0j t4c jao luu tjn h c4m t4j HCM. E 2k2 ng0n b0dy chu4n d3n t4n n0j. Add Z4lo: https://zalo.me/g/hcm_vip_2k2 rFv9,1,1,0,personal_number
S.i.n.h. v.i.e.n. f.h.u. v.u. t.a.i. n.h.a. H.N. d.a. t.r.a.n.g. b.o.d.y. n.u.o.t. n.a. K.e.t. b.a.n. T.e.l.e: https://bit.ly/hn_sv_ngon_1 tGb8,1,1,0,personal_number
"J4o luu kjn d40 t4j HCM, fhu vu n.h.i.e.t t.i.n.h k0 l4m a th4t v0ng. Click nh4n hjh Z4lo: https://t.ly/sg_beauty_night yHn3",1,1,0,personal_number
T.i.m. b.a.n. t.i.n.h. m.o.t. d.e.m. k.o. r.a.n.g. b.u.o.c. t.a.i. H.C.M. E.m. s.v. c.u.c. n.g.o.n. T.e.l.e.g.r.a.m: https://t.me/sg_sv_club uJm2,1,1,0,personal_number
E 2k4 HN d4 tr4ng b0dy ng0n c4n tjm ngu0j jao luu d3m n4y. k0 fhej k0 l4y tj3n. Z4lo: https://zalo.me/g/hn_2k4_vip iOl5,1,1,0,personal_number
G.a.i. g.o.i. H.C.M. f.h.u. v.u. t.u. a. d.e.n. z. n.h.i.e.t. t.i.n.h. b.o.d.y. c.h.u.a.n. K.e.t. b.a.n. T.e.l.e: https://bit.ly/sg_gai_xinh_9x pLk7,1,1,0,personal_number
"J4o luu tjn h m0t d3m t4j HN, e 2k3 b0dy cuc wuyen ru. LH nh4n hjh & b4ng j4 Z4lo: https://t.ly/hn_hot_girl mHj1",1,1,0,personal_number
H.e.n. h.o. s.i.n.h. v.i.e.n. k.i.n. d.a.o. t.a.i. H.C.M. d.a. t.r.a.n.g. m.a.t. x.i.n.h. b.o.d.y. n.g.o.n. T.e.l.e: https://t.me/hcm_sv_teen bVf4,1,1,0,personal_number
"C4n tjm a t4m s7 kjn d40 t4j HN. E fhu vu h3t mjnh, b0dy c7c fhej. Add Z4lo n3: https://zalo.me/g/hn_tinh_dem cDx9",1,1,0,personal_number
B.o.d.y. c.u.c. f.h.e.i. f.h.u. v.u. t.a.n. n.o.i. t.a.i. H.C.M. K.h.o.n.g. n.g.o.n. k.h.o.n.g. l.a.y. t.i.e.n. T.e.l.e: https://bit.ly/sg_vip_girl_99 xSw2,1,1,0,personal_number
"J4o luu kjn d40 t4j HN, s4n s4ng fhu vu a h3t mjnh. E m0j 20t d4 tr4ng b0dy ng0n. Z4lo: https://t.ly/hn_20t_hot vFr8",1,1,0,personal_number
G.a.i. s.i.n.h. v.i.e.n. H.C.M. f.h.u. v.u. n.h.i.e.t. t.i.n.h. b.o.d.y. n.g.o.n. K.e.t. b.a.n. n.h.a.n. h.i.n.h. T.e.l.e: https://t.me/sg_sv_vip_88 nHy4,1,1,0,personal_number
E d4ng 0 HN mu0n tjm a jao luu tjn h m0t d3m. B0dy chu4n 3 v0ng cuc fhej. Add Z4lo: https://zalo.me/g/hn_party_night mJu6,1,1,0,personal_number
H.e.n. h.o. k.i.n. d.a.o. c.h.o. a.n.h. e.m. t.a.i. H.C.M. E.m. x.i.n.h. n.h.u. m.a.u. f.h.u. v.u. t.a.n. n.o.i. T.e.l.e: https://bit.ly/sg_model_88 kLo3,1,1,0,personal_number
C4n tjm d0j t4c jao luu tjn h c4m t4j HN. E 2k1 ng0n b0dy chu4n d3n t4n n0j. Add Z4lo: https://t.ly/hn_vip_2k1 pOi7,1,1,0,personal_number
S.i.n.h. v.i.e.n. f.h.u. v.u. t.a.i. n.h.a. H.C.M. d.a. t.r.a.n.g. b.o.d.y. n.u.o.t. n.a. K.e.t. b.a.n. T.e.l.e: https://t.me/sg_sv_ngon_99 vCx5,1,1,0,personal_number
"J4o luu kjn d40 t4j HN, fhu vu n.h.i.e.t t.i.n.h k0 l4m a th4t v0ng. Click nh4n hjh Z4lo: https://zalo.me/g/hn_beauty_night zAs4",1,1,0,personal_number
